{
"type": "FeatureCollection",
"name": "ESBoundaries2526",
"crs": { "type": "name", "properties": { "name": "urn:ogc:def:crs:OGC:1.3:CRS84" } },
"features": [
{ "type": "Feature", "properties": { "NAME": "EUGENE FIELD", "ID": 261 }, "geometry": { "type": "Polygon", "coordinates": [ [ [ -106.639076445813515, 35.065826499947718 ], [ -106.639444190260576, 35.065775290737506 ], [ -106.64057989417276, 35.065759287257549 ], [ -106.641767328299551, 35.065724895747273 ], [ -106.642962446795977, 35.065708949385588 ], [ -106.64418707767544, 35.065680633730146 ], [ -106.645444879486632, 35.065686186094673 ], [ -106.649058787014098, 35.065783166926032 ], [ -106.650506932635224, 35.065777664651463 ], [ -106.649391670670511, 35.071546963717161 ], [ -106.647753089713788, 35.080021951144005 ], [ -106.647739221458124, 35.08009367216895 ], [ -106.647477751641404, 35.081445868019955 ], [ -106.647069141939923, 35.083553523410878 ], [ -106.646982118373302, 35.084004634418484 ], [ -106.645882895488825, 35.083821534937172 ], [ -106.64462782215513, 35.083651537763053 ], [ -106.643375694887567, 35.083491074334411 ], [ -106.642190385524259, 35.08334273360628 ], [ -106.640998029196055, 35.08317628296308 ], [ -106.639805134343405, 35.083009732160498 ], [ -106.638619929092769, 35.082861355239402 ], [ -106.637383214399506, 35.082780206686039 ], [ -106.636549937945802, 35.082678669216769 ], [ -106.636971937752705, 35.08090666831685 ], [ -106.63747193697867, 35.077706668409562 ], [ -106.638334875555628, 35.077143756722492 ], [ -106.639275162419324, 35.076034642284291 ], [ -106.639976327528316, 35.074915043901797 ], [ -106.6400355001512, 35.073217664280932 ], [ -106.640039599389681, 35.07309470606144 ], [ -106.6400427667934, 35.073032398974732 ], [ -106.640075436921734, 35.072174666896792 ], [ -106.639985125606458, 35.071738932120063 ], [ -106.639275437233735, 35.068314666978175 ], [ -106.639076445813515, 35.065826499947718 ] ] ] } },
{ "type": "Feature", "properties": { "NAME": "GOV. BENT", "ID": 230 }, "geometry": { "type": "Polygon", "coordinates": [ [ [ -106.57658592942127, 35.145369681540593 ], [ -106.574370858595003, 35.145337366562849 ], [ -106.572069047896747, 35.145343506293663 ], [ -106.570216355139451, 35.14533000244591 ], [ -106.566389990385773, 35.145302132242456 ], [ -106.566834385508429, 35.144274518089162 ], [ -106.567490468206771, 35.142761118234922 ], [ -106.568461322344703, 35.139167137800321 ], [ -106.568659503903433, 35.138402100306884 ], [ -106.568671706967933, 35.130759874160191 ], [ -106.568838265336851, 35.119433331515573 ], [ -106.568882062416108, 35.119438563714951 ], [ -106.569814347383826, 35.119549943720259 ], [ -106.570625626618408, 35.119639847702906 ], [ -106.571483069840738, 35.119778396834221 ], [ -106.572000926000499, 35.119827678424933 ], [ -106.572248126758552, 35.119803501737856 ], [ -106.573328225838537, 35.119583895935435 ], [ -106.573711766294252, 35.11951117626954 ], [ -106.573914695159658, 35.119484783256127 ], [ -106.574068120195847, 35.119507434995008 ], [ -106.574396196584871, 35.119570403612379 ], [ -106.574668244980657, 35.119749791471577 ], [ -106.574729474173907, 35.119668831305852 ], [ -106.575169574316462, 35.11925842879689 ], [ -106.575434291291486, 35.119249132065057 ], [ -106.575432885062909, 35.119617230740658 ], [ -106.575718522012679, 35.119624967827797 ], [ -106.575893259988106, 35.119707208991855 ], [ -106.575991013019532, 35.119560242205139 ], [ -106.575988821175002, 35.11935153875762 ], [ -106.576645587619581, 35.119358013583678 ], [ -106.576836635800333, 35.119362760375459 ], [ -106.577489975986481, 35.119360996996555 ], [ -106.577610856844686, 35.11936209824885 ], [ -106.577778885352842, 35.119363628093041 ], [ -106.578470011171234, 35.119364439967605 ], [ -106.578653009576243, 35.119368582806572 ], [ -106.579331705718843, 35.119370409655083 ], [ -106.579516041722115, 35.119369138851397 ], [ -106.580188980777024, 35.119369496367469 ], [ -106.580377573382577, 35.119371969004391 ], [ -106.581062410319888, 35.119369216196581 ], [ -106.581231224180456, 35.119370141447874 ], [ -106.581703440446304, 35.119373650384141 ], [ -106.581697747341835, 35.119631576448029 ], [ -106.581862580746829, 35.119632084422953 ], [ -106.582038211065864, 35.119635298501862 ], [ -106.582183449959885, 35.119641558684847 ], [ -106.582339296990881, 35.119646717784555 ], [ -106.582334517975141, 35.119371729802708 ], [ -106.582567934831786, 35.119373342348254 ], [ -106.582573116485534, 35.119645705090733 ], [ -106.582867871159763, 35.119647735595045 ], [ -106.583034055485072, 35.119706011343538 ], [ -106.5831598084051, 35.119721987443299 ], [ -106.583289792425646, 35.119932842717752 ], [ -106.583306873104377, 35.120176177518431 ], [ -106.583499044348201, 35.120156042394669 ], [ -106.58376376181711, 35.120182450152363 ], [ -106.584188350353742, 35.120155856690701 ], [ -106.584471779474001, 35.120155074943781 ], [ -106.584585697130137, 35.12018011024518 ], [ -106.585444523011006, 35.120156172999593 ], [ -106.586398805320641, 35.120183518750885 ], [ -106.586443605843016, 35.120180540417834 ], [ -106.586431874101152, 35.120504235188996 ], [ -106.586419954137597, 35.12083313904521 ], [ -106.586437336809709, 35.121100643995128 ], [ -106.586447071028871, 35.123290054860433 ], [ -106.58646070722574, 35.123707977937862 ], [ -106.586487379947812, 35.124201546026349 ], [ -106.586476623145316, 35.124903233847739 ], [ -106.586472088285589, 35.125145454289544 ], [ -106.58648847598036, 35.127215281462682 ], [ -106.58649554118054, 35.127450585238648 ], [ -106.586499302992721, 35.128075967957955 ], [ -106.586502046075751, 35.128929009948109 ], [ -106.586501879992525, 35.12904067833648 ], [ -106.586501800721052, 35.129093694589152 ], [ -106.586501341153934, 35.129175095828899 ], [ -106.58648949823899, 35.130531994433397 ], [ -106.586484325081685, 35.130615079125342 ], [ -106.586446011042653, 35.130954890230385 ], [ -106.586472486029393, 35.131616880475363 ], [ -106.586460425521977, 35.133665759033434 ], [ -106.586458787516918, 35.133695440168729 ], [ -106.586413301612296, 35.134133574865679 ], [ -106.586375430747495, 35.134384679295437 ], [ -106.586416681122031, 35.135794686020496 ], [ -106.586415239836015, 35.138590710485225 ], [ -106.58644636048254, 35.140576890128081 ], [ -106.586468514441961, 35.141990700225662 ], [ -106.586456093967058, 35.1421449182589 ], [ -106.586433908116533, 35.143018094601118 ], [ -106.586463694577304, 35.143369458195963 ], [ -106.586465028050043, 35.143568680612596 ], [ -106.586473976511343, 35.14490541330327 ], [ -106.586438177017655, 35.145935101079054 ], [ -106.586449082073486, 35.146821874369358 ], [ -106.586442975075315, 35.147287353260928 ], [ -106.58640265828457, 35.148040523667554 ], [ -106.586358568764439, 35.148041829661494 ], [ -106.585772748967614, 35.148088892714249 ], [ -106.585186931173993, 35.148065681574003 ], [ -106.584092973790916, 35.147876536883643 ], [ -106.583649860585439, 35.1477792657614 ], [ -106.583153615552675, 35.147618399621919 ], [ -106.582610626786305, 35.147370526826847 ], [ -106.582121089029314, 35.147176507154079 ], [ -106.57944784426796, 35.145935631611223 ], [ -106.578740204005953, 35.145685123955921 ], [ -106.577971930086164, 35.145481681265103 ], [ -106.577276325853788, 35.145387522698044 ], [ -106.57658592942127, 35.145369681540593 ] ] ] } },
{ "type": "Feature", "properties": { "NAME": "COMANCHE", "ID": 241 }, "geometry": { "type": "Polygon", "coordinates": [ [ [ -106.559095876199734, 35.138426906420378 ], [ -106.556764911724173, 35.137660843860381 ], [ -106.55619304864841, 35.137519909828178 ], [ -106.555510709536421, 35.137438635493638 ], [ -106.555441204006144, 35.13742834847762 ], [ -106.555409553218055, 35.137426795721431 ], [ -106.555200233785015, 35.137429539713196 ], [ -106.552740026914265, 35.137461988642045 ], [ -106.551070476913566, 35.137483981194499 ], [ -106.551039880037251, 35.136476125307738 ], [ -106.551002817564481, 35.13237248300041 ], [ -106.551002675872581, 35.130699339998877 ], [ -106.551007365591659, 35.130076109022035 ], [ -106.55101608524086, 35.127502319547958 ], [ -106.551020430329956, 35.12676458052961 ], [ -106.550989398028904, 35.125168304591767 ], [ -106.550983779236887, 35.123567276672148 ], [ -106.550983503919156, 35.121721016850223 ], [ -106.550946893205719, 35.120009717372753 ], [ -106.550940516767781, 35.119235581806841 ], [ -106.550925112651214, 35.118442446115786 ], [ -106.550922600693795, 35.116453650863974 ], [ -106.550922541776146, 35.116406596108071 ], [ -106.55217119249356, 35.116426841188691 ], [ -106.553111653649864, 35.116463917317418 ], [ -106.553267620387828, 35.116430340262198 ], [ -106.55402307520805, 35.116435631590363 ], [ -106.554368153363981, 35.116427564836151 ], [ -106.554959131674366, 35.116421572266034 ], [ -106.555471419021174, 35.116412721019728 ], [ -106.556574414775241, 35.116422005124591 ], [ -106.557676230949284, 35.116419213546891 ], [ -106.558784197213456, 35.116416396288201 ], [ -106.559887733605166, 35.116427276887478 ], [ -106.562241413649332, 35.116411597855027 ], [ -106.563368459863725, 35.116451692404205 ], [ -106.564494896673381, 35.116427138550598 ], [ -106.565101859189554, 35.116444928208644 ], [ -106.565290313774867, 35.11644844514268 ], [ -106.56609468757074, 35.116431025638676 ], [ -106.567774437497505, 35.116435084076244 ], [ -106.568916389267272, 35.116421356931937 ], [ -106.568838265336851, 35.119433331515573 ], [ -106.568671706967933, 35.130759874160191 ], [ -106.568659503903433, 35.138402100306884 ], [ -106.566940932967128, 35.138417362260796 ], [ -106.566912409504042, 35.138411371909825 ], [ -106.566780236898637, 35.138383613921299 ], [ -106.566721229454629, 35.138370335667616 ], [ -106.566197810859805, 35.138234052204503 ], [ -106.565636631633055, 35.138088304064382 ], [ -106.565205088151771, 35.138033123689503 ], [ -106.565017319692046, 35.138009540542939 ], [ -106.564954073312592, 35.138001597301844 ], [ -106.564456793964638, 35.138049632373466 ], [ -106.56441285682078, 35.138053876810702 ], [ -106.564352007993008, 35.138078697395137 ], [ -106.563040934871779, 35.138343846565895 ], [ -106.563010360658083, 35.13834787929234 ], [ -106.562345690211004, 35.138435549150991 ], [ -106.562268674887576, 35.138444575510654 ], [ -106.559891366091335, 35.138477602392541 ], [ -106.559095876199734, 35.138426906420378 ] ] ] } },
{ "type": "Feature", "properties": { "NAME": "SOMBRA DEL MONTE", "ID": 357 }, "geometry": { "type": "Polygon", "coordinates": [ [ [ -106.54739833726822, 35.130682881951458 ], [ -106.546126244219337, 35.130652166219292 ], [ -106.545274706220397, 35.130669913706399 ], [ -106.545063132812288, 35.130674322337732 ], [ -106.542182663103205, 35.130655065808476 ], [ -106.539006171443702, 35.130669353602954 ], [ -106.537261046724041, 35.130643338058199 ], [ -106.535836805589881, 35.130651085516426 ], [ -106.535464753937774, 35.130649551014997 ], [ -106.534571221429033, 35.13064585957158 ], [ -106.5338977606919, 35.130642914582886 ], [ -106.533345202618094, 35.130640449492816 ], [ -106.533319263909789, 35.123404669552372 ], [ -106.533236466769367, 35.116172094089869 ], [ -106.533269220542806, 35.11519109451055 ], [ -106.533284908239068, 35.114721207088763 ], [ -106.533270416996757, 35.114304679546493 ], [ -106.533164211129545, 35.112191728616295 ], [ -106.533090884980268, 35.110732821815823 ], [ -106.533087765437088, 35.110670755011313 ], [ -106.5330839166717, 35.110594179211418 ], [ -106.533086875772426, 35.110413493065941 ], [ -106.533099620533761, 35.109635277159853 ], [ -106.533105292187173, 35.109288928107993 ], [ -106.53310759909418, 35.109198817912947 ], [ -106.533115012983657, 35.109090446760383 ], [ -106.533119089173084, 35.108945416767988 ], [ -106.533241988339213, 35.108947553701846 ], [ -106.535266727070947, 35.108986143646774 ], [ -106.536085973771691, 35.109001748210424 ], [ -106.536128108822268, 35.109002550225263 ], [ -106.536988808053593, 35.109034143595117 ], [ -106.539470229333233, 35.109138481844248 ], [ -106.540862534348406, 35.109113867858198 ], [ -106.541988354669613, 35.109093981623388 ], [ -106.544441810854323, 35.109123734337395 ], [ -106.545028466505343, 35.109145680055555 ], [ -106.545923590865016, 35.109179087757028 ], [ -106.547163929537135, 35.109175873474278 ], [ -106.548388715732727, 35.109246334419502 ], [ -106.549689565579911, 35.109239526128412 ], [ -106.55090373479625, 35.109231203591349 ], [ -106.550885777924321, 35.110155502695754 ], [ -106.550881492048077, 35.11103271188253 ], [ -106.550872797408616, 35.112532264250952 ], [ -106.550880704253913, 35.112861576860702 ], [ -106.550897348546258, 35.115567596814067 ], [ -106.550922541776146, 35.116406596108071 ], [ -106.550922600693795, 35.116453650863974 ], [ -106.550925112651214, 35.118442446115786 ], [ -106.550940516767781, 35.119235581806841 ], [ -106.550946893205719, 35.120009717372753 ], [ -106.550983503919156, 35.121721016850223 ], [ -106.550983779236887, 35.123567276672148 ], [ -106.550989398028904, 35.125168304591767 ], [ -106.551020430329956, 35.12676458052961 ], [ -106.55101608524086, 35.127502319547958 ], [ -106.551007365591659, 35.130076109022035 ], [ -106.551002675872581, 35.130699339998877 ], [ -106.550317100661502, 35.130700644980358 ], [ -106.547726286199065, 35.130690798315221 ], [ -106.54739833726822, 35.130682881951458 ] ] ] } },
{ "type": "Feature", "properties": { "NAME": "REGINALD CHAVEZ", "ID": 330 }, "geometry": { "type": "Polygon", "coordinates": [ [ [ -106.670625564475813, 35.10488471301904 ], [ -106.670433402425601, 35.104909888185745 ], [ -106.670168243383273, 35.104973267094522 ], [ -106.667632692384899, 35.105581264160435 ], [ -106.666615469782755, 35.105824850786128 ], [ -106.666296857817798, 35.105866142708543 ], [ -106.664462945586067, 35.106107671211824 ], [ -106.662562945325945, 35.106199671489691 ], [ -106.66041391104595, 35.106090254008926 ], [ -106.660274066849595, 35.106084438825533 ], [ -106.65860414102832, 35.106121710462858 ], [ -106.65850619427404, 35.106124560092333 ], [ -106.6581464916258, 35.106135024080224 ], [ -106.658016307458183, 35.106134533792982 ], [ -106.657397983110357, 35.10614763162004 ], [ -106.657076395581555, 35.106176551346223 ], [ -106.656651543021766, 35.106214755421576 ], [ -106.655702168940294, 35.106395265829597 ], [ -106.655345111684369, 35.106463120612283 ], [ -106.654598025931193, 35.106604963261759 ], [ -106.65407441673274, 35.106704591759737 ], [ -106.653657938924425, 35.10678358592444 ], [ -106.653179837954468, 35.106874267187031 ], [ -106.652800004408505, 35.106946308050979 ], [ -106.652692906416348, 35.106939959753319 ], [ -106.652203858263945, 35.106908565787734 ], [ -106.651906457553295, 35.106890197040599 ], [ -106.651856257088383, 35.106887020874431 ], [ -106.651783441986723, 35.106881672321883 ], [ -106.651151048060626, 35.106769901615777 ], [ -106.650329442575469, 35.106622672000221 ], [ -106.647390440959143, 35.105973672163302 ], [ -106.645121440966349, 35.10563767173268 ], [ -106.644956110608092, 35.105626538468513 ], [ -106.644108408130364, 35.105561778455794 ], [ -106.643610846977197, 35.105523765310643 ], [ -106.643079114681044, 35.105483086252988 ], [ -106.643012867925464, 35.105478018523165 ], [ -106.642982103721366, 35.105475868227145 ], [ -106.643056711118788, 35.105074161630981 ], [ -106.644457477538381, 35.097738072202205 ], [ -106.644892756139285, 35.095479461744503 ], [ -106.645082153513158, 35.094490444698202 ], [ -106.646023653277936, 35.094695902665293 ], [ -106.649608288880088, 35.095131665925301 ], [ -106.650782396073936, 35.095282675515101 ], [ -106.651461367035694, 35.095353160297137 ], [ -106.652052942354871, 35.095423669675974 ], [ -106.6522818918978, 35.095431434420341 ], [ -106.652762826299366, 35.095465706609922 ], [ -106.653224426322438, 35.095435323252126 ], [ -106.653401708355801, 35.095446363194696 ], [ -106.653925478571651, 35.095401346180836 ], [ -106.65416301007771, 35.095406089568613 ], [ -106.654357199468521, 35.095404469458487 ], [ -106.654572942417005, 35.095402669849555 ], [ -106.65564894151008, 35.095489163219433 ], [ -106.656317380938461, 35.095550311568942 ], [ -106.657164580536389, 35.095579474737896 ], [ -106.65795419033384, 35.095616307811895 ], [ -106.658333883167188, 35.095597449607276 ], [ -106.658911114794805, 35.095624353453687 ], [ -106.660108919904459, 35.095860027416379 ], [ -106.661066861286841, 35.096178271811709 ], [ -106.661665984017347, 35.096401624554744 ], [ -106.662133891546006, 35.09654563293514 ], [ -106.662254464740059, 35.096577138023669 ], [ -106.662231707462141, 35.096459383979763 ], [ -106.662432987527424, 35.095612154520296 ], [ -106.662656369952998, 35.094663787658639 ], [ -106.663115337785783, 35.092695968211011 ], [ -106.664300500931304, 35.09287087989037 ], [ -106.665139047991374, 35.093018388443262 ], [ -106.665477738035349, 35.093051577313901 ], [ -106.667503352573505, 35.093335906609383 ], [ -106.667800623094394, 35.093371304929846 ], [ -106.66872483030798, 35.093673738731084 ], [ -106.668859869440709, 35.093367650485391 ], [ -106.669053678917578, 35.092684155539331 ], [ -106.669484865468064, 35.09088815165974 ], [ -106.669678914199821, 35.090023985624335 ], [ -106.669882956454003, 35.089151220770596 ], [ -106.670358132696407, 35.087120480080038 ], [ -106.671772945878004, 35.086321667189296 ], [ -106.675673040180229, 35.083456433845832 ], [ -106.676975446993893, 35.084454667215397 ], [ -106.680875150293645, 35.089425937259804 ], [ -106.684676354328943, 35.091053607331979 ], [ -106.684792712103786, 35.091120660187414 ], [ -106.687975450114024, 35.09295466832075 ], [ -106.688075450115321, 35.096454668781305 ], [ -106.690375450031794, 35.098554669310822 ], [ -106.690507526749641, 35.09901874273649 ], [ -106.690644975806137, 35.099501679121992 ], [ -106.691478489621957, 35.102430170011104 ], [ -106.691506725624308, 35.102529374456665 ], [ -106.691572242000333, 35.102759549907624 ], [ -106.691573548090801, 35.102821324175835 ], [ -106.691643794231481, 35.106142875608064 ], [ -106.691644178375554, 35.106173214271024 ], [ -106.691645710923638, 35.106286907522779 ], [ -106.690778253701083, 35.109145977187318 ], [ -106.690624565542876, 35.109874185892679 ], [ -106.68972523397737, 35.109885921332328 ], [ -106.688825902081248, 35.109897650101942 ], [ -106.687660197528402, 35.109791612496103 ], [ -106.687412867662616, 35.109732984317539 ], [ -106.686597484435651, 35.109551512489048 ], [ -106.684538014540266, 35.109299244346644 ], [ -106.684076087301662, 35.109312198870107 ], [ -106.68377720281326, 35.109943365947672 ], [ -106.683776051752687, 35.109945792258657 ], [ -106.681235709760614, 35.109769600503753 ], [ -106.679864568121417, 35.10960245573159 ], [ -106.679962537246823, 35.109124942605334 ], [ -106.67989263660688, 35.10905383180922 ], [ -106.679934619785186, 35.108854834122866 ], [ -106.679456065235968, 35.108854447993295 ], [ -106.679340739396821, 35.108943403099616 ], [ -106.679254128522558, 35.109070936694522 ], [ -106.67898224852587, 35.109533985358681 ], [ -106.678982026486068, 35.109534318779026 ], [ -106.678801542560763, 35.109484327432511 ], [ -106.6781421050988, 35.109303108730792 ], [ -106.677750394373163, 35.109214087882826 ], [ -106.677750338361705, 35.109214075460166 ], [ -106.67748591348078, 35.109154916689505 ], [ -106.676935259864521, 35.109157096964999 ], [ -106.676542744123708, 35.109234050726869 ], [ -106.675884603690491, 35.109365541324962 ], [ -106.675519257611739, 35.109387243874657 ], [ -106.675519225808884, 35.109387245789172 ], [ -106.674644038704812, 35.109439228992471 ], [ -106.672210521470461, 35.109699143782002 ], [ -106.671056966256856, 35.107202988924527 ], [ -106.670625564475813, 35.10488471301904 ] ] ] } },
{ "type": "Feature", "properties": { "NAME": "HODGIN", "ID": 273 }, "geometry": { "type": "Polygon", "coordinates": [ [ [ -106.586416681122031, 35.135794686020496 ], [ -106.586375430747495, 35.134384679295437 ], [ -106.586413301612296, 35.134133574865679 ], [ -106.586458787516918, 35.133695440168729 ], [ -106.586460425521977, 35.133665759033434 ], [ -106.586472486029393, 35.131616880475363 ], [ -106.586446011042653, 35.130954890230385 ], [ -106.586484325081685, 35.130615079125342 ], [ -106.58648949823899, 35.130531994433397 ], [ -106.586501341153934, 35.129175095828899 ], [ -106.586501800721052, 35.129093694589152 ], [ -106.586501879992525, 35.12904067833648 ], [ -106.586502046075751, 35.128929009948109 ], [ -106.586499302992721, 35.128075967957955 ], [ -106.58649554118054, 35.127450585238648 ], [ -106.58648847598036, 35.127215281462682 ], [ -106.586472088285589, 35.125145454289544 ], [ -106.586476623145316, 35.124903233847739 ], [ -106.586487379947812, 35.124201546026349 ], [ -106.58646070722574, 35.123707977937862 ], [ -106.586447071028871, 35.123290054860433 ], [ -106.588081659355041, 35.123276167610761 ], [ -106.588962326510753, 35.123271589617424 ], [ -106.590906828816941, 35.123301723661804 ], [ -106.594630903142246, 35.123287766820802 ], [ -106.595299393022799, 35.123302632149297 ], [ -106.595772606971408, 35.12330128314116 ], [ -106.599687826236689, 35.123290051006315 ], [ -106.600675250863077, 35.123308565334547 ], [ -106.601632130967033, 35.123295065019789 ], [ -106.60289340517123, 35.123313036053162 ], [ -106.603446606722059, 35.123559796960599 ], [ -106.604108265844232, 35.123720687355799 ], [ -106.604119658495023, 35.124335047739031 ], [ -106.604135697139171, 35.126200639308244 ], [ -106.604124238174705, 35.12838293101148 ], [ -106.604151534577269, 35.12985902571787 ], [ -106.6041239340598, 35.130873677609372 ], [ -106.604070639689894, 35.131442180281198 ], [ -106.603469988505552, 35.131438898974011 ], [ -106.60346294528037, 35.131227446041692 ], [ -106.602960465641416, 35.131249051505115 ], [ -106.602950394043091, 35.134326778081657 ], [ -106.604754783103132, 35.134342295298701 ], [ -106.60493190477213, 35.133594667485823 ], [ -106.605180681326942, 35.133014906150635 ], [ -106.605472793943974, 35.132535718831342 ], [ -106.605881211137799, 35.132066528928966 ], [ -106.604361445703788, 35.132075748009214 ], [ -106.604323105977713, 35.130959659777865 ], [ -106.605679707105196, 35.130955686145576 ], [ -106.606093935300819, 35.130998677726915 ], [ -106.607027934636562, 35.131216678376049 ], [ -106.607641767169767, 35.131454375246847 ], [ -106.608271934929249, 35.131796677927326 ], [ -106.609762880913692, 35.132764969701924 ], [ -106.608695279039878, 35.133443672895034 ], [ -106.602180750705074, 35.137533084966513 ], [ -106.601487044987451, 35.137968504965308 ], [ -106.601455380296755, 35.137988470110372 ], [ -106.595055687434908, 35.14173370389932 ], [ -106.595021970837564, 35.141754195140372 ], [ -106.592568358236278, 35.143384144783333 ], [ -106.592536678562169, 35.143406530724299 ], [ -106.590532576880179, 35.145321463370991 ], [ -106.590483316101029, 35.145368530208181 ], [ -106.590450026602099, 35.145398395820884 ], [ -106.588577942186134, 35.1531479362677 ], [ -106.58780591568339, 35.152673938521524 ], [ -106.587382935173054, 35.152297103888003 ], [ -106.587082241639408, 35.151885607759986 ], [ -106.586911816607724, 35.151595850447421 ], [ -106.586586097901574, 35.15089482227188 ], [ -106.5865050122583, 35.150528123800676 ], [ -106.586452248601148, 35.150158010360144 ], [ -106.586416870198221, 35.148341651143085 ], [ -106.58640265828457, 35.148040523667554 ], [ -106.586442975075315, 35.147287353260928 ], [ -106.586449082073486, 35.146821874369358 ], [ -106.586438177017655, 35.145935101079054 ], [ -106.586473976511343, 35.14490541330327 ], [ -106.586465028050043, 35.143568680612596 ], [ -106.586463694577304, 35.143369458195963 ], [ -106.586433908116533, 35.143018094601118 ], [ -106.586456093967058, 35.1421449182589 ], [ -106.586468514441961, 35.141990700225662 ], [ -106.58644636048254, 35.140576890128081 ], [ -106.586415239836015, 35.138590710485225 ], [ -106.586416681122031, 35.135794686020496 ] ] ] } },
{ "type": "Feature", "properties": { "NAME": "LAVALAND", "ID": 288 }, "geometry": { "type": "Polygon", "coordinates": [ [ [ -106.709482462783214, 35.080221095820249 ], [ -106.710537038176653, 35.079996759162256 ], [ -106.710669843669024, 35.080666425593066 ], [ -106.710727075225563, 35.081295595459451 ], [ -106.710738447174975, 35.083135029024177 ], [ -106.710677115564337, 35.084486036326638 ], [ -106.710786820072158, 35.086235866104687 ], [ -106.710819636938311, 35.087325588277864 ], [ -106.71082230313165, 35.087414131260957 ], [ -106.710705886431953, 35.088704796527189 ], [ -106.710511457244763, 35.091062121163652 ], [ -106.710219896823276, 35.092286253487217 ], [ -106.710126330067766, 35.092652002344025 ], [ -106.709534954984463, 35.094357667143647 ], [ -106.708736447638771, 35.096337082266139 ], [ -106.70872538275303, 35.096363875545258 ], [ -106.708640495545367, 35.09656480795374 ], [ -106.708287512114367, 35.097400327757256 ], [ -106.70769873058245, 35.098741299591808 ], [ -106.707634098308574, 35.098896481045976 ], [ -106.707010404282642, 35.100393921171531 ], [ -106.706951397614375, 35.100568584774834 ], [ -106.70684766355869, 35.100884249357819 ], [ -106.706357918477309, 35.102016734217386 ], [ -106.70633019851951, 35.102080833305692 ], [ -106.706245635713017, 35.102282428844383 ], [ -106.705800497353749, 35.103383731748423 ], [ -106.705569202028201, 35.104011348544766 ], [ -106.705197276937525, 35.104576804414613 ], [ -106.704879764569526, 35.105059527363203 ], [ -106.704784954260248, 35.10520366858497 ], [ -106.704740047522762, 35.105263048670878 ], [ -106.703220954109781, 35.107271668690686 ], [ -106.698981953586227, 35.107023669081464 ], [ -106.691900061732312, 35.106312450817043 ], [ -106.691857454358185, 35.106308259328472 ], [ -106.691645710923638, 35.106286907522779 ], [ -106.691644178375554, 35.106173214271024 ], [ -106.691643794231481, 35.106142875608064 ], [ -106.691573548090801, 35.102821324175835 ], [ -106.691572242000333, 35.102759549907624 ], [ -106.691506725624308, 35.102529374456665 ], [ -106.691478489621957, 35.102430170011104 ], [ -106.690644975806137, 35.099501679121992 ], [ -106.690507526749641, 35.09901874273649 ], [ -106.690375450031794, 35.098554669310822 ], [ -106.688075450115321, 35.096454668781305 ], [ -106.687975450114024, 35.09295466832075 ], [ -106.684792712103786, 35.091120660187414 ], [ -106.684676354328943, 35.091053607331979 ], [ -106.680875150293645, 35.089425937259804 ], [ -106.680907061259262, 35.089386649477788 ], [ -106.680986469012808, 35.089295635250828 ], [ -106.68102546565494, 35.089250899119094 ], [ -106.681120117923413, 35.089141817806116 ], [ -106.682218673678847, 35.087878134505573 ], [ -106.682424355693428, 35.087644051369431 ], [ -106.68245212952516, 35.087612442973381 ], [ -106.682556069976357, 35.087494149717536 ], [ -106.682582310094872, 35.087462252888841 ], [ -106.682908579048117, 35.087102104231434 ], [ -106.683329582973897, 35.086727908711879 ], [ -106.683899525774223, 35.08632820145592 ], [ -106.684718388829353, 35.085833311140917 ], [ -106.685841810896861, 35.085506515505024 ], [ -106.686520135648209, 35.085355955332922 ], [ -106.686855185592123, 35.085281586937953 ], [ -106.686938670904084, 35.085260032620425 ], [ -106.68731115808238, 35.085163871584584 ], [ -106.687341893857351, 35.085156577069043 ], [ -106.687647711217664, 35.085076993343158 ], [ -106.687731450211331, 35.085055378069299 ], [ -106.687774825607661, 35.085044298595264 ], [ -106.68781122597413, 35.085036256941045 ], [ -106.688192230319046, 35.084951639801808 ], [ -106.689424592255165, 35.084705730103323 ], [ -106.690571616123648, 35.084438074760392 ], [ -106.691689630546961, 35.084177176880075 ], [ -106.691895067840093, 35.084131388295148 ], [ -106.692547157580563, 35.083993997167518 ], [ -106.693081182794288, 35.083881513804982 ], [ -106.693121285906244, 35.083873140620504 ], [ -106.693231056228811, 35.083852453185173 ], [ -106.693465207825227, 35.083808324737952 ], [ -106.694271241304023, 35.083619029913592 ], [ -106.694312640571994, 35.083607452333887 ], [ -106.695505970971155, 35.083376399621827 ], [ -106.696685804443405, 35.083097402411532 ], [ -106.698285822700441, 35.082708781451437 ], [ -106.700688389103604, 35.082191831508865 ], [ -106.702023326101155, 35.081885027144409 ], [ -106.704820493424023, 35.081218249561822 ], [ -106.709418209268776, 35.080234919621375 ], [ -106.709482462783214, 35.080221095820249 ] ] ] } },
{ "type": "Feature", "properties": { "NAME": "CHAMIZA", "ID": 295 }, "geometry": { "type": "Polygon", "coordinates": [ [ [ -106.694359062323954, 35.179674969031332 ], [ -106.692253302236878, 35.179681506842648 ], [ -106.690447825868645, 35.179672727845599 ], [ -106.687840951309482, 35.179689456608834 ], [ -106.687805126534371, 35.179689419337848 ], [ -106.687735624554762, 35.179689346017284 ], [ -106.687751784767897, 35.177922374095466 ], [ -106.687744118903296, 35.176742685738461 ], [ -106.686129941196569, 35.17641974568533 ], [ -106.684322691016575, 35.175833717316529 ], [ -106.681906955133954, 35.175482680987741 ], [ -106.678146953699638, 35.174329680777177 ], [ -106.673769014156036, 35.174285219252575 ], [ -106.673948013937874, 35.173756847877435 ], [ -106.674408755582888, 35.172397076012615 ], [ -106.674543184600182, 35.171959632952756 ], [ -106.674759964545999, 35.171345701051209 ], [ -106.674972124073633, 35.170693198785386 ], [ -106.675214468442121, 35.169942135763904 ], [ -106.675243071334975, 35.169853488709528 ], [ -106.675290443432615, 35.169706672534893 ], [ -106.675512469293707, 35.169018563710772 ], [ -106.675742233189212, 35.168303732870925 ], [ -106.675754946849253, 35.168264179865993 ], [ -106.676002540126291, 35.167456772776198 ], [ -106.676011500351805, 35.167427553529521 ], [ -106.676020953621475, 35.167396679306513 ], [ -106.676768589211761, 35.164761531352639 ], [ -106.676776251857163, 35.164734509814842 ], [ -106.676789561566437, 35.164687587107011 ], [ -106.676885953306524, 35.164361679539311 ], [ -106.67711472125211, 35.163804788799126 ], [ -106.677129640443056, 35.163768471233972 ], [ -106.677163695242641, 35.163685569143794 ], [ -106.677306905046535, 35.163336946565074 ], [ -106.677317603302498, 35.163310904062854 ], [ -106.677369455314007, 35.163206029612169 ], [ -106.677446906121105, 35.163049377098424 ], [ -106.6775811047562, 35.162777944802464 ], [ -106.677611322057686, 35.162716826821438 ], [ -106.677663778325908, 35.162610725947552 ], [ -106.677819902656864, 35.162294945301007 ], [ -106.677876082536088, 35.162194645475317 ], [ -106.677898010067395, 35.162155630283273 ], [ -106.677953720618049, 35.162056507556763 ], [ -106.678054948705295, 35.161876396271396 ], [ -106.678232051655527, 35.161561281024959 ], [ -106.678372441394743, 35.161311765195684 ], [ -106.678624768306733, 35.16090600665877 ], [ -106.679176145623416, 35.160028812003404 ], [ -106.679404170670637, 35.159654726179745 ], [ -106.680050182513824, 35.158594897073989 ], [ -106.680352270537881, 35.158080433628534 ], [ -106.680512755408827, 35.157807121503815 ], [ -106.680781414999174, 35.15739995623283 ], [ -106.681263729352779, 35.156668974950492 ], [ -106.681458093775888, 35.156342136817031 ], [ -106.681512762812829, 35.156250206899337 ], [ -106.68185161692287, 35.155680389910515 ], [ -106.681969250836573, 35.155482574629758 ], [ -106.68288995321582, 35.154103677328422 ], [ -106.682997187960368, 35.153819635570429 ], [ -106.68306075140498, 35.153650792750469 ], [ -106.68335197923841, 35.153227819780518 ], [ -106.683379177469092, 35.153188316857417 ], [ -106.683396837980723, 35.153161285242192 ], [ -106.683413760311012, 35.153135383067607 ], [ -106.683426771208914, 35.153113686588775 ], [ -106.683448022294456, 35.15307824969485 ], [ -106.683591372276098, 35.152835693252328 ], [ -106.68367030588665, 35.152702131624402 ], [ -106.683698768266993, 35.152662642131538 ], [ -106.684660953544537, 35.151327676521177 ], [ -106.685080305442568, 35.150877160278547 ], [ -106.685835953539268, 35.150016676082593 ], [ -106.686208627982793, 35.149648734555797 ], [ -106.687120871681884, 35.150070596169314 ], [ -106.687479730055287, 35.150240694993236 ], [ -106.688150279019069, 35.150596089741633 ], [ -106.689612054831571, 35.15135393890526 ], [ -106.690030007455846, 35.151551299749734 ], [ -106.69065595464923, 35.151825676598534 ], [ -106.691233969000564, 35.152021215156935 ], [ -106.691843451999688, 35.152211020207062 ], [ -106.692486955551857, 35.152364676318861 ], [ -106.693086013726159, 35.152430975055346 ], [ -106.693776955751304, 35.152539676191147 ], [ -106.693768956478834, 35.153486676382094 ], [ -106.693944174265837, 35.154035968903173 ], [ -106.694195956181318, 35.154548676685828 ], [ -106.694293550326265, 35.155136806892806 ], [ -106.694253956052009, 35.155721676546356 ], [ -106.693907956475215, 35.156363676594133 ], [ -106.692921955928611, 35.15761367727643 ], [ -106.692742956276831, 35.158191677503254 ], [ -106.692719220878118, 35.158723710887948 ], [ -106.692724740262619, 35.158973774778055 ], [ -106.692794956503619, 35.159423677924835 ], [ -106.693474458962967, 35.16033621624203 ], [ -106.6941919781368, 35.161210092620252 ], [ -106.695590957182247, 35.162921678136151 ], [ -106.696182599173312, 35.163818519471711 ], [ -106.696517957243628, 35.16488967835641 ], [ -106.696535743956588, 35.165827352706408 ], [ -106.69644395791795, 35.166455678070704 ], [ -106.696244808202678, 35.166935770383247 ], [ -106.697596304125668, 35.167330521476217 ], [ -106.698975644000512, 35.167714515435549 ], [ -106.699801958618025, 35.16782467811268 ], [ -106.700196615326135, 35.167800677914563 ], [ -106.701032958487119, 35.16770567871616 ], [ -106.702185959088681, 35.167377678049057 ], [ -106.702778959543451, 35.167057677811165 ], [ -106.70322995915329, 35.166725677816316 ], [ -106.703419431133142, 35.166516925610949 ], [ -106.704088444560597, 35.165761504215993 ], [ -106.704282836016134, 35.16543854596344 ], [ -106.704309909822427, 35.165393566270644 ], [ -106.704321708038037, 35.16537396529521 ], [ -106.704346256531295, 35.165343310825236 ], [ -106.70469695927784, 35.165433677734391 ], [ -106.704273959129381, 35.166439678204945 ], [ -106.704234959184049, 35.167082677766501 ], [ -106.705248770206936, 35.169606177226349 ], [ -106.70481637542062, 35.169498171141363 ], [ -106.704337959690037, 35.16937867871151 ], [ -106.703923409189628, 35.169461982489416 ], [ -106.703068959290746, 35.169633678182471 ], [ -106.703475959733254, 35.171541678420311 ], [ -106.702791959714105, 35.172413679093367 ], [ -106.701660959179151, 35.17275967913681 ], [ -106.700008958853147, 35.172474679095167 ], [ -106.69898595884419, 35.172660679369883 ], [ -106.698478927873822, 35.173054227309656 ], [ -106.698419452981909, 35.173100390212227 ], [ -106.698236320710478, 35.173259551727952 ], [ -106.697326958508512, 35.174168679647586 ], [ -106.697357958760151, 35.174758679221007 ], [ -106.697815958589118, 35.175282679580356 ], [ -106.698655507088489, 35.175704088986336 ], [ -106.69884395924403, 35.175798680053795 ], [ -106.699607958679763, 35.176975679438875 ], [ -106.699062959497226, 35.177999680277978 ], [ -106.699366959287403, 35.178609679893562 ], [ -106.699284604012973, 35.179002723785167 ], [ -106.698436009881988, 35.178892198989537 ], [ -106.696619942023545, 35.179083622565045 ], [ -106.69501230700142, 35.179416340662449 ], [ -106.694359062323954, 35.179674969031332 ] ] ] } },
{ "type": "Feature", "properties": { "NAME": "CHELWOOD", "ID": 236 }, "geometry": { "type": "Polygon", "coordinates": [ [ [ -106.507958763943449, 35.101173861746865 ], [ -106.506371909919153, 35.101106678740706 ], [ -106.506326681888908, 35.101113686729242 ], [ -106.505248909845761, 35.101280678980672 ], [ -106.497905634974245, 35.100929105582175 ], [ -106.497543799626769, 35.100911769787892 ], [ -106.497540455674439, 35.10086293393374 ], [ -106.497520287750064, 35.100186305339165 ], [ -106.497505615770606, 35.099695583545071 ], [ -106.497472009151906, 35.098576649418213 ], [ -106.497469907837541, 35.098506679070198 ], [ -106.497496534562728, 35.098111255027234 ], [ -106.497721360610342, 35.094772237262923 ], [ -106.497699907374766, 35.09352067855545 ], [ -106.497325929552318, 35.086814053963266 ], [ -106.497290901058534, 35.086257036976725 ], [ -106.497290706526243, 35.086231099721132 ], [ -106.497285725213246, 35.085511572334937 ], [ -106.497260814527067, 35.082709332540752 ], [ -106.506245908234575, 35.082911676118755 ], [ -106.506189585656344, 35.085247045000393 ], [ -106.506205833302658, 35.086516076776519 ], [ -106.506367074363595, 35.086521226785187 ], [ -106.506478307783695, 35.086524779502419 ], [ -106.507255338444537, 35.08654959317635 ], [ -106.508702609828092, 35.086602141429928 ], [ -106.509733409340313, 35.086608592886634 ], [ -106.513816880042313, 35.086756392675497 ], [ -106.51501836816702, 35.086772958569853 ], [ -106.515047980928472, 35.088292988149625 ], [ -106.515318511664901, 35.093586549312725 ], [ -106.515439783242229, 35.101490299947486 ], [ -106.512175875464578, 35.101352302572366 ], [ -106.511562990772589, 35.101326378025732 ], [ -106.510395030957426, 35.10127696644205 ], [ -106.507985171799362, 35.101174979253678 ], [ -106.507958763943449, 35.101173861746865 ] ] ] } },
{ "type": "Feature", "properties": { "NAME": "INEZ", "ID": 276 }, "geometry": { "type": "Polygon", "coordinates": [ [ [ -106.550801764901024, 35.102019201651437 ], [ -106.550795633856268, 35.101505463599466 ], [ -106.550794512269036, 35.101254474428828 ], [ -106.55078013341948, 35.100278019420678 ], [ -106.550769288833351, 35.09954161107148 ], [ -106.550736681279162, 35.097327122967478 ], [ -106.550726634433062, 35.094590877009814 ], [ -106.550688490534768, 35.091012216840191 ], [ -106.550687652542223, 35.090933612859423 ], [ -106.550678972471559, 35.090119251791961 ], [ -106.550677510647375, 35.089982131323069 ], [ -106.568726993778498, 35.097410628024434 ], [ -106.56874912629705, 35.097709211789898 ], [ -106.568768129018949, 35.101865846156961 ], [ -106.568851667134595, 35.103778695992403 ], [ -106.568849730675652, 35.109123820594576 ], [ -106.566640171063796, 35.109125847351798 ], [ -106.565535572557224, 35.10913251349168 ], [ -106.564934312952744, 35.109143611602427 ], [ -106.564432655448343, 35.109152869092618 ], [ -106.563564882688226, 35.109120136719191 ], [ -106.563339647815283, 35.109138209070139 ], [ -106.562568338499446, 35.109131274893265 ], [ -106.562231718525183, 35.10914954217241 ], [ -106.561143888576837, 35.109187859858892 ], [ -106.559871342102824, 35.109191120117401 ], [ -106.558728607387437, 35.109171694895188 ], [ -106.558689865288443, 35.109172697707493 ], [ -106.557831782562957, 35.109195831171874 ], [ -106.557732420040153, 35.109196433197695 ], [ -106.557647263289809, 35.109196949513134 ], [ -106.557078245816911, 35.109200397000741 ], [ -106.556540438167545, 35.109203643913823 ], [ -106.5558863457196, 35.109206337241282 ], [ -106.555428842858404, 35.109208219108297 ], [ -106.554337439447551, 35.109212700970012 ], [ -106.553625667185031, 35.109206935135006 ], [ -106.55323915353631, 35.109215463037437 ], [ -106.5521317361261, 35.109218227996649 ], [ -106.551906767358204, 35.109220594064929 ], [ -106.55090373479625, 35.109231203591349 ], [ -106.55085576070735, 35.103686211657312 ], [ -106.550847574774536, 35.102837250578609 ], [ -106.550801764901024, 35.102019201651437 ] ] ] } },
{ "type": "Feature", "properties": { "NAME": "EMERSON", "ID": 255 }, "geometry": { "type": "Polygon", "coordinates": [ [ [ -106.570814454524182, 35.072675338864215 ], [ -106.56971191058183, 35.072665178151119 ], [ -106.568648439309413, 35.072680567478066 ], [ -106.567506233453912, 35.072702886611161 ], [ -106.566422183894076, 35.072704006850266 ], [ -106.565345643814325, 35.072729529196934 ], [ -106.564270921292263, 35.072737671587646 ], [ -106.564294837662942, 35.071163657843428 ], [ -106.564299737324788, 35.070814026170972 ], [ -106.564352972424075, 35.069012149019422 ], [ -106.564395104371187, 35.06719490047012 ], [ -106.564397920448556, 35.065519670025893 ], [ -106.564698986932555, 35.064922528842239 ], [ -106.56478650376215, 35.064588595888964 ], [ -106.565202625551024, 35.060857712983406 ], [ -106.565241076145369, 35.060696993621953 ], [ -106.565310275587734, 35.060404486498257 ], [ -106.565550545137953, 35.05989630542382 ], [ -106.565779834193307, 35.059580894531194 ], [ -106.566153472662904, 35.059213709414429 ], [ -106.566457419267778, 35.059010536349597 ], [ -106.566882497464661, 35.058813471766101 ], [ -106.567264774516502, 35.058661490592975 ], [ -106.567780001940818, 35.058541283545978 ], [ -106.568655058809, 35.05852613865833 ], [ -106.568777427236071, 35.058525493530837 ], [ -106.56877557178467, 35.058224961465555 ], [ -106.571057395120135, 35.058219304373495 ], [ -106.572185193517981, 35.058216314268101 ], [ -106.573273295771642, 35.058213419469944 ], [ -106.574366369596063, 35.058210501618156 ], [ -106.575465619766234, 35.058247602907961 ], [ -106.575504880071492, 35.058247660731688 ], [ -106.576564434692372, 35.058244813009033 ], [ -106.577198959707175, 35.05825574436497 ], [ -106.57760092214447, 35.058262668073269 ], [ -106.577615825050756, 35.058285902622352 ], [ -106.577618205588109, 35.060106190707756 ], [ -106.577612407104084, 35.061914528955441 ], [ -106.577564935265457, 35.063726765338259 ], [ -106.577532330581576, 35.065503169497248 ], [ -106.577541878783336, 35.067350231028406 ], [ -106.577531884920475, 35.069149652209653 ], [ -106.57750153264179, 35.070969683781342 ], [ -106.577487405225341, 35.072753699220534 ], [ -106.5741032684804, 35.072724145000329 ], [ -106.573047979873976, 35.072705111736575 ], [ -106.571881446534391, 35.072683510556509 ], [ -106.570814454524182, 35.072675338864215 ] ] ] } },
{ "type": "Feature", "properties": { "NAME": "MARK TWAIN", "ID": 364 }, "geometry": { "type": "Polygon", "coordinates": [ [ [ -106.550588137959878, 35.087434637257935 ], [ -106.550581367997722, 35.0873491418754 ], [ -106.550564638932741, 35.087014332804834 ], [ -106.55051058819204, 35.085932541208081 ], [ -106.550489577335185, 35.085430305173915 ], [ -106.550442374684309, 35.084301998238722 ], [ -106.550422638461711, 35.084017655483692 ], [ -106.550402444594837, 35.083671857912258 ], [ -106.551337493147713, 35.083677080550039 ], [ -106.551898696453549, 35.083675684743675 ], [ -106.551903087327204, 35.083618500704041 ], [ -106.551904976653844, 35.083379432297477 ], [ -106.552350942547406, 35.083387427753962 ], [ -106.552352062316004, 35.083674555250525 ], [ -106.552997575184676, 35.083677591137956 ], [ -106.553001880117407, 35.08339718758927 ], [ -106.553559586840834, 35.08341514621835 ], [ -106.553554119502479, 35.083680838208657 ], [ -106.553694131406274, 35.083679912529981 ], [ -106.553940662006937, 35.083678281658415 ], [ -106.553943660452788, 35.083410768588394 ], [ -106.554104324209291, 35.083414919063856 ], [ -106.554656203048452, 35.083423860974079 ], [ -106.554650866313338, 35.083673580662129 ], [ -106.555772919306023, 35.083678673270853 ], [ -106.555771326025635, 35.083303718080117 ], [ -106.556873291834478, 35.08331927020599 ], [ -106.556868685509556, 35.083519462989706 ], [ -106.556864920109547, 35.083663673167159 ], [ -106.559259412213379, 35.083654342474517 ], [ -106.560001920413868, 35.083614672928604 ], [ -106.560951391396557, 35.083585104623651 ], [ -106.56197958517501, 35.083581832822972 ], [ -106.565261636344829, 35.083573344977225 ], [ -106.567461136134199, 35.083581844655548 ], [ -106.568626922265864, 35.083576672427192 ], [ -106.568642922553067, 35.087255673542487 ], [ -106.569029192550943, 35.087260086502468 ], [ -106.57196099707734, 35.087293541632079 ], [ -106.57306003253133, 35.087327401671715 ], [ -106.573585998336597, 35.087307258937038 ], [ -106.57409238083433, 35.087287863988664 ], [ -106.575176779176815, 35.087303172167253 ], [ -106.57579186369199, 35.087333587805063 ], [ -106.576231654446204, 35.087355333076005 ], [ -106.577360829242949, 35.087352290042126 ], [ -106.577484647747283, 35.087351114663498 ], [ -106.577941009328754, 35.087340859588139 ], [ -106.577994121003684, 35.087340454521339 ], [ -106.578325787018954, 35.087331470019699 ], [ -106.578579554742234, 35.087346683446846 ], [ -106.579201967980723, 35.087329094566812 ], [ -106.579640403673196, 35.087346114734899 ], [ -106.580085747805455, 35.087326692098848 ], [ -106.580784943009206, 35.087330607541048 ], [ -106.580908857796985, 35.08733130072681 ], [ -106.58168994477154, 35.087375003968504 ], [ -106.581833087291784, 35.087376305283271 ], [ -106.583145676145008, 35.087388231203867 ], [ -106.58344443890303, 35.087390943755985 ], [ -106.583971010641463, 35.087395722830465 ], [ -106.585297320670833, 35.087398220644459 ], [ -106.586172163540212, 35.087423808548479 ], [ -106.586348987708888, 35.100090806353926 ], [ -106.586364784832597, 35.100879101632273 ], [ -106.586482427132424, 35.101942174639227 ], [ -106.586491294571474, 35.101977171488336 ], [ -106.58654154673016, 35.102113277653324 ], [ -106.586556756740634, 35.102154473312183 ], [ -106.586590963795729, 35.102247122563277 ], [ -106.586629708889106, 35.102352063137914 ], [ -106.586661767485523, 35.102438894041768 ], [ -106.586720737905679, 35.102598613816127 ], [ -106.586735679784056, 35.102634045400464 ], [ -106.586753427688492, 35.102676175098821 ], [ -106.586857080567938, 35.102830439489011 ], [ -106.587639550814217, 35.103961467795102 ], [ -106.587657526865968, 35.103987450791045 ], [ -106.587674635453169, 35.104018267987932 ], [ -106.584975427571877, 35.103784674805624 ], [ -106.582322440184058, 35.103079142699521 ], [ -106.577627736492943, 35.101180868420116 ], [ -106.572923412807626, 35.099303025077305 ], [ -106.568726993778498, 35.097410628024434 ], [ -106.550677510647375, 35.089982131323069 ], [ -106.550643904650713, 35.089354019597572 ], [ -106.550648225944755, 35.089179539243872 ], [ -106.550666832230434, 35.088428348348465 ], [ -106.550588137959878, 35.087434637257935 ] ] ] } },
{ "type": "Feature", "properties": { "NAME": "VALLE VISTA", "ID": 370 }, "geometry": { "type": "Polygon", "coordinates": [ [ [ -106.668975444617232, 35.076354666569564 ], [ -106.665776986314768, 35.073953973164848 ], [ -106.665813387469427, 35.073936247469305 ], [ -106.665838251053614, 35.073923496785774 ], [ -106.668535205741719, 35.072540313790213 ], [ -106.668877032654066, 35.072447080771028 ], [ -106.669334384046152, 35.07226690507116 ], [ -106.66959094436146, 35.072227665373845 ], [ -106.674222397955177, 35.072538038593962 ], [ -106.674664537262686, 35.072548572597704 ], [ -106.674633066718073, 35.070192142412942 ], [ -106.674645305983049, 35.069656674137576 ], [ -106.674626833503382, 35.068988695786587 ], [ -106.674612623580558, 35.066733988907707 ], [ -106.674541178325455, 35.066489380282007 ], [ -106.675698203305814, 35.066226903062024 ], [ -106.678738293501439, 35.065550356181298 ], [ -106.680705915667815, 35.065124799096544 ], [ -106.681582409343051, 35.065015699524949 ], [ -106.683858771043688, 35.065130962664313 ], [ -106.686454947019243, 35.065297663253226 ], [ -106.690088520145238, 35.065953083849386 ], [ -106.6918078013003, 35.066240556475108 ], [ -106.69466542047499, 35.066762744834875 ], [ -106.695353390921071, 35.066906614268575 ], [ -106.695532427431175, 35.066942599087852 ], [ -106.696111572570842, 35.067058999936449 ], [ -106.696706473903831, 35.067158697333561 ], [ -106.697601795471911, 35.067308735857075 ], [ -106.698519246831637, 35.067484934469483 ], [ -106.699537757322091, 35.067658573701202 ], [ -106.699501082238626, 35.067673486259082 ], [ -106.699340331699133, 35.06772967005552 ], [ -106.69926203931351, 35.067840053769075 ], [ -106.698654809600626, 35.068254538198367 ], [ -106.697983328585138, 35.068867086415267 ], [ -106.697860132476606, 35.068979469516215 ], [ -106.697786379819902, 35.069046746902288 ], [ -106.697555160118156, 35.069257669752794 ], [ -106.697107242515287, 35.069690873901159 ], [ -106.697066346398756, 35.069730426301014 ], [ -106.696789756244598, 35.070068415284219 ], [ -106.696771768991866, 35.070090395887462 ], [ -106.696748894428225, 35.070118348592949 ], [ -106.695930313277046, 35.07111862587 ], [ -106.695749923248584, 35.071040711040496 ], [ -106.6957126340983, 35.071024560610624 ], [ -106.695505869537257, 35.070935297476822 ], [ -106.695364658199125, 35.07117641682013 ], [ -106.695232573644304, 35.071330407628672 ], [ -106.695330121633503, 35.071382167952514 ], [ -106.695178360453468, 35.071555175896492 ], [ -106.695047943405982, 35.071492985451314 ], [ -106.69483890122288, 35.071722021161648 ], [ -106.694798894895101, 35.071702243052862 ], [ -106.69456731856296, 35.07202387442387 ], [ -106.694430325820747, 35.072214339831454 ], [ -106.694553838852386, 35.072265194314255 ], [ -106.694612294359473, 35.07228889109917 ], [ -106.694402408697357, 35.072528787141032 ], [ -106.694562613503223, 35.072613451399064 ], [ -106.693830160090783, 35.072881574196863 ], [ -106.693543381910274, 35.073218841162436 ], [ -106.693122856038741, 35.073776116342984 ], [ -106.692879440247225, 35.074013316083104 ], [ -106.692527944760513, 35.074271919009007 ], [ -106.692472759650002, 35.0744144391238 ], [ -106.692282830181725, 35.074521852265768 ], [ -106.691971757950711, 35.074697774484918 ], [ -106.691782512675772, 35.07500113959118 ], [ -106.691633976531278, 35.075335737554838 ], [ -106.691912360414776, 35.075425139293245 ], [ -106.691644743943286, 35.07589608770688 ], [ -106.691181832359959, 35.075769586772871 ], [ -106.69092241111143, 35.07575305462111 ], [ -106.691426341312862, 35.076823589366178 ], [ -106.691348593525248, 35.076827712516298 ], [ -106.691357871675848, 35.076878451297503 ], [ -106.691373018075168, 35.076961262255793 ], [ -106.691263017799656, 35.077949262064735 ], [ -106.690830495401656, 35.078621525939241 ], [ -106.690814923647451, 35.078645729759906 ], [ -106.690797025094597, 35.078670166497453 ], [ -106.690567381865492, 35.078846533670237 ], [ -106.690508869092383, 35.078891387069113 ], [ -106.690325521954549, 35.079031932248903 ], [ -106.690301537921371, 35.079050395444575 ], [ -106.689911131653375, 35.079584698866469 ], [ -106.689898183324431, 35.079602518878239 ], [ -106.689987047090753, 35.080005950897338 ], [ -106.690311132544693, 35.080327981518707 ], [ -106.691184755370031, 35.081198237403818 ], [ -106.691577060347299, 35.081588708821236 ], [ -106.692067409144414, 35.082076466890499 ], [ -106.692625968492194, 35.082633579606821 ], [ -106.693823186442486, 35.083181733704883 ], [ -106.6942953957291, 35.08358863099717 ], [ -106.694312640571994, 35.083607452333887 ], [ -106.694271241304023, 35.083619029913592 ], [ -106.693465207825227, 35.083808324737952 ], [ -106.693231056228811, 35.083852453185173 ], [ -106.693121285906244, 35.083873140620504 ], [ -106.693081182794288, 35.083881513804982 ], [ -106.692547157580563, 35.083993997167518 ], [ -106.691895067840093, 35.084131388295148 ], [ -106.691689630546961, 35.084177176880075 ], [ -106.690571616123648, 35.084438074760392 ], [ -106.689424592255165, 35.084705730103323 ], [ -106.688192230319046, 35.084951639801808 ], [ -106.68781122597413, 35.085036256941045 ], [ -106.687774825607661, 35.085044298595264 ], [ -106.687731450211331, 35.085055378069299 ], [ -106.687647711217664, 35.085076993343158 ], [ -106.687341893857351, 35.085156577069043 ], [ -106.68731115808238, 35.085163871584584 ], [ -106.686938670904084, 35.085260032620425 ], [ -106.686855185592123, 35.085281586937953 ], [ -106.686520135648209, 35.085355955332922 ], [ -106.685841810896861, 35.085506515505024 ], [ -106.684718388829353, 35.085833311140917 ], [ -106.683899525774223, 35.08632820145592 ], [ -106.683329582973897, 35.086727908711879 ], [ -106.682908579048117, 35.087102104231434 ], [ -106.682582310094872, 35.087462252888841 ], [ -106.682556069976357, 35.087494149717536 ], [ -106.68245212952516, 35.087612442973381 ], [ -106.682424355693428, 35.087644051369431 ], [ -106.682218673678847, 35.087878134505573 ], [ -106.681120117923413, 35.089141817806116 ], [ -106.68102546565494, 35.089250899119094 ], [ -106.680986469012808, 35.089295635250828 ], [ -106.680907061259262, 35.089386649477788 ], [ -106.680875150293645, 35.089425937259804 ], [ -106.676975446993893, 35.084454667215397 ], [ -106.675673040180229, 35.083456433845832 ], [ -106.671872463547459, 35.078756695267579 ], [ -106.668975444617232, 35.076354666569564 ] ] ] } },
{ "type": "Feature", "properties": { "NAME": "HUBERT HUMPHREY", "ID": 221 }, "geometry": { "type": "Polygon", "coordinates": [ [ [ -106.533451070036094, 35.161340802805384 ], [ -106.533479921525227, 35.159660685862036 ], [ -106.528490829040891, 35.159716023651043 ], [ -106.528119075878649, 35.159716877601305 ], [ -106.525908848628788, 35.159725356635633 ], [ -106.524672148245884, 35.159719962612336 ], [ -106.524624218792354, 35.158901659697065 ], [ -106.524462751710416, 35.158136082608159 ], [ -106.524460507217611, 35.156780214365845 ], [ -106.524495554249299, 35.155503354307989 ], [ -106.524529108575862, 35.154360758008806 ], [ -106.524475235029627, 35.153630998012233 ], [ -106.524583903259966, 35.152826650786501 ], [ -106.524610919001134, 35.152626685467204 ], [ -106.524811902351047, 35.151958496943671 ], [ -106.525409051344226, 35.150725050546143 ], [ -106.525439383477362, 35.150684702208814 ], [ -106.526357699720393, 35.149512763610687 ], [ -106.526934426246342, 35.148774496946508 ], [ -106.524219050249314, 35.147323809545647 ], [ -106.523517146136896, 35.146951086634509 ], [ -106.52339115728752, 35.146884184201802 ], [ -106.522719994149483, 35.1465259979446 ], [ -106.521944655318322, 35.146093290053912 ], [ -106.521192984106023, 35.145697578232209 ], [ -106.520777497291775, 35.145484753170912 ], [ -106.520043326218257, 35.145080245584253 ], [ -106.521313916494066, 35.143473684880028 ], [ -106.523272917230528, 35.14296568401479 ], [ -106.523935917350201, 35.142699683919247 ], [ -106.52727691774912, 35.142386684378458 ], [ -106.531437919461624, 35.141295683310879 ], [ -106.532776686007949, 35.141145194252218 ], [ -106.532930848532416, 35.140893871917847 ], [ -106.533012012835442, 35.14074741237134 ], [ -106.533040036807392, 35.140693274401016 ], [ -106.533115919492957, 35.14054668378634 ], [ -106.533183550910309, 35.140316572410185 ], [ -106.533260315599904, 35.140055385618922 ], [ -106.533335305935978, 35.139518526228748 ], [ -106.533356854901228, 35.13913258164532 ], [ -106.53336634315562, 35.13889891281562 ], [ -106.537655193226911, 35.138922691231564 ], [ -106.537647022611509, 35.13921392648669 ], [ -106.537771612058521, 35.139726445266845 ], [ -106.53778564650635, 35.139767214228669 ], [ -106.537977906066871, 35.140203297722053 ], [ -106.538282618281585, 35.140973779925076 ], [ -106.538593922880978, 35.141779339851816 ], [ -106.538725674655325, 35.143227703555688 ], [ -106.538996192422232, 35.144058545759648 ], [ -106.539376651022465, 35.144750505432192 ], [ -106.539420165465017, 35.144842163536453 ], [ -106.539845923226224, 35.145802763962685 ], [ -106.540110096310869, 35.147177489944788 ], [ -106.54013041041361, 35.14754218154237 ], [ -106.540101945385373, 35.147801038238995 ], [ -106.539991921694849, 35.148050684426593 ], [ -106.539497932584837, 35.148569853744043 ], [ -106.538970975155777, 35.148858378622577 ], [ -106.539427792876268, 35.149501885591846 ], [ -106.539663421413223, 35.149956685159346 ], [ -106.539854904249736, 35.15073353366769 ], [ -106.539874548885436, 35.151313983603444 ], [ -106.539911856000685, 35.15204546115082 ], [ -106.539934832822226, 35.152533159393826 ], [ -106.539937395414555, 35.152587542974643 ], [ -106.539992750752418, 35.153525164217712 ], [ -106.539987772299611, 35.154341875309242 ], [ -106.540131922377, 35.154970685093303 ], [ -106.540396922010714, 35.155350685215495 ], [ -106.541710422380419, 35.156402685768462 ], [ -106.541913574546001, 35.156715677191983 ], [ -106.542058653390853, 35.157056016612742 ], [ -106.542100227014018, 35.157169792505584 ], [ -106.542174771613006, 35.157373797573946 ], [ -106.542202602532768, 35.157661475724659 ], [ -106.542220422981529, 35.157845685659389 ], [ -106.542250195667137, 35.158211230523676 ], [ -106.542256452120526, 35.159690731866561 ], [ -106.542257793936585, 35.160026903069209 ], [ -106.542252835866549, 35.161049802774549 ], [ -106.542252296622692, 35.161161124515672 ], [ -106.542248785955977, 35.162475743657048 ], [ -106.542251181068195, 35.163430395708673 ], [ -106.542259782920453, 35.164991995550629 ], [ -106.542260595313891, 35.165573482506538 ], [ -106.542257331436332, 35.16640740727987 ], [ -106.542261064223098, 35.167450741430542 ], [ -106.542274067413871, 35.171084783749293 ], [ -106.542274040624406, 35.171116566035224 ], [ -106.542242303357924, 35.174377254057035 ], [ -106.541694788839195, 35.174414884793407 ], [ -106.541518595181017, 35.174426709508026 ], [ -106.540053691842473, 35.174525121071241 ], [ -106.53965790172181, 35.174551684475169 ], [ -106.538437278259437, 35.174603033506727 ], [ -106.53839792311031, 35.174604688512055 ], [ -106.533438488873657, 35.174598000620428 ], [ -106.533439421502749, 35.174381157881577 ], [ -106.533455682831772, 35.169063949841956 ], [ -106.533453482580484, 35.168429907510827 ], [ -106.533448391576826, 35.166962766250585 ], [ -106.533432995694653, 35.165511890986579 ], [ -106.533453608859233, 35.164369315649076 ], [ -106.533446220342896, 35.163675243277908 ], [ -106.533508989446617, 35.163625561065537 ], [ -106.533451070036094, 35.161340802805384 ] ] ] } },
{ "type": "Feature", "properties": { "NAME": "LA MESA", "ID": 285 }, "geometry": { "type": "Polygon", "coordinates": [ [ [ -106.575176779176815, 35.087303172167253 ], [ -106.57409238083433, 35.087287863988664 ], [ -106.573585998336597, 35.087307258937038 ], [ -106.57306003253133, 35.087327401671715 ], [ -106.57196099707734, 35.087293541632079 ], [ -106.569029192550943, 35.087260086502468 ], [ -106.568642922553067, 35.087255673542487 ], [ -106.568626922265864, 35.083576672427192 ], [ -106.567461136134199, 35.083581844655548 ], [ -106.565261636344829, 35.083573344977225 ], [ -106.56197958517501, 35.083581832822972 ], [ -106.560951391396557, 35.083585104623651 ], [ -106.560001920413868, 35.083614672928604 ], [ -106.559259412213379, 35.083654342474517 ], [ -106.556864920109547, 35.083663673167159 ], [ -106.556868685509556, 35.083519462989706 ], [ -106.556873291834478, 35.08331927020599 ], [ -106.555771326025635, 35.083303718080117 ], [ -106.555772919306023, 35.083678673270853 ], [ -106.554650866313338, 35.083673580662129 ], [ -106.554656203048452, 35.083423860974079 ], [ -106.554104324209291, 35.083414919063856 ], [ -106.55419335023943, 35.079934518216028 ], [ -106.554261200543309, 35.076460549874255 ], [ -106.554262481248045, 35.076394065934878 ], [ -106.554291587812088, 35.074883413193383 ], [ -106.554306457485112, 35.074379691474512 ], [ -106.554371641441435, 35.0743075419525 ], [ -106.554843575227025, 35.07437059730281 ], [ -106.555947334244038, 35.074482224785321 ], [ -106.557051057606458, 35.074583834313707 ], [ -106.558479064687702, 35.074762605382226 ], [ -106.559217883074169, 35.074840686015449 ], [ -106.560139516142954, 35.074970582067657 ], [ -106.560360079968717, 35.074961813680353 ], [ -106.560791852373498, 35.07501990406147 ], [ -106.561457380065178, 35.07507049217692 ], [ -106.561495144742608, 35.075076809064051 ], [ -106.561875679783071, 35.075140465662031 ], [ -106.562133228981338, 35.075169113110789 ], [ -106.56318608432143, 35.075322739659278 ], [ -106.56745174345734, 35.07577459310729 ], [ -106.56760186274407, 35.075777622013945 ], [ -106.568583856796863, 35.075883474707418 ], [ -106.57074564582544, 35.076124200168692 ], [ -106.571810376107223, 35.076232211156885 ], [ -106.572946380810535, 35.07634744291547 ], [ -106.573940572422273, 35.076431971453289 ], [ -106.574196893876646, 35.076458652991505 ], [ -106.575261261619971, 35.076590534059541 ], [ -106.57745093753762, 35.076799898986515 ], [ -106.577451034538669, 35.076843117290856 ], [ -106.577470756720345, 35.077891106288845 ], [ -106.577474131264495, 35.078735663277321 ], [ -106.577459470456688, 35.07884668303609 ], [ -106.57746742980963, 35.082717348895471 ], [ -106.577456808618166, 35.083703846644468 ], [ -106.577446849194686, 35.084991818208088 ], [ -106.577467958106041, 35.086792454585044 ], [ -106.577484647747283, 35.087351114663498 ], [ -106.577360829242949, 35.087352290042126 ], [ -106.576231654446204, 35.087355333076005 ], [ -106.57579186369199, 35.087333587805063 ], [ -106.575176779176815, 35.087303172167253 ] ] ] } },
{ "type": "Feature", "properties": { "NAME": "HAWTHORNE", "ID": 270 }, "geometry": { "type": "Polygon", "coordinates": [ [ [ -106.532422515191556, 35.083173179658218 ], [ -106.532372015583846, 35.083154387377547 ], [ -106.532405980814801, 35.082311412893269 ], [ -106.532410193447021, 35.082206853815016 ], [ -106.532343650439429, 35.080057040608061 ], [ -106.532349601450292, 35.077543965708948 ], [ -106.532340927735476, 35.075697388523842 ], [ -106.532353355303655, 35.075108281519427 ], [ -106.532355845819552, 35.074654109029296 ], [ -106.532356146707528, 35.074599165310545 ], [ -106.532357059262935, 35.074432749363417 ], [ -106.532357423793712, 35.074366358768906 ], [ -106.532357545022265, 35.074344252910628 ], [ -106.532358411132407, 35.074186318892011 ], [ -106.532360531777087, 35.073799538467767 ], [ -106.532361851879656, 35.073558849437347 ], [ -106.532363121516127, 35.073327385145745 ], [ -106.532372348464619, 35.073064064586355 ], [ -106.532375872719925, 35.072963494107391 ], [ -106.532382640640705, 35.072770351543326 ], [ -106.532383348460598, 35.072750145490893 ], [ -106.532385388876165, 35.072620857069964 ], [ -106.532387025750936, 35.072576551046659 ], [ -106.532394436878121, 35.072375974440853 ], [ -106.532399214155333, 35.072246690456993 ], [ -106.532414583001938, 35.072065667794455 ], [ -106.53241747477027, 35.071929530792822 ], [ -106.532450639500183, 35.071933366799314 ], [ -106.532533234734075, 35.071943039095366 ], [ -106.533612578202138, 35.072107923707428 ], [ -106.535808251716446, 35.07231364161138 ], [ -106.540329004713726, 35.072812278295082 ], [ -106.541466485016187, 35.072906015237216 ], [ -106.542460517726525, 35.073048590481427 ], [ -106.543470506379109, 35.073125126765554 ], [ -106.544480277960034, 35.073241142660471 ], [ -106.54536383991254, 35.073363818252801 ], [ -106.545506426625352, 35.073383614927259 ], [ -106.546485235026751, 35.073485927877201 ], [ -106.54747777286542, 35.073589667722118 ], [ -106.549442486721716, 35.073785065802802 ], [ -106.550343092497315, 35.073856418683256 ], [ -106.550447919223757, 35.073867550781614 ], [ -106.552646467649467, 35.074147017560385 ], [ -106.553739367713419, 35.074259051935627 ], [ -106.554371641441435, 35.0743075419525 ], [ -106.554306457485112, 35.074379691474512 ], [ -106.554291587812088, 35.074883413193383 ], [ -106.554262481248045, 35.076394065934878 ], [ -106.554261200543309, 35.076460549874255 ], [ -106.55419335023943, 35.079934518216028 ], [ -106.554104324209291, 35.083414919063856 ], [ -106.553943660452788, 35.083410768588394 ], [ -106.553940662006937, 35.083678281658415 ], [ -106.553694131406274, 35.083679912529981 ], [ -106.553554119502479, 35.083680838208657 ], [ -106.553559586840834, 35.08341514621835 ], [ -106.553001880117407, 35.08339718758927 ], [ -106.552997575184676, 35.083677591137956 ], [ -106.552352062316004, 35.083674555250525 ], [ -106.552350942547406, 35.083387427753962 ], [ -106.551904976653844, 35.083379432297477 ], [ -106.551903087327204, 35.083618500704041 ], [ -106.551898696453549, 35.083675684743675 ], [ -106.551337493147713, 35.083677080550039 ], [ -106.550402444594837, 35.083671857912258 ], [ -106.550422638461711, 35.084017655483692 ], [ -106.550442374684309, 35.084301998238722 ], [ -106.550489577335185, 35.085430305173915 ], [ -106.55051058819204, 35.085932541208081 ], [ -106.550564638932741, 35.087014332804834 ], [ -106.550581367997722, 35.0873491418754 ], [ -106.550588137959878, 35.087434637257935 ], [ -106.550666832230434, 35.088428348348465 ], [ -106.550648225944755, 35.089179539243872 ], [ -106.550643904650713, 35.089354019597572 ], [ -106.550677510647375, 35.089982131323069 ], [ -106.543514472842588, 35.087270979608313 ], [ -106.532422515191556, 35.083173179658218 ] ] ] } },
{ "type": "Feature", "properties": { "NAME": "SANDIA BASE", "ID": 348 }, "geometry": { "type": "Polygon", "coordinates": [ [ [ -106.540329004713726, 35.072812278295082 ], [ -106.535808251716446, 35.07231364161138 ], [ -106.533612578202138, 35.072107923707428 ], [ -106.532533234734075, 35.071943039095366 ], [ -106.532450639500183, 35.071933366799314 ], [ -106.53241747477027, 35.071929530792822 ], [ -106.532488191478834, 35.071320252737927 ], [ -106.532520913291449, 35.067063672225856 ], [ -106.532543520829876, 35.065225576572303 ], [ -106.532631158952924, 35.060556978223296 ], [ -106.532651013626932, 35.05797381571049 ], [ -106.532660830036704, 35.056702609584903 ], [ -106.532670566128203, 35.055408143864277 ], [ -106.532688506286064, 35.054920363460752 ], [ -106.532717980637912, 35.054735568118787 ], [ -106.532772203993503, 35.054595250901173 ], [ -106.532789347311962, 35.052512272073741 ], [ -106.53280545552964, 35.050548929831372 ], [ -106.532764232569164, 35.050341579569505 ], [ -106.532809878668274, 35.048280803485802 ], [ -106.532906220656912, 35.043191144961796 ], [ -106.533402911559918, 35.039006668007083 ], [ -106.537275321096956, 35.036392225354518 ], [ -106.537304260210462, 35.0363730466932 ], [ -106.541712912263492, 35.033626166785943 ], [ -106.546615106817455, 35.033990602077296 ], [ -106.551517344530737, 35.034354839078411 ], [ -106.551584700063174, 35.034331288610794 ], [ -106.556243518565751, 35.037296387891296 ], [ -106.558689369793228, 35.038888154397902 ], [ -106.559025346008198, 35.039169716869559 ], [ -106.559529917541653, 35.039829666753526 ], [ -106.559672473894565, 35.040247583767695 ], [ -106.559738740993552, 35.04065437477923 ], [ -106.559680390737242, 35.042776772304933 ], [ -106.559635347550611, 35.045455571857921 ], [ -106.559629002102511, 35.048757872244991 ], [ -106.559646787060615, 35.050930559872199 ], [ -106.559641129382157, 35.053959507254632 ], [ -106.559646806985668, 35.058218044485372 ], [ -106.559666663957742, 35.059166241001186 ], [ -106.560202032857021, 35.059173184618558 ], [ -106.56039303131773, 35.059058993948717 ], [ -106.56140686848299, 35.059070819833309 ], [ -106.56161680682419, 35.059156469346313 ], [ -106.562547089341905, 35.059168139722132 ], [ -106.562640919660566, 35.061801669708991 ], [ -106.562536919504169, 35.062655669809146 ], [ -106.562377764465651, 35.063758842699166 ], [ -106.562037237349003, 35.065510574469229 ], [ -106.559414919309859, 35.065450670580496 ], [ -106.554959604137665, 35.065493278556801 ], [ -106.554917509967495, 35.066502891074641 ], [ -106.554933073473435, 35.067210384917161 ], [ -106.554929123740848, 35.069066408367355 ], [ -106.554899671337921, 35.070704051151914 ], [ -106.554888873183046, 35.071959119836229 ], [ -106.554807896903611, 35.07241298152362 ], [ -106.554839399557366, 35.072688414235188 ], [ -106.554798919002977, 35.072799672121903 ], [ -106.553736432197908, 35.072783229339123 ], [ -106.552612079949938, 35.072745470593517 ], [ -106.551503654314232, 35.072734527101744 ], [ -106.550464917432848, 35.072757672513859 ], [ -106.550447919223757, 35.073867550781614 ], [ -106.550343092497315, 35.073856418683256 ], [ -106.549442486721716, 35.073785065802802 ], [ -106.54747777286542, 35.073589667722118 ], [ -106.546485235026751, 35.073485927877201 ], [ -106.545506426625352, 35.073383614927259 ], [ -106.54536383991254, 35.073363818252801 ], [ -106.544480277960034, 35.073241142660471 ], [ -106.543470506379109, 35.073125126765554 ], [ -106.542460517726525, 35.073048590481427 ], [ -106.541466485016187, 35.072906015237216 ], [ -106.540329004713726, 35.072812278295082 ] ] ] } },
{ "type": "Feature", "properties": { "NAME": "MANZANO MESA", "ID": 260 }, "geometry": { "type": "Polygon", "coordinates": [ [ [ -106.510784907923338, 35.064004673386457 ], [ -106.509652908045695, 35.064003672651225 ], [ -106.509312382391329, 35.064070112199204 ], [ -106.508936907601367, 35.064205672810978 ], [ -106.508777950254469, 35.064281133483718 ], [ -106.508562907820249, 35.064412673508158 ], [ -106.505001216585626, 35.064420938121799 ], [ -106.504259722277283, 35.064384449392762 ], [ -106.501877641470188, 35.064342358374539 ], [ -106.498142766459239, 35.064300003573358 ], [ -106.498060943034048, 35.064298411279438 ], [ -106.498069904990331, 35.063786673923019 ], [ -106.498389905495841, 35.06362467371406 ], [ -106.498205366076249, 35.063440719730472 ], [ -106.498177905289722, 35.063413673480021 ], [ -106.498914904952869, 35.062273673401286 ], [ -106.499404905188285, 35.062274673578329 ], [ -106.502042905962611, 35.061097673440095 ], [ -106.503842242957518, 35.060360925866313 ], [ -106.504172073480291, 35.060234583172665 ], [ -106.504664906326326, 35.060023673017177 ], [ -106.507382541045445, 35.059168885610511 ], [ -106.508241455879769, 35.058898704006211 ], [ -106.510799907232411, 35.05809367177087 ], [ -106.510921907639499, 35.05528367192035 ], [ -106.511120631376798, 35.055043516659602 ], [ -106.511400907768532, 35.054704671756063 ], [ -106.51139238753322, 35.054404663590567 ], [ -106.511388769551701, 35.054275207856662 ], [ -106.511387783701608, 35.054239674330617 ], [ -106.51137990703144, 35.053961671257127 ], [ -106.510936907536703, 35.053945671107563 ], [ -106.510909906896771, 35.050422671107384 ], [ -106.508735906779009, 35.050382671214429 ], [ -106.508734185479142, 35.049848670657596 ], [ -106.508733533952778, 35.04965666940128 ], [ -106.50873297752338, 35.049458670501188 ], [ -106.508731924397551, 35.049123670969315 ], [ -106.508731181852383, 35.048899670640722 ], [ -106.508730454808415, 35.048682669232264 ], [ -106.508729672245849, 35.04844666869208 ], [ -106.508729292282041, 35.048308791577014 ], [ -106.50872899107442, 35.048198670349763 ], [ -106.508728248425754, 35.047975669710155 ], [ -106.508727522512473, 35.047758669167649 ], [ -106.508726713109695, 35.047510669267702 ], [ -106.508726112316822, 35.047292670521571 ], [ -106.508725356261721, 35.0470636697355 ], [ -106.508724597062752, 35.046833669224334 ], [ -106.508723979429362, 35.04661067007082 ], [ -106.508723236972799, 35.046386669649102 ], [ -106.508722024466408, 35.046120663814541 ], [ -106.508721995913533, 35.045983670233099 ], [ -106.5087143012383, 35.043557668702221 ], [ -106.508713303933391, 35.043241668885173 ], [ -106.508712952482469, 35.043117669631911 ], [ -106.508712169998162, 35.042882671302991 ], [ -106.520780304189628, 35.042994890070531 ], [ -106.521345582146324, 35.043063565476054 ], [ -106.527255213315158, 35.043128920198953 ], [ -106.532906220656912, 35.043191144961796 ], [ -106.532809878668274, 35.048280803485802 ], [ -106.532764232569164, 35.050341579569505 ], [ -106.53280545552964, 35.050548929831372 ], [ -106.532789347311962, 35.052512272073741 ], [ -106.532772203993503, 35.054595250901173 ], [ -106.532717980637912, 35.054735568118787 ], [ -106.532688506286064, 35.054920363460752 ], [ -106.532670566128203, 35.055408143864277 ], [ -106.532660830036704, 35.056702609584903 ], [ -106.532651013626932, 35.05797381571049 ], [ -106.532631158952924, 35.060556978223296 ], [ -106.532543520829876, 35.065225576572303 ], [ -106.532520913291449, 35.067063672225856 ], [ -106.532488191478834, 35.071320252737927 ], [ -106.53241747477027, 35.071929530792822 ], [ -106.53076907834091, 35.071751027797596 ], [ -106.524844563738995, 35.071126942189437 ], [ -106.523748150799307, 35.07099782665756 ], [ -106.523721816429031, 35.070994848171942 ], [ -106.523586130016454, 35.070979520293854 ], [ -106.521654526162635, 35.07075214351164 ], [ -106.518513078045416, 35.07040338846798 ], [ -106.518219651171918, 35.070375373983047 ], [ -106.5157162005912, 35.070136325363059 ], [ -106.515190885348829, 35.070080090814074 ], [ -106.514279532882085, 35.069982526335352 ], [ -106.512399455039514, 35.069781233095583 ], [ -106.512229002291235, 35.069762733268355 ], [ -106.511405152431692, 35.069673316299159 ], [ -106.51076190176174, 35.069603710925961 ], [ -106.510733914676251, 35.069599305257732 ], [ -106.510734147255377, 35.069576590665143 ], [ -106.510784907923338, 35.064004673386457 ] ] ] } },
{ "type": "Feature", "properties": { "NAME": "TOMASITA", "ID": 363 }, "geometry": { "type": "Polygon", "coordinates": [ [ [ -106.522278992473801, 35.086941960773224 ], [ -106.52206041549401, 35.086933886605244 ], [ -106.521425306541957, 35.086935309819602 ], [ -106.521227625997767, 35.086927187376368 ], [ -106.520415280012742, 35.086920437742961 ], [ -106.519061789607321, 35.086880804961524 ], [ -106.518062144794328, 35.086831540210696 ], [ -106.51501836816702, 35.086772958569853 ], [ -106.515086074296946, 35.083641281513025 ], [ -106.515094691143617, 35.083242432403303 ], [ -106.51511045208504, 35.082802083448165 ], [ -106.515110481571966, 35.081916315072014 ], [ -106.515209185527681, 35.07949058200677 ], [ -106.515206764518524, 35.078630602932591 ], [ -106.515231872216972, 35.078367386070219 ], [ -106.515138464386112, 35.077397346541673 ], [ -106.515106910179099, 35.076489674256301 ], [ -106.499657906409311, 35.070483674985049 ], [ -106.49866390637915, 35.069819674695147 ], [ -106.498695009378523, 35.06829988002638 ], [ -106.498861324355374, 35.068319722612181 ], [ -106.499489890186112, 35.068376775674935 ], [ -106.49984551162359, 35.068415844060958 ], [ -106.501181937386107, 35.068562651508323 ], [ -106.501328668827327, 35.068577909472495 ], [ -106.501471576783075, 35.068592743386475 ], [ -106.5015099004506, 35.068597521896749 ], [ -106.502032133275094, 35.068654039412486 ], [ -106.502138795721407, 35.068665582695715 ], [ -106.502264382734722, 35.068679173408484 ], [ -106.502451911650368, 35.06869946725417 ], [ -106.502849906628384, 35.068739378845308 ], [ -106.503453739590256, 35.068792000675863 ], [ -106.50438243121701, 35.068903834357442 ], [ -106.504484984000015, 35.068916183789888 ], [ -106.504509820388265, 35.068919174106959 ], [ -106.504903659971589, 35.068966597739106 ], [ -106.50494783922835, 35.068971416943576 ], [ -106.505100440274902, 35.068988064281271 ], [ -106.505483509980479, 35.069029852015092 ], [ -106.506415184889747, 35.069131480034137 ], [ -106.507550881266127, 35.06926465165602 ], [ -106.508433421470173, 35.069368129932464 ], [ -106.508874896033944, 35.069401714419648 ], [ -106.508964638522556, 35.06940974416549 ], [ -106.509007960031823, 35.069413620793576 ], [ -106.509079547969307, 35.069418745952603 ], [ -106.50932938927842, 35.069434950347969 ], [ -106.509628058036753, 35.069458978966203 ], [ -106.509820932814677, 35.069491826236515 ], [ -106.5099756684982, 35.069518177898836 ], [ -106.510733914676251, 35.069599305257732 ], [ -106.51076190176174, 35.069603710925961 ], [ -106.511405152431692, 35.069673316299159 ], [ -106.512229002291235, 35.069762733268355 ], [ -106.512399455039514, 35.069781233095583 ], [ -106.514279532882085, 35.069982526335352 ], [ -106.515190885348829, 35.070080090814074 ], [ -106.5157162005912, 35.070136325363059 ], [ -106.518219651171918, 35.070375373983047 ], [ -106.518513078045416, 35.07040338846798 ], [ -106.521654526162635, 35.07075214351164 ], [ -106.523586130016454, 35.070979520293854 ], [ -106.523721816429031, 35.070994848171942 ], [ -106.523748150799307, 35.07099782665756 ], [ -106.524844563738995, 35.071126942189437 ], [ -106.53076907834091, 35.071751027797596 ], [ -106.53241747477027, 35.071929530792822 ], [ -106.532414583001938, 35.072065667794455 ], [ -106.532399214155333, 35.072246690456993 ], [ -106.532394436878121, 35.072375974440853 ], [ -106.532387025750936, 35.072576551046659 ], [ -106.532385388876165, 35.072620857069964 ], [ -106.532383348460598, 35.072750145490893 ], [ -106.532382640640705, 35.072770351543326 ], [ -106.532375872719925, 35.072963494107391 ], [ -106.532372348464619, 35.073064064586355 ], [ -106.532363121516127, 35.073327385145745 ], [ -106.532361851879656, 35.073558849437347 ], [ -106.532360531777087, 35.073799538467767 ], [ -106.532358411132407, 35.074186318892011 ], [ -106.532357545022265, 35.074344252910628 ], [ -106.532357423793712, 35.074366358768906 ], [ -106.532357059262935, 35.074432749363417 ], [ -106.532356146707528, 35.074599165310545 ], [ -106.532355845819552, 35.074654109029296 ], [ -106.532353355303655, 35.075108281519427 ], [ -106.532340927735476, 35.075697388523842 ], [ -106.532349601450292, 35.077543965708948 ], [ -106.532343650439429, 35.080057040608061 ], [ -106.532410193447021, 35.082206853815016 ], [ -106.532405980814801, 35.082311412893269 ], [ -106.532372015583846, 35.083154387377547 ], [ -106.532439787621456, 35.084307488527728 ], [ -106.532555240283841, 35.086047470322463 ], [ -106.532565826651464, 35.087252054671154 ], [ -106.531825367074035, 35.087262301076038 ], [ -106.5313331835886, 35.087269109595773 ], [ -106.529889788521189, 35.087130095176903 ], [ -106.528381267023335, 35.087097776139949 ], [ -106.526506281852264, 35.087060865748555 ], [ -106.523955203944951, 35.087023741966973 ], [ -106.523809631642735, 35.086989722521764 ], [ -106.522882827450786, 35.086974952596812 ], [ -106.522278992473801, 35.086941960773224 ] ] ] } },
{ "type": "Feature", "properties": { "NAME": "PAJARITO", "ID": 333 }, "geometry": { "type": "Polygon", "coordinates": [ [ [ -106.67158048977187, 35.016656570163022 ], [ -106.672371939782892, 35.013956656384714 ], [ -106.673571940030001, 35.012056656603022 ], [ -106.680171941504597, 35.005956655057162 ], [ -106.683971942023334, 35.004056654063533 ], [ -106.686071941935097, 35.00025665393138 ], [ -106.687271941626818, 34.996556652989284 ], [ -106.684071940606231, 34.992956652914309 ], [ -106.685271940544723, 34.98615665174809 ], [ -106.68737194039808, 34.981756651027069 ], [ -106.688871940235032, 34.977756649948063 ], [ -106.692131602035261, 34.977597074506541 ], [ -106.694371941664045, 34.976836649735965 ], [ -106.695071941594065, 34.976226650015164 ], [ -106.696696653003443, 34.976446932832033 ], [ -106.696622169735619, 34.978085872191805 ], [ -106.69834986437094, 34.978262070529773 ], [ -106.698795853589147, 34.978342284342162 ], [ -106.699338470422632, 34.97849850048371 ], [ -106.699983402927614, 34.97863071392522 ], [ -106.701170587467658, 34.978834747756274 ], [ -106.701846862516192, 34.97893221576691 ], [ -106.702971943726084, 34.978976650024393 ], [ -106.705071944403613, 34.979116649446425 ], [ -106.709842313382893, 34.979212334781963 ], [ -106.710925373113085, 34.979256191857111 ], [ -106.712555593484993, 34.979278481794125 ], [ -106.71419496495534, 34.979321450391296 ], [ -106.714468359949791, 34.979326084177274 ], [ -106.715825228352188, 34.979350999035319 ], [ -106.718790567297205, 34.9794173907475 ], [ -106.719174775799786, 34.979400039216735 ], [ -106.7191867115382, 34.978340577106572 ], [ -106.723013506157201, 34.978493130930424 ], [ -106.723402784444957, 34.980218610372297 ], [ -106.72740635232509, 34.980715967001998 ], [ -106.728893442573849, 34.980720337303261 ], [ -106.728895617928671, 34.980278647455755 ], [ -106.729612921307179, 34.980247562579514 ], [ -106.734185953505985, 34.980259505411858 ], [ -106.745014261676886, 34.980266651825438 ], [ -106.74721474849305, 34.980277537530455 ], [ -106.767022589025032, 34.980368350093357 ], [ -106.878498338711182, 34.980217363117397 ], [ -106.881177318649492, 34.980216405483866 ], [ -106.932360327224657, 34.980258372907898 ], [ -106.932496322039626, 34.980258451435049 ], [ -106.93207502387834, 34.981432942224117 ], [ -106.931463133839529, 34.98313583306534 ], [ -106.929656436885509, 34.98816572251625 ], [ -106.926897363406496, 34.995846135605106 ], [ -106.926910074848251, 34.996335938421467 ], [ -106.927110865833725, 35.00402559612877 ], [ -106.926489274319763, 35.004029382804788 ], [ -106.903601984846773, 35.004166671935856 ], [ -106.886123882196088, 35.004268611103996 ], [ -106.876285525454549, 35.004389534845309 ], [ -106.876221330577977, 35.004390320372273 ], [ -106.87557810216488, 35.004398184876806 ], [ -106.875204578752829, 35.00440275056598 ], [ -106.875165001383394, 35.004403233855818 ], [ -106.797855987636979, 35.004499052857604 ], [ -106.780173407928714, 35.004440033290088 ], [ -106.767016511678946, 35.004478508332404 ], [ -106.766629425681771, 35.004479721897916 ], [ -106.766328451040124, 35.004480663534764 ], [ -106.765876385652732, 35.00448238004595 ], [ -106.765700672318232, 35.004482918433716 ], [ -106.76547417177494, 35.004483599228308 ], [ -106.765381121494215, 35.00448343452549 ], [ -106.765168573693813, 35.004483314508576 ], [ -106.762545347310123, 35.004469416227629 ], [ -106.760404694887967, 35.004498999240845 ], [ -106.745055955505634, 35.00455863975089 ], [ -106.744998815281491, 35.004558672648322 ], [ -106.717394260602205, 35.004571403439449 ], [ -106.717065982569437, 35.004509376204368 ], [ -106.714324268738267, 35.004545848574132 ], [ -106.713891006351801, 35.004635656433592 ], [ -106.713543809829602, 35.004579072792211 ], [ -106.713376025396428, 35.004551443516952 ], [ -106.713359985128051, 35.004616392046593 ], [ -106.712635333137527, 35.004546410657333 ], [ -106.712558436605121, 35.004571654393096 ], [ -106.712463617410052, 35.004604324103795 ], [ -106.711604110186684, 35.00450608005859 ], [ -106.707252188498089, 35.004466691979445 ], [ -106.706825947388936, 35.00516265332395 ], [ -106.703173946850853, 35.010009654593446 ], [ -106.702739946450663, 35.011439654954117 ], [ -106.702744366812851, 35.011886506860073 ], [ -106.702787582228638, 35.01609010263163 ], [ -106.7025939565046, 35.016240659468231 ], [ -106.697946188528007, 35.016278616841134 ], [ -106.697822946644436, 35.016369690182053 ], [ -106.695721390833427, 35.016404894599162 ], [ -106.692810186027074, 35.016453583510426 ], [ -106.686319195457344, 35.016464551595938 ], [ -106.686221965750931, 35.01645785886879 ], [ -106.684671038329938, 35.016352656925328 ], [ -106.684468942511472, 35.016481682069916 ], [ -106.671702328271436, 35.016654967781072 ], [ -106.67158048977187, 35.016656570163022 ] ] ] } },
{ "type": "Feature", "properties": { "NAME": "ALAMOSA", "ID": 210 }, "geometry": { "type": "Polygon", "coordinates": [ [ [ -106.691426341312862, 35.076823589366178 ], [ -106.69092241111143, 35.07575305462111 ], [ -106.691181832359959, 35.075769586772871 ], [ -106.691644743943286, 35.07589608770688 ], [ -106.691912360414776, 35.075425139293245 ], [ -106.691633976531278, 35.075335737554838 ], [ -106.691782512675772, 35.07500113959118 ], [ -106.691971757950711, 35.074697774484918 ], [ -106.692282830181725, 35.074521852265768 ], [ -106.692472759650002, 35.0744144391238 ], [ -106.692527944760513, 35.074271919009007 ], [ -106.692879440247225, 35.074013316083104 ], [ -106.693122856038741, 35.073776116342984 ], [ -106.693543381910274, 35.073218841162436 ], [ -106.693830160090783, 35.072881574196863 ], [ -106.694562613503223, 35.072613451399064 ], [ -106.694402408697357, 35.072528787141032 ], [ -106.694612294359473, 35.07228889109917 ], [ -106.694553838852386, 35.072265194314255 ], [ -106.694430325820747, 35.072214339831454 ], [ -106.69456731856296, 35.07202387442387 ], [ -106.694798894895101, 35.071702243052862 ], [ -106.69483890122288, 35.071722021161648 ], [ -106.695047943405982, 35.071492985451314 ], [ -106.695178360453468, 35.071555175896492 ], [ -106.695330121633503, 35.071382167952514 ], [ -106.695232573644304, 35.071330407628672 ], [ -106.695364658199125, 35.07117641682013 ], [ -106.695505869537257, 35.070935297476822 ], [ -106.6957126340983, 35.071024560610624 ], [ -106.695749923248584, 35.071040711040496 ], [ -106.695930313277046, 35.07111862587 ], [ -106.696748894428225, 35.070118348592949 ], [ -106.696771768991866, 35.070090395887462 ], [ -106.696789756244598, 35.070068415284219 ], [ -106.697066346398756, 35.069730426301014 ], [ -106.697107242515287, 35.069690873901159 ], [ -106.697555160118156, 35.069257669752794 ], [ -106.697786379819902, 35.069046746902288 ], [ -106.697860132476606, 35.068979469516215 ], [ -106.697983328585138, 35.068867086415267 ], [ -106.698654809600626, 35.068254538198367 ], [ -106.69926203931351, 35.067840053769075 ], [ -106.699340331699133, 35.06772967005552 ], [ -106.699501082238626, 35.067673486259082 ], [ -106.699537757322091, 35.067658573701202 ], [ -106.70100207844331, 35.067930663000958 ], [ -106.701028710175351, 35.067875919629607 ], [ -106.701125376582311, 35.067508500643847 ], [ -106.701133542658908, 35.067487152684095 ], [ -106.701991280401785, 35.065244747912139 ], [ -106.702215488028372, 35.064659104464631 ], [ -106.702513956843362, 35.063879476275126 ], [ -106.703126184770298, 35.062321352065517 ], [ -106.703656953707451, 35.060897040026887 ], [ -106.70370669279842, 35.060772427966818 ], [ -106.703720278888028, 35.060739375783463 ], [ -106.703869352925622, 35.060398479154792 ], [ -106.704442192103954, 35.058924296065598 ], [ -106.704845560134984, 35.057777374403045 ], [ -106.704873323960086, 35.057701466011217 ], [ -106.704897011035555, 35.057636705874536 ], [ -106.7050016508325, 35.057423708775517 ], [ -106.705143453724929, 35.057212359738124 ], [ -106.70516483237337, 35.057186844056417 ], [ -106.705258796978484, 35.057074694744969 ], [ -106.705452047397472, 35.056930263811275 ], [ -106.705555219220798, 35.056864334283397 ], [ -106.705802985870548, 35.056734302531396 ], [ -106.705807819025921, 35.056759486363255 ], [ -106.705892009180758, 35.057198082360024 ], [ -106.706235122660672, 35.057822643135538 ], [ -106.706338645621926, 35.057966139534066 ], [ -106.707307511991829, 35.059245606007529 ], [ -106.707395486303781, 35.059332503621384 ], [ -106.707906196374935, 35.060322835379708 ], [ -106.708057445042357, 35.060694297466171 ], [ -106.708793219030312, 35.062501206928225 ], [ -106.710265624811825, 35.066116874128149 ], [ -106.711091037497695, 35.068104437559363 ], [ -106.711213050712587, 35.068398232451955 ], [ -106.711496070639086, 35.069080868743931 ], [ -106.711794739977776, 35.069804440992471 ], [ -106.711829452934097, 35.069888538816897 ], [ -106.713118320195946, 35.073257826983244 ], [ -106.713141457918553, 35.073317850204255 ], [ -106.713398453446857, 35.073984538500298 ], [ -106.71353268822341, 35.074690185631283 ], [ -106.713546420334325, 35.074762368340615 ], [ -106.713438453068534, 35.075442539218784 ], [ -106.713154287591479, 35.076098036809761 ], [ -106.712908043051996, 35.07642308331139 ], [ -106.712375246950884, 35.07687405343146 ], [ -106.711355515445007, 35.077543598082713 ], [ -106.711337382461892, 35.077556423511993 ], [ -106.711039258070983, 35.077884294866273 ], [ -106.710571207026817, 35.078401791353798 ], [ -106.710519561212919, 35.078832623758224 ], [ -106.710447753871733, 35.07943946453679 ], [ -106.710537038176653, 35.079996759162256 ], [ -106.709482462783214, 35.080221095820249 ], [ -106.709418209268776, 35.080234919621375 ], [ -106.704820493424023, 35.081218249561822 ], [ -106.702023326101155, 35.081885027144409 ], [ -106.700688389103604, 35.082191831508865 ], [ -106.698285822700441, 35.082708781451437 ], [ -106.696685804443405, 35.083097402411532 ], [ -106.695505970971155, 35.083376399621827 ], [ -106.694312640571994, 35.083607452333887 ], [ -106.6942953957291, 35.08358863099717 ], [ -106.693823186442486, 35.083181733704883 ], [ -106.692625968492194, 35.082633579606821 ], [ -106.692067409144414, 35.082076466890499 ], [ -106.691577060347299, 35.081588708821236 ], [ -106.691184755370031, 35.081198237403818 ], [ -106.690311132544693, 35.080327981518707 ], [ -106.689987047090753, 35.080005950897338 ], [ -106.689898183324431, 35.079602518878239 ], [ -106.689911131653375, 35.079584698866469 ], [ -106.690301537921371, 35.079050395444575 ], [ -106.690325521954549, 35.079031932248903 ], [ -106.690508869092383, 35.078891387069113 ], [ -106.690567381865492, 35.078846533670237 ], [ -106.690797025094597, 35.078670166497453 ], [ -106.690814923647451, 35.078645729759906 ], [ -106.690830495401656, 35.078621525939241 ], [ -106.691263017799656, 35.077949262064735 ], [ -106.691373018075168, 35.076961262255793 ], [ -106.691357871675848, 35.076878451297503 ], [ -106.691348593525248, 35.076827712516298 ], [ -106.691426341312862, 35.076823589366178 ] ] ] } },
{ "type": "Feature", "properties": { "NAME": "KIT CARSON", "ID": 231 }, "geometry": { "type": "Polygon", "coordinates": [ [ [ -106.662057191679665, 35.047555526108432 ], [ -106.662061625549129, 35.047535420239925 ], [ -106.668676198593715, 35.039455033240237 ], [ -106.670590574054302, 35.038178357701014 ], [ -106.671081406532707, 35.037854483549147 ], [ -106.673038689306523, 35.038575422810979 ], [ -106.673169519039647, 35.03861435948577 ], [ -106.67353496001104, 35.038657756263568 ], [ -106.6736100862515, 35.038726962280279 ], [ -106.673817578486165, 35.038763130837644 ], [ -106.674036473062941, 35.038801625522964 ], [ -106.674086903234311, 35.038820263634264 ], [ -106.67440184326253, 35.038943432260872 ], [ -106.674480860749952, 35.039007834666904 ], [ -106.674727841146236, 35.039209133474287 ], [ -106.674783671334211, 35.039255176588533 ], [ -106.67531189891551, 35.039435846448221 ], [ -106.675654184000265, 35.03942474724262 ], [ -106.675851402802849, 35.03941835168991 ], [ -106.676132409599475, 35.039357898546477 ], [ -106.676287541995279, 35.039324524273866 ], [ -106.676348446732391, 35.039307680160618 ], [ -106.676374077633454, 35.039300436114935 ], [ -106.676911554492463, 35.039149481815791 ], [ -106.677612230327796, 35.038941928012044 ], [ -106.678595232026836, 35.038650735561795 ], [ -106.678754899305716, 35.038603437110304 ], [ -106.679496153196496, 35.038351236622475 ], [ -106.679495412824664, 35.040384929373552 ], [ -106.679998530763584, 35.040394939388271 ], [ -106.680007020390292, 35.040276012264528 ], [ -106.680027169155807, 35.039993763437913 ], [ -106.680276289365224, 35.040003591400158 ], [ -106.680283762720279, 35.039745675483353 ], [ -106.681595976576006, 35.039767397048642 ], [ -106.683902886108456, 35.040335447627776 ], [ -106.683920968032396, 35.039949443169618 ], [ -106.684007477270782, 35.039972278718885 ], [ -106.684190671683041, 35.039936718813919 ], [ -106.68418300189586, 35.040116025701707 ], [ -106.684827312032354, 35.040113058520447 ], [ -106.685176205848251, 35.040053429207383 ], [ -106.685244022449865, 35.04026833173041 ], [ -106.68549953781779, 35.04020180581346 ], [ -106.685598458147041, 35.040451528013719 ], [ -106.685640578993386, 35.040557861606267 ], [ -106.686030192798, 35.040581103471162 ], [ -106.686016816766852, 35.040549825847783 ], [ -106.685917434750905, 35.040303415813256 ], [ -106.686721029530517, 35.040103396868808 ], [ -106.686886892679013, 35.040450527558519 ], [ -106.686915803603526, 35.040511034835447 ], [ -106.68708700406053, 35.040562408058939 ], [ -106.687207139271351, 35.040598457262561 ], [ -106.687396726604419, 35.039998879040205 ], [ -106.687837067874739, 35.03991537259833 ], [ -106.690021558674275, 35.039281453961067 ], [ -106.689911652688821, 35.038915782684775 ], [ -106.690348642463306, 35.038950127907597 ], [ -106.69067218636367, 35.040104481814872 ], [ -106.69108945563795, 35.040056407988949 ], [ -106.691200145320536, 35.040489726112703 ], [ -106.691556911951537, 35.040510492391547 ], [ -106.691554931582772, 35.040831404401743 ], [ -106.691553840712857, 35.041008187081005 ], [ -106.691864405759461, 35.041047711350195 ], [ -106.694162951920873, 35.040957753073982 ], [ -106.694160176022763, 35.04083044756716 ], [ -106.696435957347077, 35.040709788059246 ], [ -106.696742947664859, 35.040902659153979 ], [ -106.696777514955116, 35.040954264759364 ], [ -106.696934447407912, 35.04119065942519 ], [ -106.697435447366885, 35.041483660061701 ], [ -106.697513580995945, 35.0415838331012 ], [ -106.697600116741924, 35.041687901843801 ], [ -106.698127194948128, 35.042321766340784 ], [ -106.698227704618745, 35.042510199133282 ], [ -106.698249263594221, 35.043768577189169 ], [ -106.698253304187091, 35.044004416961023 ], [ -106.698258331796907, 35.044148240388118 ], [ -106.69826244837752, 35.044239660033305 ], [ -106.699471602373578, 35.044977149314811 ], [ -106.702292778876966, 35.045315811233117 ], [ -106.702066949204053, 35.045743659715612 ], [ -106.70183806230682, 35.04603834776244 ], [ -106.701658005418167, 35.045981229375236 ], [ -106.699190232072709, 35.048882635310079 ], [ -106.6975196644363, 35.050882933590159 ], [ -106.69735048094374, 35.050881123627214 ], [ -106.696367650818473, 35.050935229850602 ], [ -106.695363844059642, 35.050972907562794 ], [ -106.692341947365577, 35.051174661288108 ], [ -106.691488605696918, 35.051179822322055 ], [ -106.691411438777962, 35.051189389025474 ], [ -106.69011098790881, 35.051080428281018 ], [ -106.689783883642122, 35.051120111219134 ], [ -106.68944494892591, 35.051247014236417 ], [ -106.688915129388306, 35.051541392837805 ], [ -106.688362527949224, 35.051735510269715 ], [ -106.686316145360053, 35.052313384368418 ], [ -106.685478657751659, 35.052560722637594 ], [ -106.683841397533243, 35.053094342275259 ], [ -106.683121945158149, 35.053288661944251 ], [ -106.680905945005023, 35.053465662213497 ], [ -106.67972874073817, 35.053495883718519 ], [ -106.67714936051496, 35.053502958611276 ], [ -106.676623537133864, 35.053568638388931 ], [ -106.676074442883845, 35.053366909118935 ], [ -106.675779314477936, 35.05328139728578 ], [ -106.675453404567222, 35.0532232185002 ], [ -106.675402791891202, 35.053227814032127 ], [ -106.675260969012442, 35.053272035552475 ], [ -106.674437943082751, 35.053161662339463 ], [ -106.674076634691019, 35.053063597913557 ], [ -106.673693917443046, 35.052948094566339 ], [ -106.673133502040159, 35.052705641977489 ], [ -106.672086622090802, 35.052216324091681 ], [ -106.671638956946907, 35.051957511890663 ], [ -106.67029473344364, 35.051204881510849 ], [ -106.669942812227774, 35.051008932443651 ], [ -106.6695218252854, 35.050815204401566 ], [ -106.66933557834524, 35.050747691778177 ], [ -106.668839854759312, 35.050596682831198 ], [ -106.668426581428761, 35.050429468659701 ], [ -106.668033089271503, 35.050249485169772 ], [ -106.667564433664992, 35.050013320629681 ], [ -106.666750789507887, 35.049540053790686 ], [ -106.665595667247572, 35.048996868075406 ], [ -106.665262940980242, 35.048988661983856 ], [ -106.662057191679665, 35.047555526108432 ] ] ] } },
{ "type": "Feature", "properties": { "NAME": "CHAPARRAL", "ID": 234 }, "geometry": { "type": "Polygon", "coordinates": [ [ [ -106.714185612551844, 35.147647521279858 ], [ -106.712692575921579, 35.145393008416931 ], [ -106.711595286324808, 35.145446957444584 ], [ -106.710003039752522, 35.145457159926103 ], [ -106.70082507580419, 35.145475876668144 ], [ -106.693211101577972, 35.145465830254224 ], [ -106.692808835872498, 35.145085322578971 ], [ -106.691266776845552, 35.143307450656621 ], [ -106.690816954552417, 35.142865675056974 ], [ -106.683616605137445, 35.13856861351892 ], [ -106.684510507649208, 35.137580088860446 ], [ -106.684831881461392, 35.137224690125592 ], [ -106.685001735371756, 35.137037833108899 ], [ -106.685066489318004, 35.13696659657878 ], [ -106.685182664082646, 35.136838791821809 ], [ -106.685441756491997, 35.136553760088688 ], [ -106.685976337259731, 35.135965649432912 ], [ -106.686113600469511, 35.135814639540875 ], [ -106.686391805110375, 35.135508571173624 ], [ -106.686756860936043, 35.135106948851124 ], [ -106.686828069218478, 35.135029259905217 ], [ -106.68761233551021, 35.134177305600815 ], [ -106.687642992788199, 35.134193749029023 ], [ -106.688172613288017, 35.134456053298592 ], [ -106.688205627339514, 35.134494930430321 ], [ -106.689516685297235, 35.136055013058701 ], [ -106.689657523663129, 35.136020725975484 ], [ -106.68989642870865, 35.135962564116838 ], [ -106.69004944015704, 35.13592531351479 ], [ -106.690324798709781, 35.136010461690184 ], [ -106.690448553058658, 35.136264267082183 ], [ -106.690911779681755, 35.136393482282372 ], [ -106.690923710873236, 35.136545047388637 ], [ -106.691023489002248, 35.136561502567979 ], [ -106.69164138716836, 35.136663400728501 ], [ -106.692237881080729, 35.137038510539419 ], [ -106.692248611903935, 35.137020396522217 ], [ -106.692347134203288, 35.136816902801456 ], [ -106.692393252525363, 35.13683690246819 ], [ -106.692456251981483, 35.136922286236988 ], [ -106.692484801927748, 35.136961812189497 ], [ -106.692514932367089, 35.13700300904997 ], [ -106.69261538724794, 35.137140284612371 ], [ -106.692659306035381, 35.137200301907058 ], [ -106.692851868993259, 35.137295438120518 ], [ -106.693064774988898, 35.13740062377039 ], [ -106.693307649600271, 35.137520586768403 ], [ -106.693347750317542, 35.137540133920162 ], [ -106.693390337417554, 35.137561856160509 ], [ -106.693455470128526, 35.137626701200041 ], [ -106.693599816063355, 35.137770516640707 ], [ -106.693616493035691, 35.137787139520157 ], [ -106.693726991956069, 35.137825766600926 ], [ -106.693988337701029, 35.137917850134983 ], [ -106.694126038942912, 35.138099572463304 ], [ -106.694182322446508, 35.138174543902579 ], [ -106.694479217480946, 35.138567086138821 ], [ -106.694535472062128, 35.138641462559015 ], [ -106.694758840705759, 35.13842281357838 ], [ -106.694826127227614, 35.138468103051515 ], [ -106.694886140333381, 35.138508545081443 ], [ -106.694754351385811, 35.138647190421125 ], [ -106.694675690873339, 35.138727312754014 ], [ -106.69465963287638, 35.13874366887952 ], [ -106.694715609888647, 35.138797020053765 ], [ -106.694759736049249, 35.138809370155109 ], [ -106.694794232384368, 35.138818241757768 ], [ -106.694822897833575, 35.138825614017904 ], [ -106.694951697353702, 35.138858737987185 ], [ -106.694978766952488, 35.138865454409974 ], [ -106.695293060811082, 35.138947030851668 ], [ -106.69537249240858, 35.138967654252902 ], [ -106.69579556820706, 35.139171443024182 ], [ -106.695823758263273, 35.139184572513365 ], [ -106.695860163463365, 35.139191674465977 ], [ -106.695884582477262, 35.139191846941408 ], [ -106.696765955247827, 35.139195674447073 ], [ -106.69676461436265, 35.139703255271222 ], [ -106.697124814041345, 35.139646132844184 ], [ -106.697438362327375, 35.139561640699455 ], [ -106.697468391283081, 35.139552977826284 ], [ -106.697721024761009, 35.139440855254954 ], [ -106.698301899781853, 35.139920753827184 ], [ -106.699150716829422, 35.140509074848744 ], [ -106.699168986716941, 35.140488736373932 ], [ -106.699296808044352, 35.140346441142171 ], [ -106.699367007038788, 35.140263976423036 ], [ -106.69940411874876, 35.140220379311167 ], [ -106.6995515239105, 35.140047216068609 ], [ -106.69967184710508, 35.139892868909094 ], [ -106.699829049766407, 35.139683993440691 ], [ -106.699994330631071, 35.139448790857102 ], [ -106.700095659572114, 35.139296643909347 ], [ -106.700157924558255, 35.139203150184052 ], [ -106.700300976020912, 35.138976139129774 ], [ -106.700383743149018, 35.138836841572051 ], [ -106.700449591525995, 35.138726016741501 ], [ -106.700494646652317, 35.138644502989351 ], [ -106.700516087632067, 35.138605712588976 ], [ -106.700645247005724, 35.138372037002689 ], [ -106.700828771066099, 35.137999266398928 ], [ -106.700848239441683, 35.137961815609074 ], [ -106.700863537017369, 35.137932387857624 ], [ -106.700885548068328, 35.137889977774165 ], [ -106.701003357686815, 35.137622137829851 ], [ -106.701179103212709, 35.137180074581636 ], [ -106.701296964895761, 35.136884441719168 ], [ -106.701352652675538, 35.136723394207422 ], [ -106.701432479230661, 35.136462632777011 ], [ -106.701488164951428, 35.136249631382128 ], [ -106.701494008345094, 35.136221007697799 ], [ -106.701567227281132, 35.13586234962213 ], [ -106.701606722668316, 35.135519102042274 ], [ -106.701632026634201, 35.135299193317913 ], [ -106.701637768097882, 35.135072501101796 ], [ -106.701644267968405, 35.134815835737449 ], [ -106.701621018784621, 35.134015001826825 ], [ -106.701641758725515, 35.133001062884098 ], [ -106.701636499947412, 35.132048704585912 ], [ -106.701614245959107, 35.128018038167617 ], [ -106.70164517180929, 35.12658710124736 ], [ -106.70168593950477, 35.125332376142687 ], [ -106.701682616132061, 35.124582944686047 ], [ -106.701644941719479, 35.123807586654138 ], [ -106.70167161059814, 35.12258936078301 ], [ -106.701631203009242, 35.121318595023048 ], [ -106.70164195141669, 35.121043816720871 ], [ -106.701660466540275, 35.120570483961295 ], [ -106.701651115741129, 35.118876321556513 ], [ -106.701648306232215, 35.118367271643052 ], [ -106.701631638967896, 35.117371712962218 ], [ -106.701623467604378, 35.116883619902019 ], [ -106.701658224651752, 35.115361669535062 ], [ -106.701695251111005, 35.115361519852357 ], [ -106.702690882188378, 35.115357488491277 ], [ -106.702922743138515, 35.115411255489647 ], [ -106.703783954776895, 35.11542166990985 ], [ -106.705576955209267, 35.115440670083494 ], [ -106.705956956012074, 35.115439670431023 ], [ -106.705962955691064, 35.115347670538945 ], [ -106.706968956255579, 35.115358669676972 ], [ -106.707151955472639, 35.115423669907521 ], [ -106.707193956071123, 35.115654670398683 ], [ -106.707599230123392, 35.115679778932154 ], [ -106.708061955526901, 35.115808669832866 ], [ -106.708769956772556, 35.116190670301762 ], [ -106.709244955967634, 35.115847669621665 ], [ -106.710700178806931, 35.11509615645533 ], [ -106.713697372701787, 35.11345745771974 ], [ -106.714228215203164, 35.113143048542199 ], [ -106.71464215796523, 35.112965125210074 ], [ -106.715390265423508, 35.112512300074769 ], [ -106.731194542666358, 35.112589909796327 ], [ -106.731178355239209, 35.11359786106523 ], [ -106.73102760757584, 35.114045258335651 ], [ -106.730887906560184, 35.114344739289386 ], [ -106.730668794998962, 35.114734281125315 ], [ -106.73044753734753, 35.115055923339433 ], [ -106.730314701244069, 35.115171452603498 ], [ -106.729947931312125, 35.115470354482511 ], [ -106.729701287278672, 35.115753690631927 ], [ -106.729393164005018, 35.115953787439359 ], [ -106.729198918622927, 35.116114937998937 ], [ -106.728948661103956, 35.11627631047147 ], [ -106.72875461821252, 35.116472167880033 ], [ -106.728560704612462, 35.116690293778461 ], [ -106.727995591641928, 35.117915272233695 ], [ -106.727854582140608, 35.119644779694191 ], [ -106.727904434011862, 35.121415024060326 ], [ -106.727667355287124, 35.122692909357731 ], [ -106.727029381675223, 35.123827780683115 ], [ -106.725521504329294, 35.12540155956799 ], [ -106.722247106767966, 35.128725944861912 ], [ -106.723511546754011, 35.129656374112436 ], [ -106.72286218125663, 35.130501627848581 ], [ -106.721354935913908, 35.132463469893807 ], [ -106.720469921392535, 35.133620084933412 ], [ -106.720697329814215, 35.134262169077111 ], [ -106.720703073204845, 35.134333666387576 ], [ -106.720803963117277, 35.135589582654617 ], [ -106.720813210299866, 35.13570469077321 ], [ -106.720838438237919, 35.136017846962858 ], [ -106.720839861464086, 35.136037663266414 ], [ -106.720841300048335, 35.136057478608791 ], [ -106.720869352218898, 35.136400645460498 ], [ -106.720876330855091, 35.136481169495028 ], [ -106.720890583166295, 35.136515069673997 ], [ -106.720904886980961, 35.136548955227831 ], [ -106.721018010193532, 35.136813044965344 ], [ -106.721073865928048, 35.136943375734795 ], [ -106.721190374565268, 35.137215091859105 ], [ -106.721204630195331, 35.137247618184055 ], [ -106.721218938426105, 35.137280129879528 ], [ -106.72161078153178, 35.137654279233494 ], [ -106.721636787678321, 35.137679129962891 ], [ -106.722368960615057, 35.138008672664483 ], [ -106.722854960704851, 35.138094672487526 ], [ -106.723619961703918, 35.137973672735512 ], [ -106.724098786709476, 35.138183766572126 ], [ -106.724656961477208, 35.138428672440121 ], [ -106.725510567752679, 35.13918392957148 ], [ -106.72557696133839, 35.139242672948669 ], [ -106.725732038306276, 35.139465096441178 ], [ -106.726253962351933, 35.140213672910122 ], [ -106.72624796297562, 35.144951673430405 ], [ -106.725958906201583, 35.145141467348246 ], [ -106.725519962445091, 35.145429673299276 ], [ -106.725482962073741, 35.145719673405623 ], [ -106.725609962113495, 35.145878673345301 ], [ -106.725694948717475, 35.146407133391193 ], [ -106.725719962359236, 35.14656267355079 ], [ -106.725479961954534, 35.146441673965342 ], [ -106.725091327125469, 35.146491327194219 ], [ -106.72348396244449, 35.146696674044229 ], [ -106.723103403367276, 35.146705671297788 ], [ -106.722637961514707, 35.146716674254066 ], [ -106.722364962030412, 35.147046673877419 ], [ -106.722565053128449, 35.147564199958751 ], [ -106.722659962201803, 35.147809674462771 ], [ -106.723015961616511, 35.147960673916522 ], [ -106.723407962036589, 35.148408674633046 ], [ -106.723563941871348, 35.148651727373966 ], [ -106.723713962314406, 35.148897674289046 ], [ -106.723825836998415, 35.149161415886894 ], [ -106.723810962054827, 35.149255674643506 ], [ -106.723602962071297, 35.14949867437241 ], [ -106.723397862225724, 35.150640584705549 ], [ -106.72338096278456, 35.150734674616849 ], [ -106.723302350343772, 35.150793684448388 ], [ -106.722598961918422, 35.151321674324976 ], [ -106.72243496197477, 35.151752674327106 ], [ -106.722816677956658, 35.152369695370894 ], [ -106.722904961845856, 35.152509674484172 ], [ -106.723722962263835, 35.153379674717016 ], [ -106.723719962322988, 35.153549674672675 ], [ -106.724080963045495, 35.153956674676003 ], [ -106.724032962806504, 35.154088674692034 ], [ -106.723848182357059, 35.154076945892051 ], [ -106.723204962193591, 35.15422267517507 ], [ -106.722851478019294, 35.155103814963823 ], [ -106.722613148393776, 35.155419976696543 ], [ -106.722535557050421, 35.155687386874916 ], [ -106.722367962049503, 35.155961675257259 ], [ -106.722346099884845, 35.156368648008652 ], [ -106.722328962687584, 35.156687675851963 ], [ -106.722174962472536, 35.157054675416163 ], [ -106.721657962541428, 35.15776067589757 ], [ -106.721329693609846, 35.15845508761879 ], [ -106.72096596286238, 35.158979676102291 ], [ -106.719962008463682, 35.159418368775313 ], [ -106.719920633968243, 35.15943644808096 ], [ -106.719595712813771, 35.159009994592594 ], [ -106.719429591608957, 35.158555908850545 ], [ -106.719172926542299, 35.157627157906752 ], [ -106.719039492836217, 35.157111347717461 ], [ -106.718554607746398, 35.155236885034888 ], [ -106.71814896146229, 35.153668675548865 ], [ -106.718056938505299, 35.15327785089471 ], [ -106.717257336048192, 35.152271501031095 ], [ -106.717242738749022, 35.152253129167107 ], [ -106.716316617800544, 35.150810736003834 ], [ -106.71508442097975, 35.148946949903873 ], [ -106.714604014532014, 35.148203693765431 ], [ -106.714185612551844, 35.147647521279858 ] ] ] } },
{ "type": "Feature", "properties": { "NAME": "LOS RANCHOS", "ID": 336 }, "geometry": { "type": "Polygon", "coordinates": [ [ [ -106.646191444660218, 35.187309357585548 ], [ -106.644612242181907, 35.1868735583367 ], [ -106.644078619734401, 35.187738659474547 ], [ -106.642119407838962, 35.187157957537103 ], [ -106.64218718547626, 35.186769460465882 ], [ -106.639261420593215, 35.186026124738021 ], [ -106.638105355684601, 35.185693739556278 ], [ -106.637779778559306, 35.185600128597507 ], [ -106.636016034627346, 35.18503146308764 ], [ -106.633793994426895, 35.18431498706196 ], [ -106.633604342962229, 35.184236885000622 ], [ -106.631120140207173, 35.183546855507466 ], [ -106.628806690950469, 35.182875443399034 ], [ -106.627599200130547, 35.182525725018138 ], [ -106.626385110156789, 35.182176556818256 ], [ -106.625267054762347, 35.181872605222637 ], [ -106.6247334072022, 35.181724874382105 ], [ -106.620002052418172, 35.180419583390105 ], [ -106.619702250697799, 35.180350721032958 ], [ -106.615545067951246, 35.179272749398606 ], [ -106.618846940805028, 35.17340818403175 ], [ -106.618966008082793, 35.173133209854647 ], [ -106.619600138518209, 35.17162048921324 ], [ -106.620016786679344, 35.170626543144763 ], [ -106.620074093984755, 35.170480708585167 ], [ -106.625033712615163, 35.157060051825702 ], [ -106.625943448994462, 35.157215308685593 ], [ -106.626066557550885, 35.157266530675535 ], [ -106.62626894118992, 35.157427680818316 ], [ -106.633346942956877, 35.158281680187116 ], [ -106.633622942845136, 35.158201680600079 ], [ -106.636575943379356, 35.158574680292773 ], [ -106.636820862065846, 35.157838942009775 ], [ -106.637579943546612, 35.157930679952408 ], [ -106.638668184216456, 35.158071192125789 ], [ -106.64347194474027, 35.15873667978267 ], [ -106.643384944796324, 35.159198680428396 ], [ -106.645651996778426, 35.159496263475113 ], [ -106.646319155384404, 35.159603258432782 ], [ -106.650056947006689, 35.160126680258571 ], [ -106.650676018671689, 35.160014809925585 ], [ -106.650770946798247, 35.160022680140251 ], [ -106.652217723836245, 35.160216422893718 ], [ -106.653934947851383, 35.160470680235761 ], [ -106.653638301909254, 35.160621082068474 ], [ -106.653368947391357, 35.160833680167073 ], [ -106.653081793266495, 35.161235344070022 ], [ -106.65266645037984, 35.16200087411849 ], [ -106.6583689490094, 35.162789680358884 ], [ -106.658015948771123, 35.163696679798399 ], [ -106.663276299267338, 35.164828628576224 ], [ -106.658497261843308, 35.168817932905483 ], [ -106.658474663566977, 35.168832375369604 ], [ -106.656412766790808, 35.174139752647093 ], [ -106.655704949625814, 35.175946682093617 ], [ -106.654589949751042, 35.17812568207777 ], [ -106.654153949416539, 35.180065683218174 ], [ -106.65357294989073, 35.181412683196257 ], [ -106.653538949366663, 35.181438683108176 ], [ -106.653039763211112, 35.182014503340298 ], [ -106.652726313215041, 35.182393227301382 ], [ -106.652708656350953, 35.182423654589137 ], [ -106.652086852756781, 35.183745525301823 ], [ -106.647550435763407, 35.187702428795809 ], [ -106.647376546091962, 35.18785449700993 ], [ -106.646191444660218, 35.187309357585548 ] ] ] } },
{ "type": "Feature", "properties": { "NAME": "GRIEGOS", "ID": 267 }, "geometry": { "type": "Polygon", "coordinates": [ [ [ -106.676550600062171, 35.139749145046167 ], [ -106.676600507539305, 35.139598936559892 ], [ -106.676559520393027, 35.139586447094814 ], [ -106.675380022172263, 35.139265362742144 ], [ -106.673845069115103, 35.13876416425498 ], [ -106.673827950017809, 35.138487675312682 ], [ -106.672969949588833, 35.138211675837823 ], [ -106.673140949608822, 35.137910675100102 ], [ -106.671900238900477, 35.137526598910078 ], [ -106.670724196360979, 35.137162526508533 ], [ -106.669745949754471, 35.136859675274572 ], [ -106.669683949823977, 35.137020675359807 ], [ -106.669585659566209, 35.137045828885867 ], [ -106.669127494617214, 35.136818903376515 ], [ -106.66910323697364, 35.136807035908774 ], [ -106.668872948581978, 35.136694675481429 ], [ -106.667612949081956, 35.136321675371448 ], [ -106.667038244082462, 35.135925433727238 ], [ -106.666987806665674, 35.135901558522377 ], [ -106.666748776029308, 35.135784747524198 ], [ -106.666633948492816, 35.135727675194524 ], [ -106.666373520584827, 35.135642538981294 ], [ -106.666253584109967, 35.135603114311273 ], [ -106.665992937807047, 35.135559886226098 ], [ -106.665488240820849, 35.135477901238488 ], [ -106.665392303434686, 35.135449185537574 ], [ -106.665226406227745, 35.135399529115134 ], [ -106.664633065011856, 35.135224156100982 ], [ -106.664062948404293, 35.1350546756019 ], [ -106.663828808159522, 35.13496357476329 ], [ -106.663490805072982, 35.134806171382813 ], [ -106.663260900543293, 35.13468766005154 ], [ -106.663106349787327, 35.134621156366237 ], [ -106.662945778313315, 35.134552062410329 ], [ -106.662788857240002, 35.134521314126296 ], [ -106.662591094134655, 35.134521987562351 ], [ -106.661547514738672, 35.134345589269905 ], [ -106.659473961961368, 35.13397680917106 ], [ -106.658430572702883, 35.133806546517818 ], [ -106.658436946732053, 35.133730675564493 ], [ -106.658446706002238, 35.133465621138733 ], [ -106.658441946471584, 35.133442675544714 ], [ -106.658449129448528, 35.133399816421651 ], [ -106.658455946417931, 35.133214675179829 ], [ -106.658531079398486, 35.132910828401535 ], [ -106.658562946782922, 35.132720675390424 ], [ -106.658704947001539, 35.132207674851713 ], [ -106.659338289372073, 35.130862800624719 ], [ -106.659452946792896, 35.1301076745495 ], [ -106.658857946494877, 35.129235674828259 ], [ -106.65828394565473, 35.129157674931108 ], [ -106.658226945910059, 35.129222674640914 ], [ -106.655320945853518, 35.128461674530783 ], [ -106.655274979180632, 35.12838158594424 ], [ -106.65539738642515, 35.128174853393162 ], [ -106.654267518586721, 35.127942092142696 ], [ -106.654117178844601, 35.128425440985644 ], [ -106.65339069423834, 35.128264801058044 ], [ -106.65333659616239, 35.128126949723445 ], [ -106.653236599456022, 35.128072127414242 ], [ -106.652609945168109, 35.127937674785329 ], [ -106.652574944524133, 35.128051675366883 ], [ -106.651679032382091, 35.127889283687992 ], [ -106.651890944124617, 35.127100674869325 ], [ -106.652160944811754, 35.126651674344551 ], [ -106.652079944716888, 35.126560675143608 ], [ -106.652292945050164, 35.125340674169962 ], [ -106.652411537821649, 35.124732109882807 ], [ -106.652639809251156, 35.123818458453975 ], [ -106.652990525210043, 35.122153035398135 ], [ -106.654050224356538, 35.122458216510857 ], [ -106.655014945283369, 35.122705674114215 ], [ -106.65708269525409, 35.122980065597623 ], [ -106.658076821463538, 35.123088693346872 ], [ -106.659075946296397, 35.1232136735604 ], [ -106.659861961924051, 35.123370169695505 ], [ -106.660582946427894, 35.123530673413157 ], [ -106.661016640513822, 35.12355062372869 ], [ -106.662019324412597, 35.123523238278182 ], [ -106.663019366214854, 35.123456637872358 ], [ -106.664020947046524, 35.123415673746152 ], [ -106.664996864028424, 35.12358177774513 ], [ -106.665353132333465, 35.123683242176789 ], [ -106.665945038370239, 35.12385151200634 ], [ -106.666379017422557, 35.12394693654317 ], [ -106.667127948013444, 35.12405567395723 ], [ -106.667706274978428, 35.124104466224317 ], [ -106.668542161203646, 35.124092657471806 ], [ -106.669046121341054, 35.124121477953828 ], [ -106.669860257232443, 35.124086024544525 ], [ -106.670329948713331, 35.124116673841748 ], [ -106.671187949018858, 35.124265673025683 ], [ -106.671358973648665, 35.124339744551662 ], [ -106.67325332948225, 35.124883711037391 ], [ -106.67384194911854, 35.125099673539637 ], [ -106.673922803964103, 35.124751910999173 ], [ -106.674013438523986, 35.124568222566097 ], [ -106.674387788185996, 35.123250041859208 ], [ -106.674543419464413, 35.122861115621347 ], [ -106.67481917247116, 35.122017570489085 ], [ -106.675328949719429, 35.120409672403078 ], [ -106.675456806645258, 35.119812800856707 ], [ -106.67553523275393, 35.119145209225877 ], [ -106.675559321360737, 35.118713379952986 ], [ -106.675558423113912, 35.118540649518529 ], [ -106.675533098113931, 35.118435104989508 ], [ -106.675528948240213, 35.117936634317608 ], [ -106.67543527958351, 35.117460154034553 ], [ -106.675326070797226, 35.11701516615971 ], [ -106.675140087921122, 35.116383933350527 ], [ -106.674881949036774, 35.115616672192743 ], [ -106.675472948398792, 35.115560671943257 ], [ -106.675598949304458, 35.115781672139789 ], [ -106.676586948638572, 35.115795672043078 ], [ -106.676957199397549, 35.115057248157491 ], [ -106.678164659873289, 35.115327692054343 ], [ -106.679467742034078, 35.115625362237701 ], [ -106.680721757603109, 35.115865859736481 ], [ -106.682358950961543, 35.116223671748607 ], [ -106.68222237851171, 35.116590382726208 ], [ -106.687746951398822, 35.117472671667564 ], [ -106.68856995148569, 35.117318671030972 ], [ -106.690096252106926, 35.117294576590325 ], [ -106.692370902915158, 35.117258632299205 ], [ -106.692224371505475, 35.117654187394621 ], [ -106.690075499747493, 35.123454545951297 ], [ -106.690875404947747, 35.125554547885628 ], [ -106.687629239935418, 35.134116627803763 ], [ -106.687617023524382, 35.134148844482901 ], [ -106.68761233551021, 35.134177305600815 ], [ -106.686828069218478, 35.135029259905217 ], [ -106.686756860936043, 35.135106948851124 ], [ -106.686391805110375, 35.135508571173624 ], [ -106.686113600469511, 35.135814639540875 ], [ -106.685976337259731, 35.135965649432912 ], [ -106.685441756491997, 35.136553760088688 ], [ -106.685182664082646, 35.136838791821809 ], [ -106.685066489318004, 35.13696659657878 ], [ -106.685001735371756, 35.137037833108899 ], [ -106.684831881461392, 35.137224690125592 ], [ -106.684510507649208, 35.137580088860446 ], [ -106.683616605137445, 35.13856861351892 ], [ -106.68250851556806, 35.139785229543648 ], [ -106.682304374916612, 35.140009828916597 ], [ -106.681784444858877, 35.140583432545576 ], [ -106.681050875817689, 35.141389066711383 ], [ -106.677619290426961, 35.140061596355331 ], [ -106.676988462337377, 35.139880593131288 ], [ -106.676890267363902, 35.139851487990086 ], [ -106.676550600062171, 35.139749145046167 ] ] ] } },
{ "type": "Feature", "properties": { "NAME": "EAST SAN JOSE", "ID": 252 }, "geometry": { "type": "Polygon", "coordinates": [ [ [ -106.637876228460854, 35.04054581247847 ], [ -106.639632400870084, 35.040540185706355 ], [ -106.641750173691804, 35.040505044473115 ], [ -106.642422862692527, 35.04071529445045 ], [ -106.642802489473524, 35.040884006662786 ], [ -106.643033827881595, 35.041220928335854 ], [ -106.643100935666695, 35.041318662712321 ], [ -106.643150048475917, 35.041379184483212 ], [ -106.643247439967041, 35.04149766511032 ], [ -106.643291774280513, 35.041551601816593 ], [ -106.643356336299718, 35.041630785032673 ], [ -106.643376926793451, 35.041688509091045 ], [ -106.643388531909423, 35.041720007248841 ], [ -106.643426654521477, 35.041823482154776 ], [ -106.64343747897145, 35.04185286260396 ], [ -106.643563688172804, 35.042195426436813 ], [ -106.643592912909739, 35.042291088340846 ], [ -106.643616913974142, 35.042359381725028 ], [ -106.643643745040634, 35.042435181395099 ], [ -106.643668749103455, 35.04250621285324 ], [ -106.643688278988392, 35.042562103114506 ], [ -106.643701935734612, 35.042599662307893 ], [ -106.643736863862344, 35.042624285932554 ], [ -106.645188688469688, 35.043647782817786 ], [ -106.64528373745496, 35.043700440269518 ], [ -106.645385503126192, 35.04375596403532 ], [ -106.645475110157832, 35.043805213521921 ], [ -106.645588634200763, 35.043867569715118 ], [ -106.645670654348763, 35.04391254292721 ], [ -106.645777818287343, 35.0439713417883 ], [ -106.645848290193015, 35.044009554640525 ], [ -106.645928936297864, 35.044053662250256 ], [ -106.646213851065042, 35.044144720723025 ], [ -106.646265271800232, 35.044160953048902 ], [ -106.646402763560729, 35.044204908021058 ], [ -106.646430936748374, 35.044213662896809 ], [ -106.647739497618858, 35.044353566899971 ], [ -106.647841044956238, 35.044363547564217 ], [ -106.6479857045546, 35.044361210716552 ], [ -106.648420929476231, 35.044354177017503 ], [ -106.648907005010244, 35.04434632012002 ], [ -106.649451888351976, 35.044337509547702 ], [ -106.649691759323574, 35.044333806961603 ], [ -106.649901888072208, 35.044330561618665 ], [ -106.650298675609363, 35.04432435821947 ], [ -106.650944202842439, 35.044314264119755 ], [ -106.651396879458858, 35.044307182807586 ], [ -106.651560749003934, 35.04430496835095 ], [ -106.651650794305311, 35.044303813006124 ], [ -106.654169879220802, 35.044264124545357 ], [ -106.654243876110385, 35.044262972958407 ], [ -106.654685268715411, 35.044255691609322 ], [ -106.650566018585067, 35.065473407384424 ], [ -106.650506932635224, 35.065777664651463 ], [ -106.649058787014098, 35.065783166926032 ], [ -106.645444879486632, 35.065686186094673 ], [ -106.64418707767544, 35.065680633730146 ], [ -106.642962446795977, 35.065708949385588 ], [ -106.641767328299551, 35.065724895747273 ], [ -106.64057989417276, 35.065759287257549 ], [ -106.639444190260576, 35.065775290737506 ], [ -106.639076445813515, 35.065826499947718 ], [ -106.638875436046163, 35.063344666232759 ], [ -106.638275435988746, 35.061074665954457 ], [ -106.638075435921223, 35.059474665971095 ], [ -106.637975434589549, 35.050554663924565 ], [ -106.638075434635212, 35.048254663714445 ], [ -106.638048197664318, 35.047430871809851 ], [ -106.637860914486922, 35.041454127112928 ], [ -106.637866810447662, 35.041104409195832 ], [ -106.637876228460854, 35.04054581247847 ] ] ] } },
{ "type": "Feature", "properties": { "NAME": "WHERRY", "ID": 376 }, "geometry": { "type": "Polygon", "coordinates": [ [ [ -106.560791852373498, 35.07501990406147 ], [ -106.560360079968717, 35.074961813680353 ], [ -106.560139516142954, 35.074970582067657 ], [ -106.559217883074169, 35.074840686015449 ], [ -106.558479064687702, 35.074762605382226 ], [ -106.557051057606458, 35.074583834313707 ], [ -106.555947334244038, 35.074482224785321 ], [ -106.554843575227025, 35.07437059730281 ], [ -106.554371641441435, 35.0743075419525 ], [ -106.553739367713419, 35.074259051935627 ], [ -106.552646467649467, 35.074147017560385 ], [ -106.550447919223757, 35.073867550781614 ], [ -106.550464917432848, 35.072757672513859 ], [ -106.551503654314232, 35.072734527101744 ], [ -106.552612079949938, 35.072745470593517 ], [ -106.553736432197908, 35.072783229339123 ], [ -106.554798919002977, 35.072799672121903 ], [ -106.554839399557366, 35.072688414235188 ], [ -106.554807896903611, 35.07241298152362 ], [ -106.554888873183046, 35.071959119836229 ], [ -106.554899671337921, 35.070704051151914 ], [ -106.554929123740848, 35.069066408367355 ], [ -106.554933073473435, 35.067210384917161 ], [ -106.554917509967495, 35.066502891074641 ], [ -106.554959604137665, 35.065493278556801 ], [ -106.559414919309859, 35.065450670580496 ], [ -106.562037237349003, 35.065510574469229 ], [ -106.562377764465651, 35.063758842699166 ], [ -106.562536919504169, 35.062655669809146 ], [ -106.562640919660566, 35.061801669708991 ], [ -106.562547089341905, 35.059168139722132 ], [ -106.56161680682419, 35.059156469346313 ], [ -106.56140686848299, 35.059070819833309 ], [ -106.56039303131773, 35.059058993948717 ], [ -106.560202032857021, 35.059173184618558 ], [ -106.559666663957742, 35.059166241001186 ], [ -106.559646806985668, 35.058218044485372 ], [ -106.559641129382157, 35.053959507254632 ], [ -106.559646787060615, 35.050930559872199 ], [ -106.559629002102511, 35.048757872244991 ], [ -106.559635347550611, 35.045455571857921 ], [ -106.559680390737242, 35.042776772304933 ], [ -106.559738740993552, 35.04065437477923 ], [ -106.559672473894565, 35.040247583767695 ], [ -106.559529917541653, 35.039829666753526 ], [ -106.559025346008198, 35.039169716869559 ], [ -106.558689369793228, 35.038888154397902 ], [ -106.556243518565751, 35.037296387891296 ], [ -106.551584700063174, 35.034331288610794 ], [ -106.556571916265298, 35.032556665410951 ], [ -106.561221819229004, 35.03430675591774 ], [ -106.565871918259077, 35.036056665787072 ], [ -106.568918777935139, 35.040406473172361 ], [ -106.568980864096602, 35.040495329433242 ], [ -106.569143896755847, 35.041795328458797 ], [ -106.569117435312577, 35.042112849051328 ], [ -106.569080894620598, 35.042196559420866 ], [ -106.569045599188513, 35.042277210545656 ], [ -106.56901850407813, 35.042819563841235 ], [ -106.569037596727554, 35.043765102739336 ], [ -106.569072797483472, 35.045505587857356 ], [ -106.569078710298911, 35.046680287393478 ], [ -106.569078186507895, 35.047757130115073 ], [ -106.569077981668414, 35.048176039959401 ], [ -106.569077557461029, 35.049702666414809 ], [ -106.56907664873178, 35.049992430995133 ], [ -106.568914920128108, 35.052550668023663 ], [ -106.569081855305271, 35.052577762400446 ], [ -106.569767686760457, 35.05278304206356 ], [ -106.572713653611245, 35.0537167000086 ], [ -106.573229668885745, 35.05387508042547 ], [ -106.575700076097519, 35.054633284102827 ], [ -106.576763373893328, 35.055021245737301 ], [ -106.576903663510677, 35.055054787934601 ], [ -106.5770510678215, 35.055100923122673 ], [ -106.577560724865563, 35.055276491222152 ], [ -106.577618199344471, 35.055296290748331 ], [ -106.579579018994096, 35.055883261478129 ], [ -106.585771924794528, 35.057833668058834 ], [ -106.586422395522433, 35.058308032246238 ], [ -106.586454872300422, 35.058331715470501 ], [ -106.586484924625069, 35.058353668297997 ], [ -106.585353208790337, 35.058366435186223 ], [ -106.583156127475036, 35.058352925604197 ], [ -106.581995275428142, 35.058331587570315 ], [ -106.580959355942099, 35.058326662992705 ], [ -106.579864871494124, 35.058316572023443 ], [ -106.57760092214447, 35.058262668073269 ], [ -106.577198959707175, 35.05825574436497 ], [ -106.576564434692372, 35.058244813009033 ], [ -106.575504880071492, 35.058247660731688 ], [ -106.575465619766234, 35.058247602907961 ], [ -106.574366369596063, 35.058210501618156 ], [ -106.573273295771642, 35.058213419469944 ], [ -106.572185193517981, 35.058216314268101 ], [ -106.571057395120135, 35.058219304373495 ], [ -106.56877557178467, 35.058224961465555 ], [ -106.568777427236071, 35.058525493530837 ], [ -106.568655058809, 35.05852613865833 ], [ -106.567780001940818, 35.058541283545978 ], [ -106.567264774516502, 35.058661490592975 ], [ -106.566882497464661, 35.058813471766101 ], [ -106.566457419267778, 35.059010536349597 ], [ -106.566153472662904, 35.059213709414429 ], [ -106.565779834193307, 35.059580894531194 ], [ -106.565550545137953, 35.05989630542382 ], [ -106.565310275587734, 35.060404486498257 ], [ -106.565241076145369, 35.060696993621953 ], [ -106.565202625551024, 35.060857712983406 ], [ -106.56478650376215, 35.064588595888964 ], [ -106.564698986932555, 35.064922528842239 ], [ -106.564397920448556, 35.065519670025893 ], [ -106.564395104371187, 35.06719490047012 ], [ -106.564352972424075, 35.069012149019422 ], [ -106.564299737324788, 35.070814026170972 ], [ -106.564294837662942, 35.071163657843428 ], [ -106.564270921292263, 35.072737671587646 ], [ -106.565345643814325, 35.072729529196934 ], [ -106.566422183894076, 35.072704006850266 ], [ -106.567506233453912, 35.072702886611161 ], [ -106.568648439309413, 35.072680567478066 ], [ -106.568555922332351, 35.073811671637557 ], [ -106.568583856796863, 35.075883474707418 ], [ -106.56760186274407, 35.075777622013945 ], [ -106.56745174345734, 35.07577459310729 ], [ -106.56318608432143, 35.075322739659278 ], [ -106.562133228981338, 35.075169113110789 ], [ -106.561875679783071, 35.075140465662031 ], [ -106.561495144742608, 35.075076809064051 ], [ -106.561457380065178, 35.07507049217692 ], [ -106.560791852373498, 35.07501990406147 ] ] ] } },
{ "type": "Feature", "properties": { "NAME": "KIRTLAND", "ID": 279 }, "geometry": { "type": "Polygon", "coordinates": [ [ [ -106.600014039529398, 35.065010344488705 ], [ -106.600006262773519, 35.064432668244265 ], [ -106.600005928078531, 35.063677668007692 ], [ -106.599848927772101, 35.062952667636026 ], [ -106.598439946859017, 35.062941449749552 ], [ -106.595796171746642, 35.062942484199738 ], [ -106.595697077109747, 35.062876979994321 ], [ -106.595274333623422, 35.062861581875246 ], [ -106.595282926634937, 35.062696667981179 ], [ -106.595284056018599, 35.062633682543463 ], [ -106.595287179149139, 35.062478910300079 ], [ -106.595292926251446, 35.062194034743186 ], [ -106.595329362785677, 35.060140004386234 ], [ -106.595246555185881, 35.060093361511285 ], [ -106.595243940400593, 35.058223644934394 ], [ -106.594597928588755, 35.05822130621376 ], [ -106.590869921159324, 35.058209514395443 ], [ -106.588669679397015, 35.058202856466544 ], [ -106.587666933462145, 35.058199764373271 ], [ -106.58707992420392, 35.058197667584864 ], [ -106.586484924625069, 35.058353668297997 ], [ -106.586454872300422, 35.058331715470501 ], [ -106.586422395522433, 35.058308032246238 ], [ -106.585771924794528, 35.057833668058834 ], [ -106.579579018994096, 35.055883261478129 ], [ -106.577618199344471, 35.055296290748331 ], [ -106.577560724865563, 35.055276491222152 ], [ -106.5770510678215, 35.055100923122673 ], [ -106.576903663510677, 35.055054787934601 ], [ -106.576763373893328, 35.055021245737301 ], [ -106.575700076097519, 35.054633284102827 ], [ -106.573229668885745, 35.05387508042547 ], [ -106.572713653611245, 35.0537167000086 ], [ -106.569767686760457, 35.05278304206356 ], [ -106.569081855305271, 35.052577762400446 ], [ -106.568914920128108, 35.052550668023663 ], [ -106.56907664873178, 35.049992430995133 ], [ -106.569077557461029, 35.049702666414809 ], [ -106.569077981668414, 35.048176039959401 ], [ -106.569078186507895, 35.047757130115073 ], [ -106.569078710298911, 35.046680287393478 ], [ -106.569072797483472, 35.045505587857356 ], [ -106.569037596727554, 35.043765102739336 ], [ -106.56901850407813, 35.042819563841235 ], [ -106.569045599188513, 35.042277210545656 ], [ -106.569080894620598, 35.042196559420866 ], [ -106.569117435312577, 35.042112849051328 ], [ -106.569143896755847, 35.041795328458797 ], [ -106.569837465611982, 35.041713822785859 ], [ -106.57009611064683, 35.041720022481471 ], [ -106.581995725642017, 35.041828197135075 ], [ -106.582070052017357, 35.041828804152232 ], [ -106.585405250549783, 35.041859505649306 ], [ -106.585519936976937, 35.041860559686697 ], [ -106.585850183558975, 35.041862982322385 ], [ -106.585889248189687, 35.041863211331723 ], [ -106.58726909920604, 35.041875275477899 ], [ -106.589863809687344, 35.041775875132018 ], [ -106.590286754232366, 35.041759666825222 ], [ -106.590321536619527, 35.041737484351117 ], [ -106.590422763527812, 35.041673683363641 ], [ -106.590473857611514, 35.041641399269551 ], [ -106.59720200034576, 35.041505979328093 ], [ -106.597226756479841, 35.04147900615726 ], [ -106.597479808864605, 35.041190506230528 ], [ -106.597599399057714, 35.041050168449338 ], [ -106.597598119947833, 35.041026104882697 ], [ -106.597578637136067, 35.040722532077382 ], [ -106.597501178121007, 35.039515603360925 ], [ -106.597536778853311, 35.03951057580754 ], [ -106.602570725798699, 35.039393064489914 ], [ -106.609419440455625, 35.038567852557776 ], [ -106.619857546450106, 35.037309375112528 ], [ -106.621780485383468, 35.037077432654186 ], [ -106.619791931068519, 35.041914663649472 ], [ -106.616874929820071, 35.046099664330008 ], [ -106.615319930511731, 35.048632665381646 ], [ -106.614572930537676, 35.050266665226403 ], [ -106.613996930651766, 35.052270665171143 ], [ -106.613926379475103, 35.052392024003794 ], [ -106.61369574642535, 35.052643796506999 ], [ -106.613517069853117, 35.053152713810768 ], [ -106.613423913423233, 35.054237062915185 ], [ -106.61326852919963, 35.05637941093859 ], [ -106.613251714529241, 35.0571027776422 ], [ -106.613283530342812, 35.058439660459484 ], [ -106.611649342690114, 35.058367430819374 ], [ -106.60875620506782, 35.058325535313656 ], [ -106.608710194670891, 35.059280498490232 ], [ -106.608663415996332, 35.061094095942607 ], [ -106.608671406806039, 35.064080965417688 ], [ -106.608327885423336, 35.064085625293856 ], [ -106.608325798323435, 35.064269382887169 ], [ -106.608179317921113, 35.064269093446072 ], [ -106.608125647945101, 35.064268986886276 ], [ -106.606841257923108, 35.064266436713766 ], [ -106.60680692628533, 35.064266368233078 ], [ -106.606806523630212, 35.064304351456975 ], [ -106.606802968772456, 35.06463939154505 ], [ -106.606500786031035, 35.064638077789681 ], [ -106.606440365711933, 35.064637815441429 ], [ -106.606202313571998, 35.06463677942962 ], [ -106.606204095093801, 35.064383852076681 ], [ -106.606204928424376, 35.064265495378642 ], [ -106.606093864393529, 35.064265366241798 ], [ -106.604761934706175, 35.064263805312741 ], [ -106.604718806788313, 35.064263754755537 ], [ -106.604718032801884, 35.06430432264073 ], [ -106.604711910371861, 35.064625412023076 ], [ -106.604374493076151, 35.06462137894443 ], [ -106.604298455547919, 35.06462996569666 ], [ -106.604295929351295, 35.064831168631876 ], [ -106.603425436242489, 35.064824652966294 ], [ -106.602634002356112, 35.064828565490579 ], [ -106.602635622910398, 35.064986139285409 ], [ -106.602491270596843, 35.064984103287919 ], [ -106.602442439360885, 35.064983414938979 ], [ -106.602189511431519, 35.064979846923592 ], [ -106.602090696574805, 35.06497845257455 ], [ -106.601992822491837, 35.064977071641216 ], [ -106.60199403455627, 35.064850769314432 ], [ -106.601993426763428, 35.064816709477384 ], [ -106.600450034190246, 35.064812354048172 ], [ -106.600341130739579, 35.064812045732381 ], [ -106.600340216795118, 35.064920187312325 ], [ -106.600339494969603, 35.065005548484258 ], [ -106.600245987362342, 35.065007133750889 ], [ -106.600120072682444, 35.065009070308498 ], [ -106.600014039529398, 35.065010344488705 ] ] ] } },
{ "type": "Feature", "properties": { "NAME": "WHITTIER", "ID": 379 }, "geometry": { "type": "Polygon", "coordinates": [ [ [ -106.568555922332351, 35.073811671637557 ], [ -106.568648439309413, 35.072680567478066 ], [ -106.56971191058183, 35.072665178151119 ], [ -106.570814454524182, 35.072675338864215 ], [ -106.571881446534391, 35.072683510556509 ], [ -106.573047979873976, 35.072705111736575 ], [ -106.5741032684804, 35.072724145000329 ], [ -106.577487405225341, 35.072753699220534 ], [ -106.57750153264179, 35.070969683781342 ], [ -106.577531884920475, 35.069149652209653 ], [ -106.577541878783336, 35.067350231028406 ], [ -106.577532330581576, 35.065503169497248 ], [ -106.577564935265457, 35.063726765338259 ], [ -106.577612407104084, 35.061914528955441 ], [ -106.577618205588109, 35.060106190707756 ], [ -106.577615825050756, 35.058285902622352 ], [ -106.57760092214447, 35.058262668073269 ], [ -106.579864871494124, 35.058316572023443 ], [ -106.580959355942099, 35.058326662992705 ], [ -106.581995275428142, 35.058331587570315 ], [ -106.583156127475036, 35.058352925604197 ], [ -106.585353208790337, 35.058366435186223 ], [ -106.586484924625069, 35.058353668297997 ], [ -106.58707992420392, 35.058197667584864 ], [ -106.587666933462145, 35.058199764373271 ], [ -106.588669679397015, 35.058202856466544 ], [ -106.590869921159324, 35.058209514395443 ], [ -106.594597928588755, 35.05822130621376 ], [ -106.595243940400593, 35.058223644934394 ], [ -106.595246555185881, 35.060093361511285 ], [ -106.595329362785677, 35.060140004386234 ], [ -106.595292926251446, 35.062194034743186 ], [ -106.595287179149139, 35.062478910300079 ], [ -106.595284056018599, 35.062633682543463 ], [ -106.595282926634937, 35.062696667981179 ], [ -106.595274333623422, 35.062861581875246 ], [ -106.595697077109747, 35.062876979994321 ], [ -106.595796171746642, 35.062942484199738 ], [ -106.598439946859017, 35.062941449749552 ], [ -106.599848927772101, 35.062952667636026 ], [ -106.600005928078531, 35.063677668007692 ], [ -106.600006262773519, 35.064432668244265 ], [ -106.600014039529398, 35.065010344488705 ], [ -106.600022344696455, 35.065228131777694 ], [ -106.600013022096931, 35.066073718372508 ], [ -106.599690928051984, 35.066177668726553 ], [ -106.598675867536159, 35.067059532356062 ], [ -106.597852140015746, 35.067756717875739 ], [ -106.597138253820589, 35.068468639596531 ], [ -106.596516592123464, 35.06913503683996 ], [ -106.595960343025141, 35.069681337792815 ], [ -106.595953949781688, 35.070738146576595 ], [ -106.595919435646451, 35.071281966352686 ], [ -106.595908311816615, 35.072096634361884 ], [ -106.595910678758131, 35.072957692441264 ], [ -106.595362145634468, 35.072959255638033 ], [ -106.595367652282491, 35.074974642095292 ], [ -106.595348049484684, 35.075667444130879 ], [ -106.595353991628912, 35.077077712167387 ], [ -106.59535701319156, 35.077794791570419 ], [ -106.595329221974396, 35.078740634691997 ], [ -106.592301925435024, 35.078413458671896 ], [ -106.590322685321979, 35.07819904731123 ], [ -106.590289924527227, 35.078195498254921 ], [ -106.589333237593706, 35.078086585698138 ], [ -106.588320495292109, 35.078003227727564 ], [ -106.587322848019099, 35.077895026541583 ], [ -106.586198033225088, 35.077787259875109 ], [ -106.584438269262932, 35.07756818185026 ], [ -106.583579758322571, 35.077486342049014 ], [ -106.582695442285427, 35.077386911920335 ], [ -106.581817079993655, 35.077281388634454 ], [ -106.580943480052582, 35.077179376089283 ], [ -106.580091849799715, 35.077119851635764 ], [ -106.579214427641929, 35.077011256387188 ], [ -106.578351710806814, 35.076915055981111 ], [ -106.57745093753762, 35.076799898986515 ], [ -106.575261261619971, 35.076590534059541 ], [ -106.574196893876646, 35.076458652991505 ], [ -106.573940572422273, 35.076431971453289 ], [ -106.572946380810535, 35.07634744291547 ], [ -106.571810376107223, 35.076232211156885 ], [ -106.57074564582544, 35.076124200168692 ], [ -106.568583856796863, 35.075883474707418 ], [ -106.568555922332351, 35.073811671637557 ] ] ] } },
{ "type": "Feature", "properties": { "NAME": "MONTE VISTA", "ID": 312 }, "geometry": { "type": "Polygon", "coordinates": [ [ [ -106.624123937829452, 35.094370415493408 ], [ -106.623584882281989, 35.094328176776685 ], [ -106.623649121993381, 35.094759371030499 ], [ -106.617565207144466, 35.094670097711592 ], [ -106.616637914018554, 35.094669840227617 ], [ -106.616459876338141, 35.094670378440043 ], [ -106.615776765371933, 35.094692635434605 ], [ -106.615347555363613, 35.094685364746063 ], [ -106.614877116988765, 35.094704000882658 ], [ -106.614058503057862, 35.094710157482936 ], [ -106.613066505949348, 35.09470769251336 ], [ -106.611320526980293, 35.094715642946944 ], [ -106.610849931283397, 35.094698833200077 ], [ -106.610420796897714, 35.094708674265114 ], [ -106.609751383386168, 35.094719317094601 ], [ -106.606510247757782, 35.0947186721313 ], [ -106.604699365952214, 35.09475232292543 ], [ -106.60436445923736, 35.094795223370276 ], [ -106.603361247703432, 35.094842673044596 ], [ -106.599674246673786, 35.094809672924768 ], [ -106.599754246254022, 35.091040672315081 ], [ -106.600315715646744, 35.090815435830343 ], [ -106.599921565406291, 35.089921438536159 ], [ -106.598817092544607, 35.088779500948434 ], [ -106.599217735363382, 35.088489216989579 ], [ -106.599168300463461, 35.088372300923986 ], [ -106.59907211595997, 35.08826024574855 ], [ -106.599042670876671, 35.087478077648832 ], [ -106.599848064024286, 35.087452767838599 ], [ -106.599853157481547, 35.085740798836966 ], [ -106.59988423638481, 35.085583389904208 ], [ -106.599866968120324, 35.083784772985361 ], [ -106.599896846422325, 35.081969520164243 ], [ -106.599891034799498, 35.080608387202332 ], [ -106.599873965826291, 35.08014855955247 ], [ -106.599867271300866, 35.079229801248452 ], [ -106.599905781502315, 35.079168941010821 ], [ -106.599907089942775, 35.079123528181682 ], [ -106.599926501642656, 35.078450080734029 ], [ -106.602223531579142, 35.078443431250889 ], [ -106.603363728396772, 35.078462022520945 ], [ -106.604539747927021, 35.078463416657982 ], [ -106.604550803498938, 35.079050691113594 ], [ -106.605783334914946, 35.079063579992209 ], [ -106.607031779711377, 35.079075055508554 ], [ -106.608253389960154, 35.079072444586124 ], [ -106.609532984081383, 35.079091737847911 ], [ -106.610809697341367, 35.079093445984761 ], [ -106.612044239429352, 35.079090037235829 ], [ -106.613293431453968, 35.079086301598331 ], [ -106.613309427753975, 35.075456343492213 ], [ -106.613504968788547, 35.075459601383599 ], [ -106.614560074891401, 35.075482097986573 ], [ -106.615782078007769, 35.075478418607695 ], [ -106.616405119712709, 35.075469259569438 ], [ -106.617062076845386, 35.075458774117713 ], [ -106.617703676204769, 35.075473593176774 ], [ -106.618303397639764, 35.075486926020865 ], [ -106.619543417403847, 35.075487300726316 ], [ -106.620805469341136, 35.075479301997873 ], [ -106.621203177523228, 35.075484893188943 ], [ -106.6215095310381, 35.075405654681198 ], [ -106.62187383901076, 35.075228691155473 ], [ -106.621895648496292, 35.075220327279766 ], [ -106.62192498036184, 35.075209575812877 ], [ -106.621956534221226, 35.075185384026184 ], [ -106.622097251019923, 35.075066119740896 ], [ -106.62212079680873, 35.075046042386191 ], [ -106.622382873664307, 35.075045153254472 ], [ -106.624056701561571, 35.075034503518594 ], [ -106.625388859784294, 35.075031365651846 ], [ -106.626669751392342, 35.07504466800227 ], [ -106.626812058819084, 35.075083092220552 ], [ -106.627110251883508, 35.075162668109108 ], [ -106.627518244686811, 35.07544759212 ], [ -106.627749669365699, 35.075696869563316 ], [ -106.629446685181719, 35.073618834737275 ], [ -106.62965389692711, 35.073420846739332 ], [ -106.629970252020755, 35.073040667568677 ], [ -106.640033916183683, 35.073094706308815 ], [ -106.640029816936661, 35.073217664528187 ], [ -106.639970644196069, 35.074915044147041 ], [ -106.639269479009144, 35.076034642497191 ], [ -106.638329192068085, 35.077143756891829 ], [ -106.637466253451706, 35.077706668538703 ], [ -106.636966255100191, 35.080906668420504 ], [ -106.636544255170236, 35.082678669301458 ], [ -106.636506254764626, 35.083861668887032 ], [ -106.63602525430305, 35.086599669358435 ], [ -106.635386254897838, 35.088699670414861 ], [ -106.63488225493299, 35.091124669998365 ], [ -106.63407125446021, 35.09263967072269 ], [ -106.633311685869572, 35.094552904741448 ], [ -106.632790676065198, 35.095864172147436 ], [ -106.632211931778613, 35.095772903061722 ], [ -106.628588273188328, 35.095324522551813 ], [ -106.628421504513341, 35.094881496781888 ], [ -106.626557549987623, 35.094650114868799 ], [ -106.626268010659516, 35.094627447923401 ], [ -106.624123937829452, 35.094370415493408 ] ] ] } },
{ "type": "Feature", "properties": { "NAME": "ZIA", "ID": 385 }, "geometry": { "type": "Polygon", "coordinates": [ [ [ -106.587639550814217, 35.103961467795102 ], [ -106.586857080567938, 35.102830439489011 ], [ -106.586753427688492, 35.102676175098821 ], [ -106.586735679784056, 35.102634045400464 ], [ -106.586720737905679, 35.102598613816127 ], [ -106.586661767485523, 35.102438894041768 ], [ -106.586629708889106, 35.102352063137914 ], [ -106.586590963795729, 35.102247122563277 ], [ -106.586556756740634, 35.102154473312183 ], [ -106.58654154673016, 35.102113277653324 ], [ -106.586491294571474, 35.101977171488336 ], [ -106.586482427132424, 35.101942174639227 ], [ -106.586364784832597, 35.100879101632273 ], [ -106.586348987708888, 35.100090806353926 ], [ -106.586172163540212, 35.087423808548479 ], [ -106.585297320670833, 35.087398220644459 ], [ -106.583971010641463, 35.087395722830465 ], [ -106.58344443890303, 35.087390943755985 ], [ -106.583145676145008, 35.087388231203867 ], [ -106.581833087291784, 35.087376305283271 ], [ -106.58168994477154, 35.087375003968504 ], [ -106.580908857796985, 35.08733130072681 ], [ -106.580784943009206, 35.087330607541048 ], [ -106.580085747805455, 35.087326692098848 ], [ -106.579640403673196, 35.087346114734899 ], [ -106.579201967980723, 35.087329094566812 ], [ -106.578579554742234, 35.087346683446846 ], [ -106.578325787018954, 35.087331470019699 ], [ -106.577994121003684, 35.087340454521339 ], [ -106.577941009328754, 35.087340859588139 ], [ -106.577484647747283, 35.087351114663498 ], [ -106.577467958106041, 35.086792454585044 ], [ -106.577446849194686, 35.084991818208088 ], [ -106.577456808618166, 35.083703846644468 ], [ -106.57746742980963, 35.082717348895471 ], [ -106.577459470456688, 35.07884668303609 ], [ -106.577474131264495, 35.078735663277321 ], [ -106.577470756720345, 35.077891106288845 ], [ -106.577451034538669, 35.076843117290856 ], [ -106.57745093753762, 35.076799898986515 ], [ -106.578351710806814, 35.076915055981111 ], [ -106.579214427641929, 35.077011256387188 ], [ -106.580091849799715, 35.077119851635764 ], [ -106.580943480052582, 35.077179376089283 ], [ -106.581817079993655, 35.077281388634454 ], [ -106.582695442285427, 35.077386911920335 ], [ -106.583579758322571, 35.077486342049014 ], [ -106.584438269262932, 35.07756818185026 ], [ -106.586198033225088, 35.077787259875109 ], [ -106.587322848019099, 35.077895026541583 ], [ -106.588320495292109, 35.078003227727564 ], [ -106.589333237593706, 35.078086585698138 ], [ -106.590289924527227, 35.078195498254921 ], [ -106.590322685321979, 35.07819904731123 ], [ -106.592301925435024, 35.078413458671896 ], [ -106.595329221974396, 35.078740634691997 ], [ -106.596383084348872, 35.078869299618553 ], [ -106.598797256542483, 35.079117489788224 ], [ -106.598947064630011, 35.079133581630309 ], [ -106.599872954941546, 35.079229801077879 ], [ -106.599879648434111, 35.080148559384376 ], [ -106.599896717439208, 35.080608387033237 ], [ -106.59990252915641, 35.081969519994338 ], [ -106.599872650980316, 35.083784772816095 ], [ -106.599889919369531, 35.08558338973338 ], [ -106.599858840477225, 35.08574079866758 ], [ -106.59985374713871, 35.087452767668744 ], [ -106.599048353993169, 35.087478077516707 ], [ -106.599077799130711, 35.088260245614727 ], [ -106.599173983641947, 35.088372300785615 ], [ -106.59922341854994, 35.088489216848828 ], [ -106.598822775751501, 35.088779500826355 ], [ -106.599927248691927, 35.089921438361841 ], [ -106.60032139899424, 35.090815435637204 ], [ -106.599759929617363, 35.091040672148154 ], [ -106.599679930298691, 35.09480967276005 ], [ -106.599723997918161, 35.095855221280125 ], [ -106.599821961089646, 35.096190852791622 ], [ -106.600298596532909, 35.097216421656555 ], [ -106.600325621184055, 35.098944596500637 ], [ -106.600299387466336, 35.101990795701482 ], [ -106.600730876704773, 35.101987815652322 ], [ -106.600742341192714, 35.102164190487137 ], [ -106.600742100851321, 35.102428183424273 ], [ -106.600600721937582, 35.102535242313415 ], [ -106.600600461842731, 35.102823162551161 ], [ -106.600517120581344, 35.102891760684003 ], [ -106.60027316388755, 35.102891603952649 ], [ -106.600052820488614, 35.102987180438461 ], [ -106.600055197408125, 35.103574212148807 ], [ -106.600213325979439, 35.103884535755832 ], [ -106.600270035469009, 35.104303440972174 ], [ -106.598765843832965, 35.104205931311384 ], [ -106.597006130244552, 35.10427127436575 ], [ -106.59575008455073, 35.104237211926105 ], [ -106.595479047339438, 35.104229798482706 ], [ -106.587674635453169, 35.104018267987932 ], [ -106.587657526865968, 35.103987450791045 ], [ -106.587639550814217, 35.103961467795102 ] ] ] } },
{ "type": "Feature", "properties": { "NAME": "BEL AIR", "ID": 228 }, "geometry": { "type": "Polygon", "coordinates": [ [ [ -106.60289340517123, 35.123313036053162 ], [ -106.601632130967033, 35.123295065019789 ], [ -106.600675250863077, 35.123308565334547 ], [ -106.599687826236689, 35.123290051006315 ], [ -106.595772606971408, 35.12330128314116 ], [ -106.595299393022799, 35.123302632149297 ], [ -106.594630903142246, 35.123287766820802 ], [ -106.590906828816941, 35.123301723661804 ], [ -106.588962326510753, 35.123271589617424 ], [ -106.588081659355041, 35.123276167610761 ], [ -106.586447071028871, 35.123290054860433 ], [ -106.586437336809709, 35.121100643995128 ], [ -106.586419954137597, 35.12083313904521 ], [ -106.586431874101152, 35.120504235188996 ], [ -106.586443605843016, 35.120180540417834 ], [ -106.586422605485666, 35.119849103774165 ], [ -106.586418830138072, 35.116487459767711 ], [ -106.586358638632177, 35.114656332200127 ], [ -106.586351089049415, 35.112819197656798 ], [ -106.586323498057624, 35.110993116773656 ], [ -106.586347108981116, 35.109166847311776 ], [ -106.586496774393282, 35.107888546740718 ], [ -106.587176820605237, 35.106983314504753 ], [ -106.587638804698273, 35.106321921206373 ], [ -106.587938617584953, 35.105545220907203 ], [ -106.587954530606154, 35.104972699079241 ], [ -106.587674635453169, 35.104018267987932 ], [ -106.595479047339438, 35.104229798482706 ], [ -106.59575008455073, 35.104237211926105 ], [ -106.597006130244552, 35.10427127436575 ], [ -106.598765843832965, 35.104205931311384 ], [ -106.600270035469009, 35.104303440972174 ], [ -106.603830306461305, 35.10488635655534 ], [ -106.604205635779437, 35.10493768723591 ], [ -106.604207422191777, 35.104981945124791 ], [ -106.604195052956953, 35.107463000883072 ], [ -106.604158464301321, 35.109253924592281 ], [ -106.604196048712836, 35.111080962268687 ], [ -106.604177212790958, 35.11473711531886 ], [ -106.604130170141318, 35.116517698945295 ], [ -106.604112932801598, 35.118347093238498 ], [ -106.60410524053944, 35.119163423938041 ], [ -106.604108974309966, 35.1201099365041 ], [ -106.6041044292501, 35.120816124034718 ], [ -106.604112933493596, 35.122428072577513 ], [ -106.604108265844232, 35.123720687355799 ], [ -106.603446606722059, 35.123559796960599 ], [ -106.60289340517123, 35.123313036053162 ] ] ] } },
{ "type": "Feature", "properties": { "NAME": "OSUNA", "ID": 332 }, "geometry": { "type": "Polygon", "coordinates": [ [ [ -106.561930859186972, 35.158001281926936 ], [ -106.561305551127077, 35.15783052749255 ], [ -106.560778823764167, 35.157844959709131 ], [ -106.559899248941932, 35.157842206060138 ], [ -106.559895315858327, 35.157810891781189 ], [ -106.556789486105629, 35.155683741841294 ], [ -106.554020191615621, 35.15407270534682 ], [ -106.550000894937426, 35.153431314089318 ], [ -106.545472971108296, 35.153138937788981 ], [ -106.544984983757359, 35.153107417810652 ], [ -106.540203109542418, 35.15347414978929 ], [ -106.539992750752418, 35.153525164217712 ], [ -106.539937395414555, 35.152587542974643 ], [ -106.539934832822226, 35.152533159393826 ], [ -106.539911856000685, 35.15204546115082 ], [ -106.539874548885436, 35.151313983603444 ], [ -106.539854904249736, 35.15073353366769 ], [ -106.539663421413223, 35.149956685159346 ], [ -106.539427792876268, 35.149501885591846 ], [ -106.538970975155777, 35.148858378622577 ], [ -106.539497932584837, 35.148569853744043 ], [ -106.539991921694849, 35.148050684426593 ], [ -106.540101945385373, 35.147801038238995 ], [ -106.54013041041361, 35.14754218154237 ], [ -106.540110096310869, 35.147177489944788 ], [ -106.539845923226224, 35.145802763962685 ], [ -106.539420165465017, 35.144842163536453 ], [ -106.539376651022465, 35.144750505432192 ], [ -106.538996192422232, 35.144058545759648 ], [ -106.538725674655325, 35.143227703555688 ], [ -106.538593922880978, 35.141779339851816 ], [ -106.538282618281585, 35.140973779925076 ], [ -106.537977906066871, 35.140203297722053 ], [ -106.53778564650635, 35.139767214228669 ], [ -106.537771612058521, 35.139726445266845 ], [ -106.537647022611509, 35.13921392648669 ], [ -106.537655193226911, 35.138922691231564 ], [ -106.53336634315562, 35.13889891281562 ], [ -106.533345202618094, 35.130640449492816 ], [ -106.5338977606919, 35.130642914582886 ], [ -106.534571221429033, 35.13064585957158 ], [ -106.535464753937774, 35.130649551014997 ], [ -106.535836805589881, 35.130651085516426 ], [ -106.537261046724041, 35.130643338058199 ], [ -106.539006171443702, 35.130669353602954 ], [ -106.542182663103205, 35.130655065808476 ], [ -106.545063132812288, 35.130674322337732 ], [ -106.545274706220397, 35.130669913706399 ], [ -106.546126244219337, 35.130652166219292 ], [ -106.54739833726822, 35.130682881951458 ], [ -106.547726286199065, 35.130690798315221 ], [ -106.550317100661502, 35.130700644980358 ], [ -106.551002675872581, 35.130699339998877 ], [ -106.551002817564481, 35.13237248300041 ], [ -106.551039880037251, 35.136476125307738 ], [ -106.551070476913566, 35.137483981194499 ], [ -106.552740026914265, 35.137461988642045 ], [ -106.555200233785015, 35.137429539713196 ], [ -106.555409553218055, 35.137426795721431 ], [ -106.555441204006144, 35.13742834847762 ], [ -106.555510709536421, 35.137438635493638 ], [ -106.55619304864841, 35.137519909828178 ], [ -106.556764911724173, 35.137660843860381 ], [ -106.559095876199734, 35.138426906420378 ], [ -106.559891366091335, 35.138477602392541 ], [ -106.562268674887576, 35.138444575510654 ], [ -106.562345690211004, 35.138435549150991 ], [ -106.563010360658083, 35.13834787929234 ], [ -106.563040934871779, 35.138343846565895 ], [ -106.564352007993008, 35.138078697395137 ], [ -106.56441285682078, 35.138053876810702 ], [ -106.564456793964638, 35.138049632373466 ], [ -106.564954073312592, 35.138001597301844 ], [ -106.565017319692046, 35.138009540542939 ], [ -106.565205088151771, 35.138033123689503 ], [ -106.565636631633055, 35.138088304064382 ], [ -106.566197810859805, 35.138234052204503 ], [ -106.566721229454629, 35.138370335667616 ], [ -106.566780236898637, 35.138383613921299 ], [ -106.566912409504042, 35.138411371909825 ], [ -106.566940932967128, 35.138417362260796 ], [ -106.568659503903433, 35.138402100306884 ], [ -106.568461322344703, 35.139167137800321 ], [ -106.567490468206771, 35.142761118234922 ], [ -106.566834385508429, 35.144274518089162 ], [ -106.566389990385773, 35.145302132242456 ], [ -106.566368419962743, 35.145743839196051 ], [ -106.566091257502364, 35.14641567201005 ], [ -106.566034171053317, 35.146905888198788 ], [ -106.566035217325606, 35.147176526058892 ], [ -106.566037490802699, 35.147764590881955 ], [ -106.566011164866296, 35.148635631341776 ], [ -106.56588101962096, 35.149253160738169 ], [ -106.565872574092424, 35.149281843356235 ], [ -106.565779511481622, 35.149597901511036 ], [ -106.564998188253568, 35.151390291281302 ], [ -106.564399494432564, 35.15272755825368 ], [ -106.563092931238856, 35.155632436324282 ], [ -106.562693733234028, 35.156452960031181 ], [ -106.562569273510107, 35.156815246849341 ], [ -106.562360902915074, 35.157229317087776 ], [ -106.562307083753439, 35.157215330172157 ], [ -106.562259668145586, 35.157211084879691 ], [ -106.562149134101389, 35.15747672379127 ], [ -106.562074205126407, 35.15765679309952 ], [ -106.561930859186972, 35.158001281926936 ] ] ] } },
{ "type": "Feature", "properties": { "NAME": "ARROYO DEL OSO", "ID": 329 }, "geometry": { "type": "Polygon", "coordinates": [ [ [ -106.582318410269096, 35.159900104357092 ], [ -106.582286129233637, 35.159899416753447 ], [ -106.582234276119621, 35.159899678850131 ], [ -106.570991654020716, 35.159883654642393 ], [ -106.568794033921264, 35.15988389164189 ], [ -106.566086191355467, 35.159841101436847 ], [ -106.566048313705082, 35.159840772065081 ], [ -106.565008867687297, 35.159821309892877 ], [ -106.563751700859399, 35.159815646857773 ], [ -106.563616756687992, 35.159734317180494 ], [ -106.562908609085653, 35.159488136219117 ], [ -106.562812128513201, 35.159445771331285 ], [ -106.562237491286268, 35.159193444442465 ], [ -106.561816835677092, 35.158976807078204 ], [ -106.561345291055289, 35.158924559535109 ], [ -106.559899408014871, 35.158928986767862 ], [ -106.5598967103153, 35.158076419877617 ], [ -106.559899248941932, 35.157842206060138 ], [ -106.560778823764167, 35.157844959709131 ], [ -106.561305551127077, 35.15783052749255 ], [ -106.561930859186972, 35.158001281926936 ], [ -106.562074205126407, 35.15765679309952 ], [ -106.562149134101389, 35.15747672379127 ], [ -106.562259668145586, 35.157211084879691 ], [ -106.562307083753439, 35.157215330172157 ], [ -106.562360902915074, 35.157229317087776 ], [ -106.562569273510107, 35.156815246849341 ], [ -106.562693733234028, 35.156452960031181 ], [ -106.563092931238856, 35.155632436324282 ], [ -106.564399494432564, 35.15272755825368 ], [ -106.564998188253568, 35.151390291281302 ], [ -106.565779511481622, 35.149597901511036 ], [ -106.565872574092424, 35.149281843356235 ], [ -106.56588101962096, 35.149253160738169 ], [ -106.566011164866296, 35.148635631341776 ], [ -106.566037490802699, 35.147764590881955 ], [ -106.566035217325606, 35.147176526058892 ], [ -106.566034171053317, 35.146905888198788 ], [ -106.566091257502364, 35.14641567201005 ], [ -106.566368419962743, 35.145743839196051 ], [ -106.566389990385773, 35.145302132242456 ], [ -106.570216355139451, 35.14533000244591 ], [ -106.572069047896747, 35.145343506293663 ], [ -106.574370858595003, 35.145337366562849 ], [ -106.57658592942127, 35.145369681540593 ], [ -106.577276325853788, 35.145387522698044 ], [ -106.577971930086164, 35.145481681265103 ], [ -106.578740204005953, 35.145685123955921 ], [ -106.57944784426796, 35.145935631611223 ], [ -106.582121089029314, 35.147176507154079 ], [ -106.582610626786305, 35.147370526826847 ], [ -106.583153615552675, 35.147618399621919 ], [ -106.583649860585439, 35.1477792657614 ], [ -106.584092973790916, 35.147876536883643 ], [ -106.585186931173993, 35.148065681574003 ], [ -106.585772748967614, 35.148088892714249 ], [ -106.586358568764439, 35.148041829661494 ], [ -106.58640265828457, 35.148040523667554 ], [ -106.586416870198221, 35.148341651143085 ], [ -106.586452248601148, 35.150158010360144 ], [ -106.5865050122583, 35.150528123800676 ], [ -106.586586097901574, 35.15089482227188 ], [ -106.586911816607724, 35.151595850447421 ], [ -106.587082241639408, 35.151885607759986 ], [ -106.587382935173054, 35.152297103888003 ], [ -106.58780591568339, 35.152673938521524 ], [ -106.588577942186134, 35.1531479362677 ], [ -106.5884829440689, 35.153556067046978 ], [ -106.588073723791723, 35.155371385577119 ], [ -106.587744446256096, 35.156834771610292 ], [ -106.587663865818797, 35.157202719083443 ], [ -106.587633432782468, 35.157341683218178 ], [ -106.587392693780288, 35.158238371192205 ], [ -106.586838750264391, 35.160280457096164 ], [ -106.584463278514704, 35.159958796972212 ], [ -106.582318410269096, 35.159900104357092 ] ] ] } },
{ "type": "Feature", "properties": { "NAME": "ZUNI", "ID": 388 }, "geometry": { "type": "Polygon", "coordinates": [ [ [ -106.586398805320641, 35.120183518750885 ], [ -106.585444523011006, 35.120156172999593 ], [ -106.584585697130137, 35.12018011024518 ], [ -106.584471779474001, 35.120155074943781 ], [ -106.584188350353742, 35.120155856690701 ], [ -106.58376376181711, 35.120182450152363 ], [ -106.583499044348201, 35.120156042394669 ], [ -106.583306873104377, 35.120176177518431 ], [ -106.583289792425646, 35.119932842717752 ], [ -106.5831598084051, 35.119721987443299 ], [ -106.583034055485072, 35.119706011343538 ], [ -106.582867871159763, 35.119647735595045 ], [ -106.582573116485534, 35.119645705090733 ], [ -106.582567934831786, 35.119373342348254 ], [ -106.582334517975141, 35.119371729802708 ], [ -106.582339296990881, 35.119646717784555 ], [ -106.582183449959885, 35.119641558684847 ], [ -106.582038211065864, 35.119635298501862 ], [ -106.581862580746829, 35.119632084422953 ], [ -106.581697747341835, 35.119631576448029 ], [ -106.581703440446304, 35.119373650384141 ], [ -106.581231224180456, 35.119370141447874 ], [ -106.581062410319888, 35.119369216196581 ], [ -106.580377573382577, 35.119371969004391 ], [ -106.580188980777024, 35.119369496367469 ], [ -106.579516041722115, 35.119369138851397 ], [ -106.579331705718843, 35.119370409655083 ], [ -106.578653009576243, 35.119368582806572 ], [ -106.578470011171234, 35.119364439967605 ], [ -106.577778885352842, 35.119363628093041 ], [ -106.577610856844686, 35.11936209824885 ], [ -106.577489975986481, 35.119360996996555 ], [ -106.576836635800333, 35.119362760375459 ], [ -106.576645587619581, 35.119358013583678 ], [ -106.575988821175002, 35.11935153875762 ], [ -106.575991013019532, 35.119560242205139 ], [ -106.575893259988106, 35.119707208991855 ], [ -106.575718522012679, 35.119624967827797 ], [ -106.575432885062909, 35.119617230740658 ], [ -106.575434291291486, 35.119249132065057 ], [ -106.575169574316462, 35.11925842879689 ], [ -106.574729474173907, 35.119668831305852 ], [ -106.574668244980657, 35.119749791471577 ], [ -106.574396196584871, 35.119570403612379 ], [ -106.574068120195847, 35.119507434995008 ], [ -106.573914695159658, 35.119484783256127 ], [ -106.573711766294252, 35.11951117626954 ], [ -106.573328225838537, 35.119583895935435 ], [ -106.572248126758552, 35.119803501737856 ], [ -106.572000926000499, 35.119827678424933 ], [ -106.571483069840738, 35.119778396834221 ], [ -106.570625626618408, 35.119639847702906 ], [ -106.569814347383826, 35.119549943720259 ], [ -106.568882062416108, 35.119438563714951 ], [ -106.568838265336851, 35.119433331515573 ], [ -106.568916389267272, 35.116421356931937 ], [ -106.567774437497505, 35.116435084076244 ], [ -106.56609468757074, 35.116431025638676 ], [ -106.565290313774867, 35.11644844514268 ], [ -106.565101859189554, 35.116444928208644 ], [ -106.564494896673381, 35.116427138550598 ], [ -106.563368459863725, 35.116451692404205 ], [ -106.562241413649332, 35.116411597855027 ], [ -106.559887733605166, 35.116427276887478 ], [ -106.558784197213456, 35.116416396288201 ], [ -106.557676230949284, 35.116419213546891 ], [ -106.556574414775241, 35.116422005124591 ], [ -106.555471419021174, 35.116412721019728 ], [ -106.554959131674366, 35.116421572266034 ], [ -106.554368153363981, 35.116427564836151 ], [ -106.55402307520805, 35.116435631590363 ], [ -106.553267620387828, 35.116430340262198 ], [ -106.553111653649864, 35.116463917317418 ], [ -106.55217119249356, 35.116426841188691 ], [ -106.550922541776146, 35.116406596108071 ], [ -106.550897348546258, 35.115567596814067 ], [ -106.550880704253913, 35.112861576860702 ], [ -106.550872797408616, 35.112532264250952 ], [ -106.550881492048077, 35.11103271188253 ], [ -106.550885777924321, 35.110155502695754 ], [ -106.55090373479625, 35.109231203591349 ], [ -106.551906767358204, 35.109220594064929 ], [ -106.5521317361261, 35.109218227996649 ], [ -106.55323915353631, 35.109215463037437 ], [ -106.553625667185031, 35.109206935135006 ], [ -106.554337439447551, 35.109212700970012 ], [ -106.555428842858404, 35.109208219108297 ], [ -106.5558863457196, 35.109206337241282 ], [ -106.556540438167545, 35.109203643913823 ], [ -106.557078245816911, 35.109200397000741 ], [ -106.557647263289809, 35.109196949513134 ], [ -106.557732420040153, 35.109196433197695 ], [ -106.557831782562957, 35.109195831171874 ], [ -106.558689865288443, 35.109172697707493 ], [ -106.558728607387437, 35.109171694895188 ], [ -106.559871342102824, 35.109191120117401 ], [ -106.561143888576837, 35.109187859858892 ], [ -106.562231718525183, 35.10914954217241 ], [ -106.562568338499446, 35.109131274893265 ], [ -106.563339647815283, 35.109138209070139 ], [ -106.563564882688226, 35.109120136719191 ], [ -106.564432655448343, 35.109152869092618 ], [ -106.564934312952744, 35.109143611602427 ], [ -106.565535572557224, 35.10913251349168 ], [ -106.566640171063796, 35.109125847351798 ], [ -106.568849730675652, 35.109123820594576 ], [ -106.568851667134595, 35.103778695992403 ], [ -106.568768129018949, 35.101865846156961 ], [ -106.56874912629705, 35.097709211789898 ], [ -106.568726993778498, 35.097410628024434 ], [ -106.572923412807626, 35.099303025077305 ], [ -106.577627736492943, 35.101180868420116 ], [ -106.582322440184058, 35.103079142699521 ], [ -106.584975427571877, 35.103784674805624 ], [ -106.587674635453169, 35.104018267987932 ], [ -106.587954530606154, 35.104972699079241 ], [ -106.587938617584953, 35.105545220907203 ], [ -106.587638804698273, 35.106321921206373 ], [ -106.587176820605237, 35.106983314504753 ], [ -106.586496774393282, 35.107888546740718 ], [ -106.586347108981116, 35.109166847311776 ], [ -106.586323498057624, 35.110993116773656 ], [ -106.586351089049415, 35.112819197656798 ], [ -106.586358638632177, 35.114656332200127 ], [ -106.586418830138072, 35.116487459767711 ], [ -106.586422605485666, 35.119849103774165 ], [ -106.586443605843016, 35.120180540417834 ], [ -106.586398805320641, 35.120183518750885 ] ] ] } },
{ "type": "Feature", "properties": { "NAME": "MATHESON PARK", "ID": 305 }, "geometry": { "type": "Polygon", "coordinates": [ [ [ -106.48005980044698, 35.115752589673328 ], [ -106.480055497400599, 35.115725171100472 ], [ -106.480054828268564, 35.115488681305841 ], [ -106.480046045282194, 35.111932443457043 ], [ -106.480045176075706, 35.111348345761442 ], [ -106.480045073653997, 35.11127950095883 ], [ -106.480040431356869, 35.108158509607797 ], [ -106.492999430569583, 35.108045305720424 ], [ -106.493110407458403, 35.108043680564869 ], [ -106.493633983774458, 35.108262191457875 ], [ -106.494110396712045, 35.1085119520341 ], [ -106.495044394238477, 35.10903620724163 ], [ -106.49544318193638, 35.109195785537544 ], [ -106.495899362220158, 35.1092426427115 ], [ -106.496388040304666, 35.10926427883534 ], [ -106.496782850744495, 35.109275762617273 ], [ -106.497486437886096, 35.109298463878659 ], [ -106.497602102315028, 35.109298870439368 ], [ -106.498729769085344, 35.109302827171042 ], [ -106.498887829815914, 35.1092929563724 ], [ -106.499199404964614, 35.109273498446051 ], [ -106.499585100513016, 35.109202113906413 ], [ -106.500124396337981, 35.108998425759644 ], [ -106.500370456275135, 35.108915067855087 ], [ -106.500953896981486, 35.108797013173756 ], [ -106.50150655485271, 35.108811923706952 ], [ -106.501773765715114, 35.108855423146736 ], [ -106.50224762777178, 35.108950302393104 ], [ -106.502884093903987, 35.109046510201942 ], [ -106.503404372986765, 35.109022187916892 ], [ -106.503636154001398, 35.109011269782229 ], [ -106.504495145380048, 35.108970800804357 ], [ -106.504993075963739, 35.108919856296204 ], [ -106.506519286604814, 35.108869936693118 ], [ -106.507740672316075, 35.108796124057399 ], [ -106.50946136509873, 35.108736713110261 ], [ -106.509906801781227, 35.108725687018946 ], [ -106.510119935964795, 35.108705595320821 ], [ -106.510997541972912, 35.108771036048921 ], [ -106.512056718693472, 35.108792461202874 ], [ -106.513092411638837, 35.108874679777024 ], [ -106.513457351569343, 35.108875697371992 ], [ -106.514244373156018, 35.108860196746761 ], [ -106.515569032261936, 35.108865202553005 ], [ -106.517179764409775, 35.108895155137262 ], [ -106.51721167631726, 35.108895606745293 ], [ -106.519858568677819, 35.108933025260768 ], [ -106.522133892292189, 35.108940606340965 ], [ -106.524507116566127, 35.108947291156973 ], [ -106.5249792101135, 35.108954849085528 ], [ -106.525543675585411, 35.108963882783463 ], [ -106.526847868792018, 35.108988635728061 ], [ -106.527858341796588, 35.108982802896968 ], [ -106.527916006237845, 35.108982437242126 ], [ -106.52825504795112, 35.108980286622533 ], [ -106.528457253576249, 35.108979003824984 ], [ -106.528516271677816, 35.108978631169556 ], [ -106.530158121365943, 35.108954529318112 ], [ -106.531515295185798, 35.108935005972491 ], [ -106.532267117456811, 35.108939826710504 ], [ -106.533119089173084, 35.108945416767988 ], [ -106.533115012983657, 35.109090446760383 ], [ -106.53310759909418, 35.109198817912947 ], [ -106.533105292187173, 35.109288928107993 ], [ -106.533099620533761, 35.109635277159853 ], [ -106.533086875772426, 35.110413493065941 ], [ -106.5330839166717, 35.110594179211418 ], [ -106.533087765437088, 35.110670755011313 ], [ -106.533090884980268, 35.110732821815823 ], [ -106.533164211129545, 35.112191728616295 ], [ -106.533270416996757, 35.114304679546493 ], [ -106.533284908239068, 35.114721207088763 ], [ -106.533269220542806, 35.11519109451055 ], [ -106.533236466769367, 35.116172094089869 ], [ -106.530601810222905, 35.116178205191567 ], [ -106.530188086469423, 35.116179162172195 ], [ -106.529329146134927, 35.116207199160485 ], [ -106.52845637405666, 35.116212633568665 ], [ -106.527567770322577, 35.116219539368018 ], [ -106.52670891057538, 35.116245213830297 ], [ -106.524464307162233, 35.116257167811739 ], [ -106.522793962071475, 35.116242005929344 ], [ -106.521920795978801, 35.116238108302035 ], [ -106.519863085338557, 35.116258934617939 ], [ -106.518377059116773, 35.116239514392682 ], [ -106.517558287709832, 35.116266387446323 ], [ -106.516689329812735, 35.116276596561875 ], [ -106.51564796934494, 35.116254090444727 ], [ -106.512727234600248, 35.116302016459173 ], [ -106.508210181785728, 35.116366355776798 ], [ -106.507541259131898, 35.11633514347519 ], [ -106.507427765321737, 35.116341573023682 ], [ -106.507226827228166, 35.116342626084304 ], [ -106.506524768665031, 35.116336307210403 ], [ -106.502390978201518, 35.116001497423042 ], [ -106.500243999495012, 35.115800938185338 ], [ -106.499322106955432, 35.115722059430141 ], [ -106.497631511436083, 35.115588851761714 ], [ -106.496993512404345, 35.115606290303425 ], [ -106.496458817363063, 35.115581685346768 ], [ -106.495971536917423, 35.11558610058912 ], [ -106.495493218579753, 35.115561285918517 ], [ -106.495058552504418, 35.115579024390819 ], [ -106.494088043278438, 35.115580982452627 ], [ -106.493137581318663, 35.115599300798472 ], [ -106.492793213845857, 35.115577655692917 ], [ -106.492197401945475, 35.11557611976707 ], [ -106.491439304988987, 35.115574176772334 ], [ -106.490397523165043, 35.115571498361234 ], [ -106.489567908173882, 35.115598681634658 ], [ -106.48005980044698, 35.115752589673328 ] ] ] } },
{ "type": "Feature", "properties": { "NAME": "JOHN BAKER", "ID": 217 }, "geometry": { "type": "Polygon", "coordinates": [ [ [ -106.494039463471836, 35.130794404001954 ], [ -106.492194315534292, 35.13076815180024 ], [ -106.491071909514588, 35.130791684511614 ], [ -106.489890589520854, 35.130263364623069 ], [ -106.489355386822396, 35.129974691680701 ], [ -106.488813159056079, 35.129662813305266 ], [ -106.488157908354381, 35.129402684310563 ], [ -106.488075513198368, 35.129507826562282 ], [ -106.487668908553957, 35.130026684408492 ], [ -106.48706936506936, 35.129508000363913 ], [ -106.486953855625785, 35.129408067732662 ], [ -106.486400907830685, 35.128929684168376 ], [ -106.486275895711884, 35.128843865416691 ], [ -106.485647966238616, 35.128412797489965 ], [ -106.485408907789989, 35.128248683940384 ], [ -106.485052665733349, 35.128182984289353 ], [ -106.484432907238258, 35.128068684263795 ], [ -106.483362527580809, 35.128052077194766 ], [ -106.482370906951431, 35.128036684415505 ], [ -106.482370336241047, 35.127952037348095 ], [ -106.482362907255748, 35.126849683653916 ], [ -106.48033737622363, 35.126836694517493 ], [ -106.48033306409755, 35.126640667464507 ], [ -106.480331384305103, 35.126573269960716 ], [ -106.480330204323991, 35.126525950457847 ], [ -106.48032312673719, 35.126242059570302 ], [ -106.480320729612615, 35.126145904386341 ], [ -106.480304009142088, 35.125475148196337 ], [ -106.480293191386608, 35.125041192331018 ], [ -106.480286841293221, 35.124786452067745 ], [ -106.480243305785322, 35.121075110473015 ], [ -106.480229905506931, 35.119932683555412 ], [ -106.480206596658903, 35.119455297343514 ], [ -106.480105320767052, 35.116979799471309 ], [ -106.480069835778849, 35.116108618820746 ], [ -106.480068463650738, 35.11607400288738 ], [ -106.48005980044698, 35.115752589673328 ], [ -106.489567908173882, 35.115598681634658 ], [ -106.490397523165043, 35.115571498361234 ], [ -106.491439304988987, 35.115574176772334 ], [ -106.492197401945475, 35.11557611976707 ], [ -106.492793213845857, 35.115577655692917 ], [ -106.493137581318663, 35.115599300798472 ], [ -106.494088043278438, 35.115580982452627 ], [ -106.495058552504418, 35.115579024390819 ], [ -106.495493218579753, 35.115561285918517 ], [ -106.495971536917423, 35.11558610058912 ], [ -106.496458817363063, 35.115581685346768 ], [ -106.496993512404345, 35.115606290303425 ], [ -106.497631511436083, 35.115588851761714 ], [ -106.499322106955432, 35.115722059430141 ], [ -106.500243999495012, 35.115800938185338 ], [ -106.502390978201518, 35.116001497423042 ], [ -106.506524768665031, 35.116336307210403 ], [ -106.507226827228166, 35.116342626084304 ], [ -106.507427765321737, 35.116341573023682 ], [ -106.507541259131898, 35.11633514347519 ], [ -106.508210181785728, 35.116366355776798 ], [ -106.512727234600248, 35.116302016459173 ], [ -106.51564796934494, 35.116254090444727 ], [ -106.515734913583657, 35.119603680784024 ], [ -106.515696045927925, 35.121641406485914 ], [ -106.515715248955374, 35.125297105883519 ], [ -106.515687936940836, 35.130655664184623 ], [ -106.515160129515891, 35.130678621665169 ], [ -106.515089077432947, 35.130679431545786 ], [ -106.513902647815982, 35.130663179489815 ], [ -106.512550535463902, 35.130665472438025 ], [ -106.50795810932226, 35.13067314875186 ], [ -106.504802081239802, 35.130651566188867 ], [ -106.503198982720619, 35.130651242510879 ], [ -106.50042017741977, 35.13065143049279 ], [ -106.498022883785495, 35.130649449502172 ], [ -106.495850497277573, 35.130687945966919 ], [ -106.495357361449649, 35.130761789769601 ], [ -106.494428438740982, 35.130794785738047 ], [ -106.494039463471836, 35.130794404001954 ] ] ] } },
{ "type": "Feature", "properties": { "NAME": "SY JACKSON", "ID": 360 }, "geometry": { "type": "Polygon", "coordinates": [ [ [ -106.517375801886374, 35.141913032202105 ], [ -106.517308755036126, 35.141894875286077 ], [ -106.515828577933107, 35.142486022242174 ], [ -106.514930144668881, 35.142788472528345 ], [ -106.513996196877713, 35.14313958524491 ], [ -106.51248991449782, 35.143682684806116 ], [ -106.509874119944627, 35.14436286447944 ], [ -106.506905914070032, 35.145095685865854 ], [ -106.506875915583805, 35.145095687261225 ], [ -106.50149653796403, 35.145107630175922 ], [ -106.500203155078012, 35.145083892439544 ], [ -106.497965911754775, 35.145095685626359 ], [ -106.497994809775278, 35.140638178144535 ], [ -106.497997801870071, 35.140176649468103 ], [ -106.497043911806074, 35.139864684937024 ], [ -106.49308091077684, 35.139122685147981 ], [ -106.492461909989984, 35.139369685765679 ], [ -106.489167908972362, 35.138984685555336 ], [ -106.486559908892303, 35.137747685886382 ], [ -106.485208908881916, 35.137573685253187 ], [ -106.481651908155996, 35.136506686013448 ], [ -106.481495637710239, 35.136419366292003 ], [ -106.480996907718861, 35.136140685131579 ], [ -106.48040190777634, 35.135589685318116 ], [ -106.48039899184819, 35.134455675210788 ], [ -106.480398602510007, 35.13443160089237 ], [ -106.480395783574437, 35.134257519785571 ], [ -106.480388834884337, 35.133567484621274 ], [ -106.480388411479083, 35.133525469678524 ], [ -106.480380092986195, 35.132699288109336 ], [ -106.480378578783331, 35.13217493464937 ], [ -106.480375631144156, 35.131153694674239 ], [ -106.480372301793295, 35.130978700370463 ], [ -106.480369807778359, 35.130627698712736 ], [ -106.480368219956389, 35.130491702397435 ], [ -106.480366633120383, 35.130286699936796 ], [ -106.480364498944923, 35.130106702080859 ], [ -106.480362938960909, 35.129810699786098 ], [ -106.480358005916116, 35.129272699181207 ], [ -106.480351157268714, 35.128399236675627 ], [ -106.48033737622363, 35.126836694517493 ], [ -106.482362907255748, 35.126849683653916 ], [ -106.482370336241047, 35.127952037348095 ], [ -106.482370906951431, 35.128036684415505 ], [ -106.483362527580809, 35.128052077194766 ], [ -106.484432907238258, 35.128068684263795 ], [ -106.485052665733349, 35.128182984289353 ], [ -106.485408907789989, 35.128248683940384 ], [ -106.485647966238616, 35.128412797489965 ], [ -106.486275895711884, 35.128843865416691 ], [ -106.486400907830685, 35.128929684168376 ], [ -106.486953855625785, 35.129408067732662 ], [ -106.48706936506936, 35.129508000363913 ], [ -106.487668908553957, 35.130026684408492 ], [ -106.488075513198368, 35.129507826562282 ], [ -106.488157908354381, 35.129402684310563 ], [ -106.488813159056079, 35.129662813305266 ], [ -106.489355386822396, 35.129974691680701 ], [ -106.489890589520854, 35.130263364623069 ], [ -106.491071909514588, 35.130791684511614 ], [ -106.492194315534292, 35.13076815180024 ], [ -106.494039463471836, 35.130794404001954 ], [ -106.494428438740982, 35.130794785738047 ], [ -106.495357361449649, 35.130761789769601 ], [ -106.495850497277573, 35.130687945966919 ], [ -106.498022883785495, 35.130649449502172 ], [ -106.50042017741977, 35.13065143049279 ], [ -106.503198982720619, 35.130651242510879 ], [ -106.504802081239802, 35.130651566188867 ], [ -106.50795810932226, 35.13067314875186 ], [ -106.512550535463902, 35.130665472438025 ], [ -106.513902647815982, 35.130663179489815 ], [ -106.515089077432947, 35.130679431545786 ], [ -106.515160129515891, 35.130678621665169 ], [ -106.515687936940836, 35.130655664184623 ], [ -106.51568793532978, 35.130675775559865 ], [ -106.515694194535897, 35.136534886676017 ], [ -106.515709288655913, 35.137059033284622 ], [ -106.515813084356154, 35.137859100340769 ], [ -106.517328400439212, 35.141809681049899 ], [ -106.517439874338123, 35.141848201012671 ], [ -106.518592840691838, 35.141476697746157 ], [ -106.518921667228241, 35.14141204941464 ], [ -106.519069998025259, 35.141375388144468 ], [ -106.519268252808615, 35.141342034068117 ], [ -106.519565916723792, 35.141282684338904 ], [ -106.519971352039164, 35.141226704138994 ], [ -106.520236608842808, 35.141154981348798 ], [ -106.521780830811323, 35.140926594690782 ], [ -106.52216684993013, 35.140833179247778 ], [ -106.522676154894512, 35.140709927611056 ], [ -106.523559461863698, 35.140528351032202 ], [ -106.524394165449294, 35.140322446097755 ], [ -106.525260200765828, 35.140121241935049 ], [ -106.526130006693151, 35.139912180385416 ], [ -106.527007177684908, 35.13966081417972 ], [ -106.527864033773568, 35.139452760482747 ], [ -106.528740100263406, 35.13925223052366 ], [ -106.529619303337213, 35.139096673829378 ], [ -106.530417466796905, 35.138960590225658 ], [ -106.531415987218452, 35.138906667628241 ], [ -106.532201913546899, 35.138888991644642 ], [ -106.53336634315562, 35.13889891281562 ], [ -106.533356854901228, 35.13913258164532 ], [ -106.533335305935978, 35.139518526228748 ], [ -106.533260315599904, 35.140055385618922 ], [ -106.533183550910309, 35.140316572410185 ], [ -106.533115919492957, 35.14054668378634 ], [ -106.533040036807392, 35.140693274401016 ], [ -106.533012012835442, 35.14074741237134 ], [ -106.532930848532416, 35.140893871917847 ], [ -106.532776686007949, 35.141145194252218 ], [ -106.531437919461624, 35.141295683310879 ], [ -106.52727691774912, 35.142386684378458 ], [ -106.523935917350201, 35.142699683919247 ], [ -106.523272917230528, 35.14296568401479 ], [ -106.521313916494066, 35.143473684880028 ], [ -106.520043326218257, 35.145080245584253 ], [ -106.519763038938507, 35.144915915572462 ], [ -106.519500916308345, 35.144751685134338 ], [ -106.519149570556252, 35.144479529850052 ], [ -106.518863675632247, 35.144229388647489 ], [ -106.518205068136908, 35.143356898755748 ], [ -106.517375801886374, 35.141913032202105 ] ] ] } },
{ "type": "Feature", "properties": { "NAME": "MITCHELL", "ID": 310 }, "geometry": { "type": "Polygon", "coordinates": [ [ [ -106.517328400439212, 35.141809681049899 ], [ -106.515813084356154, 35.137859100340769 ], [ -106.515709288655913, 35.137059033284622 ], [ -106.515694194535897, 35.136534886676017 ], [ -106.51568793532978, 35.130675775559865 ], [ -106.515687936940836, 35.130655664184623 ], [ -106.515715248955374, 35.125297105883519 ], [ -106.515696045927925, 35.121641406485914 ], [ -106.515734913583657, 35.119603680784024 ], [ -106.51564796934494, 35.116254090444727 ], [ -106.516689329812735, 35.116276596561875 ], [ -106.517558287709832, 35.116266387446323 ], [ -106.518377059116773, 35.116239514392682 ], [ -106.519863085338557, 35.116258934617939 ], [ -106.521920795978801, 35.116238108302035 ], [ -106.522793962071475, 35.116242005929344 ], [ -106.524464307162233, 35.116257167811739 ], [ -106.52670891057538, 35.116245213830297 ], [ -106.527567770322577, 35.116219539368018 ], [ -106.52845637405666, 35.116212633568665 ], [ -106.529329146134927, 35.116207199160485 ], [ -106.530188086469423, 35.116179162172195 ], [ -106.530601810222905, 35.116178205191567 ], [ -106.533236466769367, 35.116172094089869 ], [ -106.533319263909789, 35.123404669552372 ], [ -106.533345202618094, 35.130640449492816 ], [ -106.53336634315562, 35.13889891281562 ], [ -106.532201913546899, 35.138888991644642 ], [ -106.531415987218452, 35.138906667628241 ], [ -106.530417466796905, 35.138960590225658 ], [ -106.529619303337213, 35.139096673829378 ], [ -106.528740100263406, 35.13925223052366 ], [ -106.527864033773568, 35.139452760482747 ], [ -106.527007177684908, 35.13966081417972 ], [ -106.526130006693151, 35.139912180385416 ], [ -106.525260200765828, 35.140121241935049 ], [ -106.524394165449294, 35.140322446097755 ], [ -106.523559461863698, 35.140528351032202 ], [ -106.522676154894512, 35.140709927611056 ], [ -106.52216684993013, 35.140833179247778 ], [ -106.521780830811323, 35.140926594690782 ], [ -106.520236608842808, 35.141154981348798 ], [ -106.519971352039164, 35.141226704138994 ], [ -106.519565916723792, 35.141282684338904 ], [ -106.519268252808615, 35.141342034068117 ], [ -106.519069998025259, 35.141375388144468 ], [ -106.518921667228241, 35.14141204941464 ], [ -106.518592840691838, 35.141476697746157 ], [ -106.517439874338123, 35.141848201012671 ], [ -106.517328400439212, 35.141809681049899 ] ] ] } },
{ "type": "Feature", "properties": { "NAME": "A. MONTOYA", "ID": 321 }, "geometry": { "type": "Polygon", "coordinates": [ [ [ -106.382680885546094, 35.13933069154222 ], [ -106.381773885130741, 35.139127691540374 ], [ -106.381002885252599, 35.139128691494655 ], [ -106.379890885283302, 35.140005691608721 ], [ -106.379484885769372, 35.140117691602747 ], [ -106.37626588397832, 35.140111691517156 ], [ -106.376262884372665, 35.137889691320837 ], [ -106.374376883902656, 35.137984691309065 ], [ -106.374472883933365, 35.138045691393131 ], [ -106.374202883930636, 35.138342691396517 ], [ -106.371993883782295, 35.137950692146049 ], [ -106.37249188328488, 35.137282691245616 ], [ -106.372760883024824, 35.137284691623528 ], [ -106.372542883097566, 35.137239691781133 ], [ -106.372743883024825, 35.136562691235255 ], [ -106.372520882968402, 35.136478691451892 ], [ -106.372721883453863, 35.136144691847043 ], [ -106.366161881332133, 35.134786691706388 ], [ -106.366165881443408, 35.134668691272417 ], [ -106.365754881693533, 35.13459569181363 ], [ -106.365868882042889, 35.133694691331584 ], [ -106.366313881191303, 35.132320690914192 ], [ -106.365102881685701, 35.132037690891167 ], [ -106.365029881058859, 35.13157569135501 ], [ -106.362866880637725, 35.131554690987741 ], [ -106.357992879487909, 35.129056691574924 ], [ -106.349335877296511, 35.128955691402403 ], [ -106.349566877691174, 35.135237692482015 ], [ -106.340404875712608, 35.134923693417022 ], [ -106.340146875564898, 35.131061692505668 ], [ -106.33131482483752, 35.130936437428815 ], [ -106.332183253727095, 35.141944013191811 ], [ -106.320198783778324, 35.142084156968075 ], [ -106.305789873047132, 35.142100495491498 ], [ -106.305370084607617, 35.134744884734388 ], [ -106.298789684057425, 35.134659651146279 ], [ -106.299009442749792, 35.138324811273371 ], [ -106.299188462699775, 35.141187770965409 ], [ -106.298010623992695, 35.141159989969822 ], [ -106.297992867571296, 35.14087202164437 ], [ -106.297071355139749, 35.14085954818421 ], [ -106.29698366624875, 35.140857318663564 ], [ -106.296996645459274, 35.141504553913272 ], [ -106.296821263864132, 35.141522668878359 ], [ -106.295273937674168, 35.141518004936529 ], [ -106.295276044921664, 35.140594683155861 ], [ -106.292614554472948, 35.140554393246035 ], [ -106.292652267480207, 35.138275898256161 ], [ -106.292365454460736, 35.13827594025944 ], [ -106.292265785915816, 35.135808133164893 ], [ -106.291543726338702, 35.135809872917996 ], [ -106.291368392111636, 35.132675786663853 ], [ -106.288094213736315, 35.132705587476501 ], [ -106.287337624239441, 35.127306454015226 ], [ -106.278879937640355, 35.127242717257253 ], [ -106.278718097139233, 35.127241491867935 ], [ -106.278497273273302, 35.121213435404819 ], [ -106.278330141382398, 35.116645982678079 ], [ -106.278199117306343, 35.113064819059744 ], [ -106.278344134172414, 35.107775282741947 ], [ -106.278670881516462, 35.107779094805743 ], [ -106.279662613569442, 35.10779066082582 ], [ -106.27976886031071, 35.107104692172008 ], [ -106.279071802254066, 35.107124303951949 ], [ -106.279001836849332, 35.107126161484246 ], [ -106.278944860588922, 35.107127692252718 ], [ -106.278720471707601, 35.106637650048285 ], [ -106.278596860046946, 35.106367691734825 ], [ -106.278392248920923, 35.106010071971937 ], [ -106.278440977269582, 35.099084602403188 ], [ -106.278470161202335, 35.096862000288866 ], [ -106.278525437087367, 35.091623208414944 ], [ -106.278614802615209, 35.09113320953432 ], [ -106.278619456025737, 35.091107694409573 ], [ -106.278622254492873, 35.089514692652074 ], [ -106.278622365482121, 35.089433692803361 ], [ -106.278624455022353, 35.088200689969995 ], [ -106.278624858925951, 35.087978688974815 ], [ -106.278330858702731, 35.087978689499955 ], [ -106.278290858380501, 35.087156689294311 ], [ -106.278470858723537, 35.086238688726255 ], [ -106.278629858730341, 35.086245689001231 ], [ -106.278632520034094, 35.085453688231723 ], [ -106.278632857639849, 35.085340203226203 ], [ -106.278632894150604, 35.085316010708311 ], [ -106.27858817602916, 35.084363960257683 ], [ -106.278635850484136, 35.084364177080381 ], [ -106.279998730025866, 35.084370357986458 ], [ -106.28717722221414, 35.084402658816117 ], [ -106.287835810159692, 35.08442112259943 ], [ -106.288095838242924, 35.084428411544891 ], [ -106.290117709930826, 35.084485068170963 ], [ -106.296074784707201, 35.084591484519471 ], [ -106.301938925032246, 35.084695954221004 ], [ -106.301936338719258, 35.084413350897925 ], [ -106.301914334988197, 35.08287071504666 ], [ -106.301910445982344, 35.082567290241421 ], [ -106.304613193934856, 35.08260130173727 ], [ -106.304614736686332, 35.082767156401069 ], [ -106.304629923568015, 35.084399781383716 ], [ -106.304632934748071, 35.084723414452036 ], [ -106.313486883596724, 35.084822149543228 ], [ -106.313484265906112, 35.084468359035768 ], [ -106.313482599991517, 35.084243187568333 ], [ -106.313474508054327, 35.083149261539035 ], [ -106.313474098914142, 35.083093930065182 ], [ -106.309077222989671, 35.083048465208272 ], [ -106.309073409978225, 35.082739702163558 ], [ -106.309033731415468, 35.079526370869367 ], [ -106.312388247324265, 35.079545995023985 ], [ -106.312398185170096, 35.081310943548637 ], [ -106.313461004780009, 35.081320776907617 ], [ -106.313385722278099, 35.070624362610637 ], [ -106.313396336195808, 35.05606027089469 ], [ -106.313595858859628, 35.04332899955277 ], [ -106.310265807352053, 35.043284154669266 ], [ -106.310351416496161, 35.037983428914593 ], [ -106.304876592907206, 35.03793233598352 ], [ -106.304847641840269, 35.039680831585194 ], [ -106.300415272611943, 35.039609492691255 ], [ -106.300433224531275, 35.037894150535472 ], [ -106.296071306636804, 35.037856514284726 ], [ -106.296160323507237, 35.040338231326515 ], [ -106.29398593987473, 35.040281134124598 ], [ -106.293990391009118, 35.039561161791717 ], [ -106.287421104831836, 35.039386763413937 ], [ -106.278595887931573, 35.039186588834752 ], [ -106.278590003556914, 35.037422234314199 ], [ -106.278589935020833, 35.037401681757999 ], [ -106.278589854743629, 35.037375740227866 ], [ -106.278589783890638, 35.03735168186239 ], [ -106.278584997417312, 35.035909832276239 ], [ -106.278583864682517, 35.035568290506404 ], [ -106.278583778748242, 35.03553868089471 ], [ -106.278577787696349, 35.033730680728922 ], [ -106.278577587225158, 35.033661681460117 ], [ -106.278571768597857, 35.031913680664886 ], [ -106.278571569581416, 35.031845682005617 ], [ -106.278565708758052, 35.030082680247652 ], [ -106.278565543516891, 35.030026681017048 ], [ -106.278559680441333, 35.028262679901538 ], [ -106.278559470539292, 35.028191681113263 ], [ -106.278553853250727, 35.026509679800576 ], [ -106.278590048081782, 35.024682655906055 ], [ -106.278604435513799, 35.023945616873284 ], [ -106.278625358652903, 35.022866711630215 ], [ -106.278720853062453, 35.018043678536692 ], [ -106.278173309722433, 35.018026055991392 ], [ -106.278270200801572, 35.015802857640047 ], [ -106.278762284922891, 35.015819269615328 ], [ -106.278789984636177, 35.015819778690414 ], [ -106.280131924873515, 35.015844425555365 ], [ -106.280228554701679, 35.012111970917701 ], [ -106.278830852757224, 35.012137677439874 ], [ -106.278830320706717, 35.012054675440943 ], [ -106.27882230918749, 35.010662201449243 ], [ -106.278819705659203, 35.01020867863334 ], [ -106.278808740466872, 35.008315677668875 ], [ -106.278797779448567, 35.00642367674557 ], [ -106.278787414329457, 35.004623678525526 ], [ -106.278775856479626, 35.002638676093682 ], [ -106.278765094419569, 35.00078467496671 ], [ -106.278760851692866, 35.000046675549221 ], [ -106.278767593055079, 34.999725618589075 ], [ -106.278863676361226, 34.994789756311881 ], [ -106.278865991881858, 34.994654703161856 ], [ -106.278948850844131, 34.990434674238841 ], [ -106.278850850689352, 34.990434674125034 ], [ -106.278849669510336, 34.990049690420143 ], [ -106.278848895953445, 34.987079442686799 ], [ -106.278848850708101, 34.986903608970081 ], [ -106.278847933509553, 34.983382839062777 ], [ -106.278847910117847, 34.983294277145411 ], [ -106.278847881186749, 34.983183673233057 ], [ -106.278847944993117, 34.983106385153796 ], [ -106.278855159813801, 34.980614507006756 ], [ -106.278861387369815, 34.980229857168283 ], [ -106.278864109239919, 34.980139621411652 ], [ -106.27886747503058, 34.976865204944261 ], [ -106.27886952727313, 34.975413094057778 ], [ -106.278873531625351, 34.974155994495888 ], [ -106.278854676472989, 34.970575990729749 ], [ -106.278865236617392, 34.968770135314323 ], [ -106.278875821090494, 34.967037986951141 ], [ -106.278852809526512, 34.965250565589258 ], [ -106.278852170096982, 34.963426284112877 ], [ -106.278884879394909, 34.963391983170268 ], [ -106.278973858049341, 34.963298676012606 ], [ -106.278997848372228, 34.963273519018692 ], [ -106.279035764133198, 34.963225695505251 ], [ -106.279029084754214, 34.962599668454068 ], [ -106.27902882572846, 34.962573137079218 ], [ -106.279020738066635, 34.96181303777491 ], [ -106.279008885996404, 34.960699029225559 ], [ -106.279008393367477, 34.960649673336953 ], [ -106.279003579560381, 34.960198671452673 ], [ -106.278999486575088, 34.959813672100189 ], [ -106.278997522228579, 34.959630516232444 ], [ -106.27899610484711, 34.959498667948239 ], [ -106.278993523358466, 34.959254523505663 ], [ -106.278990555566409, 34.958973670887261 ], [ -106.278985799824298, 34.958528401374238 ], [ -106.278981132548438, 34.958091667019424 ], [ -106.278974000756392, 34.957419097029373 ], [ -106.278971760501562, 34.957207669837864 ], [ -106.278960762445948, 34.956173670210845 ], [ -106.278955440443639, 34.955674034151599 ], [ -106.278950916908244, 34.955249667866362 ], [ -106.278931847698985, 34.953455668506649 ], [ -106.276543847298356, 34.953434668365489 ], [ -106.276382847801585, 34.953540668880358 ], [ -106.275492847007726, 34.953540668691197 ], [ -106.275492846789746, 34.953511668960587 ], [ -106.275497846899384, 34.953393668601642 ], [ -106.275740847188189, 34.953393668740532 ], [ -106.275740847350747, 34.953369668620908 ], [ -106.2757408477285, 34.953118668453691 ], [ -106.274135846402075, 34.953119665924746 ], [ -106.274130846489527, 34.953461668854118 ], [ -106.274130846952616, 34.953485668973343 ], [ -106.273917827163473, 34.953484293070197 ], [ -106.266410933639108, 34.953446112794204 ], [ -106.256145870389005, 34.953393166102089 ], [ -106.255125851077537, 34.953387532269652 ], [ -106.254985842335174, 34.953386669967486 ], [ -106.254797830161309, 34.953387647527293 ], [ -106.253690827630606, 34.953392135886531 ], [ -106.252366829080344, 34.953397392945135 ], [ -106.252245831507025, 34.953397824344023 ], [ -106.251684832094995, 34.953400033919955 ], [ -106.250789830127701, 34.953403641723341 ], [ -106.250070833448632, 34.953406400978928 ], [ -106.249274835257609, 34.953409538670485 ], [ -106.248402836295696, 34.953412935203488 ], [ -106.24748683453852, 34.953416596820098 ], [ -106.246806833277105, 34.953419315921415 ], [ -106.246113836347547, 34.953421955076159 ], [ -106.245544837108071, 34.953424161279621 ], [ -106.24499483802181, 34.953426299794543 ], [ -106.244354836296324, 34.953428871589736 ], [ -106.243770836528597, 34.953431120169078 ], [ -106.243695833250683, 34.953431507540181 ], [ -106.243352509429613, 34.953432671969871 ], [ -106.243040845275502, 34.953433748001423 ], [ -106.242759206049882, 34.953434987294152 ], [ -106.242432832668285, 34.953436376405769 ], [ -106.242070866654416, 34.953437670370278 ], [ -106.241823845586865, 34.953438552763728 ], [ -106.241370446934724, 34.953440397367729 ], [ -106.24115883782342, 34.953441261989283 ], [ -106.241043204153215, 34.953441669998682 ], [ -106.240441851895042, 34.953443790409437 ], [ -106.239769024096091, 34.953446617617587 ], [ -106.239076853406587, 34.953449064344483 ], [ -106.23841183998411, 34.953451852284381 ], [ -106.237427838280283, 34.953455670429442 ], [ -106.237427838217073, 34.953226670895837 ], [ -106.235103789046093, 34.953232252356692 ], [ -106.23412585267225, 34.953234587704181 ], [ -106.224161246394502, 34.953257936746311 ], [ -106.21630067446084, 34.953275778662139 ], [ -106.212087979329567, 34.953285130957276 ], [ -106.199928644763176, 34.953311306056534 ], [ -106.188698821164238, 34.953335336644145 ], [ -106.177789719090541, 34.953355838212708 ], [ -106.150206819590096, 34.953405675370796 ], [ -106.149910819203839, 34.953237675365763 ], [ -106.149914819188709, 34.950184675345653 ], [ -106.150017819321761, 34.949959674860665 ], [ -106.149979818521786, 34.9435066743494 ], [ -106.149592818362621, 34.943319673562485 ], [ -106.149595542487177, 34.941315673535051 ], [ -106.149596910650672, 34.940282092104368 ], [ -106.149598036801905, 34.93942367371708 ], [ -106.14960081768757, 34.937381673154945 ], [ -106.149976089033743, 34.936611671186313 ], [ -106.149984022006038, 34.935104146929035 ], [ -106.1499976908229, 34.932238095355409 ], [ -106.150007817191309, 34.930114671889307 ], [ -106.15000605293821, 34.929938545766525 ], [ -106.149977837181808, 34.927121058088247 ], [ -106.149973816972704, 34.926719591434257 ], [ -106.149929246330416, 34.922268592168798 ], [ -106.149890540259605, 34.918402896510294 ], [ -106.149886862294039, 34.918035653553538 ], [ -106.149881863928954, 34.917534554210391 ], [ -106.149873197875436, 34.91746806521563 ], [ -106.149873070650699, 34.917437646283766 ], [ -106.149867480950519, 34.916099733294395 ], [ -106.149861008948079, 34.915453272492165 ], [ -106.149688815215811, 34.898250667344158 ], [ -106.149777036467924, 34.890164459455647 ], [ -106.149791344402431, 34.888852845199452 ], [ -106.149796050823198, 34.888421390635429 ], [ -106.14980595676073, 34.887498223525149 ], [ -106.149805729940354, 34.887478686246844 ], [ -106.149798553449216, 34.886856479109504 ], [ -106.1497783959028, 34.886826666442197 ], [ -106.149770628482273, 34.886796734172833 ], [ -106.149729045463275, 34.886719098711026 ], [ -106.149728100523276, 34.886559441325076 ], [ -106.14973560035142, 34.884430033666618 ], [ -106.149732795148267, 34.883978030330738 ], [ -106.149737207154189, 34.881551455377114 ], [ -106.149606145921879, 34.870220663588924 ], [ -106.149605838921929, 34.870191569465753 ], [ -106.150150808802152, 34.870185444520075 ], [ -106.15062860262563, 34.870184136621326 ], [ -106.166183816109267, 34.870144661975566 ], [ -106.166286482274003, 34.870194824145493 ], [ -106.168284054388252, 34.870198349311181 ], [ -106.168569884946137, 34.870194156207319 ], [ -106.169267891354338, 34.870189450696842 ], [ -106.173999010533009, 34.870157448990845 ], [ -106.17582107291507, 34.870144973400734 ], [ -106.178910834864425, 34.870123754413612 ], [ -106.181226127701379, 34.870107803504084 ], [ -106.183914345140423, 34.870089227958623 ], [ -106.187999886341615, 34.870060882344994 ], [ -106.188031821541799, 34.870060660630735 ], [ -106.188072821454114, 34.869171660717598 ], [ -106.20235860224237, 34.869215997017157 ], [ -106.207205825572927, 34.869230659446124 ], [ -106.227604834659218, 34.869046992924019 ], [ -106.229405829912778, 34.869030658046448 ], [ -106.242339832674148, 34.869427659642589 ], [ -106.245525656844521, 34.869525234942074 ], [ -106.245844887647337, 34.869535007646121 ], [ -106.250605835195444, 34.869680657583807 ], [ -106.259529968287211, 34.869743303866898 ], [ -106.272536240412748, 34.869833432511307 ], [ -106.321394356078784, 34.87015957070944 ], [ -106.360582373912052, 34.870403189480108 ], [ -106.360457556634231, 34.870577890454676 ], [ -106.360200422081434, 34.870700842114246 ], [ -106.360131751878484, 34.870733677182166 ], [ -106.359645803143152, 34.870966034260796 ], [ -106.359002696231968, 34.87185277487599 ], [ -106.356669461305287, 34.871940469584551 ], [ -106.355466858503135, 34.871985652053702 ], [ -106.3553854381924, 34.872062573057015 ], [ -106.353622965147807, 34.873727617524899 ], [ -106.353183442296228, 34.874142829957059 ], [ -106.35258586872942, 34.876280448113008 ], [ -106.352544510190185, 34.876428946952892 ], [ -106.340820736587588, 34.880833210028854 ], [ -106.340649657767628, 34.880900759316134 ], [ -106.341083130489721, 34.882993407876889 ], [ -106.341118934891995, 34.883166254519374 ], [ -106.338733051111689, 34.884628484531561 ], [ -106.33789159173331, 34.884453015713028 ], [ -106.337741664391515, 34.884421751232139 ], [ -106.337318210239715, 34.884875098363011 ], [ -106.336144914861976, 34.885713951879033 ], [ -106.328691385466428, 34.895924132136393 ], [ -106.325964005387206, 34.896178668906323 ], [ -106.325846207715585, 34.896261717303517 ], [ -106.325517034515286, 34.896493784280835 ], [ -106.324570891953897, 34.897160806606138 ], [ -106.324450680326748, 34.897463810262778 ], [ -106.324498125874058, 34.897834418361739 ], [ -106.323995595827085, 34.898125934986624 ], [ -106.323220879240566, 34.898845681120179 ], [ -106.320489757319081, 34.902249660254533 ], [ -106.319166169063678, 34.902278639891172 ], [ -106.318852779772129, 34.902472115780654 ], [ -106.318356034260177, 34.903268576802375 ], [ -106.318193595632394, 34.903635642127945 ], [ -106.318179514833901, 34.903659648535246 ], [ -106.318184151476771, 34.905812658190648 ], [ -106.318200894865541, 34.908989997593459 ], [ -106.318202826424894, 34.909356660136574 ], [ -106.318203337661004, 34.909454810148958 ], [ -106.318213474268276, 34.911404858452677 ], [ -106.31822138886011, 34.912898657869967 ], [ -106.318228853041049, 34.91430666092019 ], [ -106.320515536752239, 34.920515796831367 ], [ -106.320314635068144, 34.927621659035054 ], [ -106.320312790593107, 34.927686968131027 ], [ -106.320311855012079, 34.927720662548566 ], [ -106.32082585482911, 34.929398662479763 ], [ -106.321345317190733, 34.931094567231554 ], [ -106.322470233581356, 34.934766584880542 ], [ -106.322967749058805, 34.936390315204775 ], [ -106.322955002716768, 34.938331668814541 ], [ -106.322954856471554, 34.938355663666677 ], [ -106.320831855653211, 34.938356677410169 ], [ -106.318625855169316, 34.938357691949882 ], [ -106.316434440626338, 34.93835866116352 ], [ -106.316430826724002, 34.942101424395119 ], [ -106.316430855142457, 34.942136665119982 ], [ -106.316563103663597, 34.942135456867838 ], [ -106.316612796070501, 34.942135002329564 ], [ -106.31674952764115, 34.942133751751157 ], [ -106.32308608020044, 34.942075655569163 ], [ -106.325474789444613, 34.942053665644799 ], [ -106.32541768490826, 34.947473663312813 ], [ -106.325417248165536, 34.947514424060721 ], [ -106.325416857825672, 34.94754966500961 ], [ -106.334331859942964, 34.947533740177128 ], [ -106.334415665650155, 34.947533589118379 ], [ -106.336836858420199, 34.947529225880963 ], [ -106.338686861292132, 34.947525730339677 ], [ -106.343522862087241, 34.947516658646549 ], [ -106.345694862266342, 34.947512534011643 ], [ -106.347880861861782, 34.947508349346471 ], [ -106.357855616168692, 34.947488590202667 ], [ -106.361070867790659, 34.9474820465338 ], [ -106.364988474249941, 34.947473999534346 ], [ -106.375589868727261, 34.947451598959113 ], [ -106.39327687511485, 34.947412026681924 ], [ -106.410881879091193, 34.947370129353615 ], [ -106.411001638670228, 34.947369835468749 ], [ -106.428403881436381, 34.947325930571594 ], [ -106.440110884156354, 34.947294967860223 ], [ -106.445532241589035, 34.94728019833461 ], [ -106.445785887627096, 34.947279508541136 ], [ -106.446481887996228, 34.947277610445376 ], [ -106.4628349015357, 34.947232140587751 ], [ -106.462841981239222, 34.953355709112479 ], [ -106.462842344574028, 34.953670361438242 ], [ -106.462843583371537, 34.954742592114677 ], [ -106.46284388934059, 34.955006658916311 ], [ -106.463371888829201, 34.955144658483292 ], [ -106.463430889359572, 34.957366659570127 ], [ -106.463327889283448, 34.965173660536756 ], [ -106.463305226966668, 34.965913623416981 ], [ -106.463304490919555, 34.965937649964218 ], [ -106.462978285032932, 34.976587387621421 ], [ -106.46297670961647, 34.97663881683345 ], [ -106.462925891174834, 34.978297662238226 ], [ -106.462600651491115, 34.982894480056203 ], [ -106.462589122798718, 34.98305742366319 ], [ -106.462517408104276, 34.984070939459649 ], [ -106.462515541892543, 34.98409730903694 ], [ -106.46246089111834, 34.98486966312894 ], [ -106.462473581494621, 34.985585259682047 ], [ -106.462474036611937, 34.985610910321377 ], [ -106.462483470570973, 34.986142866072548 ], [ -106.462484279655811, 34.986188504465723 ], [ -106.462575986440314, 34.991359080208809 ], [ -106.462591436110159, 34.992230079647925 ], [ -106.462605991203105, 34.993050677387551 ], [ -106.462606416963695, 34.993074681957054 ], [ -106.462607753304511, 34.993150047236767 ], [ -106.462672221326415, 34.996784274236681 ], [ -106.462674073239683, 34.99688864703618 ], [ -106.462675936799599, 34.996993708538128 ], [ -106.46269889202776, 34.998287665518269 ], [ -106.462696746124408, 34.998356337995595 ], [ -106.46266758839306, 34.999289409673487 ], [ -106.462646148899438, 34.999975459957199 ], [ -106.462548892243007, 35.000062665558346 ], [ -106.462636441208559, 35.00803714297183 ], [ -106.462694784006899, 35.013350274426074 ], [ -106.462702893090736, 35.014088668367407 ], [ -106.462688480188362, 35.014727451453545 ], [ -106.462439415823951, 35.025764888741598 ], [ -106.462410894334994, 35.027028670168946 ], [ -106.462460634635391, 35.030161892557615 ], [ -106.462649886852418, 35.042080498961347 ], [ -106.462660895775102, 35.042773672232428 ], [ -106.464467627416255, 35.042765006695809 ], [ -106.473519575893434, 35.042721187677884 ], [ -106.479746692632077, 35.042690651653601 ], [ -106.479794754132968, 35.042690414601118 ], [ -106.479846653056043, 35.042690158541198 ], [ -106.479857728231039, 35.042712499298943 ], [ -106.479857558828158, 35.042746331597698 ], [ -106.479855462096438, 35.043187035601441 ], [ -106.479787901343329, 35.057389674065234 ], [ -106.481780901589872, 35.057379673251162 ], [ -106.482277901289279, 35.057720673569158 ], [ -106.483323901390108, 35.058131674013801 ], [ -106.484943902475663, 35.058498673387724 ], [ -106.484475902316547, 35.061371673651763 ], [ -106.485415902697127, 35.061346673738278 ], [ -106.486073902277326, 35.064681674265159 ], [ -106.486017207031296, 35.065172202168192 ], [ -106.485914692101559, 35.06512431944352 ], [ -106.485328902728639, 35.064866674790061 ], [ -106.484216216820769, 35.064276449138767 ], [ -106.483755518706133, 35.064030351754518 ], [ -106.483463726981242, 35.063874479460253 ], [ -106.483432162917509, 35.063858670875135 ], [ -106.483391488792918, 35.063840109618724 ], [ -106.481277194114909, 35.063056037350236 ], [ -106.480779099822954, 35.062875334227236 ], [ -106.480699901256372, 35.062846674155729 ], [ -106.479802844323586, 35.062738476087652 ], [ -106.474975022113426, 35.062156271591249 ], [ -106.472971899942493, 35.062455674962742 ], [ -106.470871902258864, 35.062656867676068 ], [ -106.470471899597868, 35.062655675240656 ], [ -106.468371898905602, 35.063255674806584 ], [ -106.462780140463607, 35.063761440945271 ], [ -106.462738726659879, 35.067612629812039 ], [ -106.462439434046431, 35.06806917942 ], [ -106.462431460689459, 35.06912078148644 ], [ -106.462405048753126, 35.072481331365843 ], [ -106.478453580654971, 35.072263620556242 ], [ -106.478502302779347, 35.072265220816654 ], [ -106.479942781429386, 35.072335376123171 ], [ -106.47998398454115, 35.079304585179592 ], [ -106.479824317684503, 35.085803639085995 ], [ -106.479724254220031, 35.092203659628659 ], [ -106.479961464622733, 35.098077122547878 ], [ -106.479983086337413, 35.098586674071512 ], [ -106.479988038000172, 35.098703228424519 ], [ -106.479989110567047, 35.098727387229168 ], [ -106.480017198313789, 35.099360608960673 ], [ -106.480023952777032, 35.099512893611099 ], [ -106.480074834938733, 35.100660553856315 ], [ -106.480075904178321, 35.100684680206207 ], [ -106.480030540341119, 35.102967402799898 ], [ -106.480018950803327, 35.103550556777655 ], [ -106.480012176666733, 35.103892787503717 ], [ -106.480003964489299, 35.104307680976063 ], [ -106.480040431356869, 35.108158509607797 ], [ -106.480045073653997, 35.11127950095883 ], [ -106.480045176075706, 35.111348345761442 ], [ -106.480046045282194, 35.111932443457043 ], [ -106.480054828268564, 35.115488681305841 ], [ -106.480055497400599, 35.115725171100472 ], [ -106.48005980044698, 35.115752589673328 ], [ -106.480068463650738, 35.11607400288738 ], [ -106.480069835778849, 35.116108618820746 ], [ -106.480105320767052, 35.116979799471309 ], [ -106.480206596658903, 35.119455297343514 ], [ -106.480229905506931, 35.119932683555412 ], [ -106.480243305785322, 35.121075110473015 ], [ -106.480286841293221, 35.124786452067745 ], [ -106.480293191386608, 35.125041192331018 ], [ -106.480304009142088, 35.125475148196337 ], [ -106.480320729612615, 35.126145904386341 ], [ -106.48032312673719, 35.126242059570302 ], [ -106.480330204323991, 35.126525950457847 ], [ -106.480331384305103, 35.126573269960716 ], [ -106.48033306409755, 35.126640667464507 ], [ -106.48033737622363, 35.126836694517493 ], [ -106.480351157268714, 35.128399236675627 ], [ -106.480358005916116, 35.129272699181207 ], [ -106.480362938960909, 35.129810699786098 ], [ -106.480364498944923, 35.130106702080859 ], [ -106.480366633120383, 35.130286699936796 ], [ -106.480368219956389, 35.130491702397435 ], [ -106.480369807778359, 35.130627698712736 ], [ -106.480372301793295, 35.130978700370463 ], [ -106.480375631144156, 35.131153694674239 ], [ -106.480378578783331, 35.13217493464937 ], [ -106.480380092986195, 35.132699288109336 ], [ -106.480388411479083, 35.133525469678524 ], [ -106.480388834884337, 35.133567484621274 ], [ -106.480395783574437, 35.134257519785571 ], [ -106.480398602510007, 35.13443160089237 ], [ -106.48039899184819, 35.134455675210788 ], [ -106.473363964435791, 35.134437258287328 ], [ -106.4699020765744, 35.13442804546515 ], [ -106.466792904053534, 35.134419686273503 ], [ -106.462471903896102, 35.134442753493623 ], [ -106.460212586518224, 35.13445475323897 ], [ -106.460181893426267, 35.134454960620751 ], [ -106.460176612628018, 35.134553868040506 ], [ -106.450880891640466, 35.134506050209211 ], [ -106.45073468929472, 35.134505777723945 ], [ -106.450674532883852, 35.134505645673208 ], [ -106.450551712579184, 35.134505354982181 ], [ -106.450495511774207, 35.134505100910964 ], [ -106.440811894186567, 35.13445622332884 ], [ -106.431131888512908, 35.134406686465702 ], [ -106.421496893771575, 35.134356758039132 ], [ -106.421464510558664, 35.134356376570217 ], [ -106.421186854398869, 35.134355191533345 ], [ -106.420693216520007, 35.135566186652802 ], [ -106.420103717085482, 35.135917995902247 ], [ -106.418372306314012, 35.136951254848213 ], [ -106.418346806938857, 35.13696683761534 ], [ -106.414779974176327, 35.142716898584794 ], [ -106.384981886645548, 35.14226769150072 ], [ -106.38500288675894, 35.140476691516525 ], [ -106.384355886302842, 35.140363691482008 ], [ -106.382680885546094, 35.13933069154222 ] ] ] } },
{ "type": "Feature", "properties": { "NAME": "SAN ANTONITO", "ID": 345 }, "geometry": { "type": "Polygon", "coordinates": [ [ [ -106.40651748490049, 35.217379445642308 ], [ -106.402841425500981, 35.217368166821032 ], [ -106.391419157689313, 35.217330386031641 ], [ -106.384829244834009, 35.217308098889404 ], [ -106.384214986427864, 35.217331951115021 ], [ -106.382429595707094, 35.217400891489348 ], [ -106.376514733734012, 35.217419719733023 ], [ -106.374593257970616, 35.217421957536544 ], [ -106.370942345044057, 35.217425375638022 ], [ -106.367155000363368, 35.217428090979766 ], [ -106.365548920367303, 35.217386447321488 ], [ -106.362745224880015, 35.217310234414981 ], [ -106.358111682712021, 35.217182931371703 ], [ -106.35064457718353, 35.217102050766613 ], [ -106.326584429923784, 35.216856816519844 ], [ -106.318883783397808, 35.216774659927189 ], [ -106.31831172642633, 35.216757185080382 ], [ -106.316252422519327, 35.216741444545761 ], [ -106.315005876582816, 35.216730707088487 ], [ -106.304812691098448, 35.21640739171071 ], [ -106.29702094458176, 35.216158755150865 ], [ -106.29013999647843, 35.21593757066983 ], [ -106.284202380012289, 35.215748616895411 ], [ -106.277019312860702, 35.215517001815961 ], [ -106.24479884554151, 35.214480542752554 ], [ -106.24390317543066, 35.214450134068741 ], [ -106.243848243598208, 35.2000856138473 ], [ -106.243608856879604, 35.170321088557458 ], [ -106.243609762030061, 35.169739099978436 ], [ -106.243612142222318, 35.16820809154526 ], [ -106.243614877300288, 35.166657944080825 ], [ -106.243624855879219, 35.16058608895397 ], [ -106.243641663717753, 35.148981357085795 ], [ -106.243470750278846, 35.149006520125617 ], [ -106.243468413148904, 35.145401679933435 ], [ -106.243471580445132, 35.141830641461496 ], [ -106.243655854663373, 35.141718084158171 ], [ -106.255660865747302, 35.141759604980152 ], [ -106.256164008239423, 35.141761085871444 ], [ -106.256806846969099, 35.141763102290028 ], [ -106.264889064945564, 35.141785813167132 ], [ -106.265540795484142, 35.141787620801686 ], [ -106.265656051599407, 35.134511505063159 ], [ -106.265771288557616, 35.127235380466935 ], [ -106.268961232245388, 35.127236391962946 ], [ -106.272151177066519, 35.127237319503109 ], [ -106.276459547249942, 35.127241483062143 ], [ -106.278718097976451, 35.127243877117067 ], [ -106.278879938482319, 35.127245102506357 ], [ -106.287337625327979, 35.127308839264124 ], [ -106.288094214847149, 35.132707972723267 ], [ -106.291368393317939, 35.132678171910527 ], [ -106.291543727550277, 35.135812258163405 ], [ -106.292265787148452, 35.135810518410281 ], [ -106.292365455696384, 35.138278325503862 ], [ -106.292652268724211, 35.138278283500533 ], [ -106.292614555715957, 35.140556778489554 ], [ -106.295276046242321, 35.140597068399273 ], [ -106.295273938994811, 35.141520390179572 ], [ -106.296821265229909, 35.141525054121338 ], [ -106.296996646830152, 35.141506939156258 ], [ -106.29698366761923, 35.140859703906798 ], [ -106.297071356512788, 35.140861933427466 ], [ -106.297992868971207, 35.140874406887576 ], [ -106.298010625393132, 35.1411623752129 ], [ -106.299188464134573, 35.141190156208438 ], [ -106.299009444179234, 35.13832719651753 ], [ -106.298789685480259, 35.134662036391894 ], [ -106.305370086222368, 35.134747269979741 ], [ -106.305789874674574, 35.142102880733923 ], [ -106.320198785826122, 35.142086542209846 ], [ -106.33218325612448, 35.141946398432978 ], [ -106.331314827208601, 35.130938822674388 ], [ -106.340146878193551, 35.131064077750615 ], [ -106.340404878349148, 35.134926078660435 ], [ -106.349566880594963, 35.135240077724653 ], [ -106.349335880192882, 35.128958076647571 ], [ -106.357992882636722, 35.129059076819381 ], [ -106.362866883928959, 35.131557076230827 ], [ -106.36502988441319, 35.13157807659789 ], [ -106.365102885042205, 35.13204007613389 ], [ -106.36631388458315, 35.132323076156666 ], [ -106.365868885421918, 35.133697076573547 ], [ -106.36575488506935, 35.134598077055244 ], [ -106.366165884831233, 35.134671076514003 ], [ -106.366161884719872, 35.134789076947932 ], [ -106.372721887033094, 35.136147077087429 ], [ -106.372520886541807, 35.136481076692192 ], [ -106.372743886604752, 35.136565076475499 ], [ -106.37254288667171, 35.137242077021128 ], [ -106.37276088660532, 35.137287076863487 ], [ -106.372491886857546, 35.137285076485618 ], [ -106.371993887340523, 35.137953077385809 ], [ -106.374202887553352, 35.138345076635936 ], [ -106.374472887563925, 35.138048076632629 ], [ -106.374376887530417, 35.137987076548619 ], [ -106.376262888055393, 35.137892076560256 ], [ -106.376265887661432, 35.140114076755687 ], [ -106.37948488954639, 35.140120076840994 ], [ -106.379890889072158, 35.140008076846982 ], [ -106.38100288907377, 35.139131076733122 ], [ -106.381773888974408, 35.139130076778763 ], [ -106.382680889416235, 35.139333076780453 ], [ -106.384355890221997, 35.14036607671968 ], [ -106.385002890696981, 35.140479076754083 ], [ -106.384981890583219, 35.14227007673756 ], [ -106.414779978983375, 35.142719283818238 ], [ -106.414014361227871, 35.143954141357113 ], [ -106.414991944160548, 35.152789255566184 ], [ -106.413840738587666, 35.155160158881124 ], [ -106.414206398658678, 35.160131078586183 ], [ -106.415626400273013, 35.16260107868785 ], [ -106.414567399613816, 35.171953079773886 ], [ -106.415475400978735, 35.179557081161896 ], [ -106.415884402165759, 35.187585082313014 ], [ -106.416036464186931, 35.188575871500532 ], [ -106.419171572992084, 35.191255074455476 ], [ -106.419280275466448, 35.191342050727357 ], [ -106.421450903575135, 35.192978082570534 ], [ -106.421521880643098, 35.193017166019786 ], [ -106.423428774842435, 35.194063001301643 ], [ -106.424888385437058, 35.19486299395988 ], [ -106.424944455152499, 35.194888269674479 ], [ -106.426249156185023, 35.195476407658241 ], [ -106.426353055835591, 35.19552297820244 ], [ -106.426799140115477, 35.195722731218545 ], [ -106.426828423830742, 35.195742054166523 ], [ -106.427243243006004, 35.196001222930676 ], [ -106.427546380473515, 35.196190974360228 ], [ -106.427796734085973, 35.19634768441383 ], [ -106.428119615674262, 35.196554403915293 ], [ -106.428156887039378, 35.196578266175415 ], [ -106.429442906436719, 35.197378082822269 ], [ -106.429640361259374, 35.197554801000301 ], [ -106.429657823884781, 35.197570430452444 ], [ -106.429683488588296, 35.197590918227952 ], [ -106.429704903661559, 35.197611061642924 ], [ -106.429758906265235, 35.197659082482808 ], [ -106.430607906763242, 35.198014082967383 ], [ -106.431148547461362, 35.198470460141152 ], [ -106.431214548087539, 35.198526337377828 ], [ -106.431253320110855, 35.198559012537935 ], [ -106.43132868116237, 35.198628870597823 ], [ -106.431985691744003, 35.199306899355058 ], [ -106.432237512454932, 35.199569529126144 ], [ -106.432625459434462, 35.199969845891054 ], [ -106.432710999759507, 35.200059628526169 ], [ -106.432732632876451, 35.200082846787801 ], [ -106.432762983513385, 35.200112364690071 ], [ -106.432785156018966, 35.200128289459116 ], [ -106.432813858203829, 35.200146508453372 ], [ -106.432850063137792, 35.200169489249568 ], [ -106.433529437342941, 35.200600720246534 ], [ -106.433814871219056, 35.200780233223028 ], [ -106.436122907998154, 35.20224808307912 ], [ -106.436250763299242, 35.202297342308015 ], [ -106.436274757002295, 35.202306586648263 ], [ -106.440359340546536, 35.203873056690739 ], [ -106.440676575989059, 35.203994711029409 ], [ -106.441339909792475, 35.204249083668209 ], [ -106.443449454236756, 35.205204164356836 ], [ -106.443766199766543, 35.20534756402396 ], [ -106.444703911094621, 35.205772083758369 ], [ -106.449425192985501, 35.209007543264647 ], [ -106.449583131073865, 35.209115763317619 ], [ -106.451601963642503, 35.210499033678957 ], [ -106.451665480506961, 35.210551372812205 ], [ -106.45566174439206, 35.213838424056746 ], [ -106.456229679489653, 35.214305536086741 ], [ -106.456503914277221, 35.214531083969653 ], [ -106.456575442581382, 35.214613734857586 ], [ -106.458497959631785, 35.216771322658722 ], [ -106.459432141577608, 35.217793060293424 ], [ -106.441165372025651, 35.217487272078905 ], [ -106.40651748490049, 35.217379445642308 ] ] ] } },
{ "type": "Feature", "properties": { "NAME": "G. O'KEEFFE", "ID": 328 }, "geometry": { "type": "Polygon", "coordinates": [ [ [ -106.414567394807762, 35.17195069455196 ], [ -106.415626395437712, 35.1625986934624 ], [ -106.414206393865257, 35.160128693359567 ], [ -106.413840733805799, 35.155157773652476 ], [ -106.414991939345512, 35.152786870336776 ], [ -106.414014356442934, 35.143951756124096 ], [ -106.414779974176327, 35.142716898584794 ], [ -106.418346806938857, 35.13696683761534 ], [ -106.418372306314012, 35.136951254848213 ], [ -106.420103717085482, 35.135917995902247 ], [ -106.420693216520007, 35.135566186652802 ], [ -106.421186854398869, 35.134355191533345 ], [ -106.421464510558664, 35.134356376570217 ], [ -106.421496893771575, 35.134356758039132 ], [ -106.431131888512908, 35.134406686465702 ], [ -106.440811894186567, 35.13445622332884 ], [ -106.450495511774207, 35.134505100910964 ], [ -106.450551712579184, 35.134505354982181 ], [ -106.450674532883852, 35.134505645673208 ], [ -106.45073468929472, 35.134505777723945 ], [ -106.450880891640466, 35.134506050209211 ], [ -106.460176612628018, 35.134553868040506 ], [ -106.460181893426267, 35.134454960620751 ], [ -106.460212586518224, 35.13445475323897 ], [ -106.462471903896102, 35.134442753493623 ], [ -106.466792904053534, 35.134419686273503 ], [ -106.4699020765744, 35.13442804546515 ], [ -106.473363964435791, 35.134437258287328 ], [ -106.48039899184819, 35.134455675210788 ], [ -106.48040190777634, 35.135589685318116 ], [ -106.480996907718861, 35.136140685131579 ], [ -106.481495637710239, 35.136419366292003 ], [ -106.481651908155996, 35.136506686013448 ], [ -106.485208908881916, 35.137573685253187 ], [ -106.486559908892303, 35.137747685886382 ], [ -106.489167908972362, 35.138984685555336 ], [ -106.492461909989984, 35.139369685765679 ], [ -106.49308091077684, 35.139122685147981 ], [ -106.497043911806074, 35.139864684937024 ], [ -106.497997801870071, 35.140176649468103 ], [ -106.497994809775278, 35.140638178144535 ], [ -106.497965911754775, 35.145095685626359 ], [ -106.500203155078012, 35.145083892439544 ], [ -106.50149653796403, 35.145107630175922 ], [ -106.506875915583805, 35.145095687261225 ], [ -106.506905914070032, 35.145095685865854 ], [ -106.509874119944627, 35.14436286447944 ], [ -106.51248991449782, 35.143682684806116 ], [ -106.513996196877713, 35.14313958524491 ], [ -106.514930144668881, 35.142788472528345 ], [ -106.515828577933107, 35.142486022242174 ], [ -106.517308755036126, 35.141894875286077 ], [ -106.517375801886374, 35.141913032202105 ], [ -106.518205068136908, 35.143356898755748 ], [ -106.518863675632247, 35.144229388647489 ], [ -106.519149570556252, 35.144479529850052 ], [ -106.519500916308345, 35.144751685134338 ], [ -106.519763038938507, 35.144915915572462 ], [ -106.520043326218257, 35.145080245584253 ], [ -106.520777497291775, 35.145484753170912 ], [ -106.521192984106023, 35.145697578232209 ], [ -106.521944655318322, 35.146093290053912 ], [ -106.522719994149483, 35.1465259979446 ], [ -106.52339115728752, 35.146884184201802 ], [ -106.523517146136896, 35.146951086634509 ], [ -106.524219050249314, 35.147323809545647 ], [ -106.526934426246342, 35.148774496946508 ], [ -106.526357699720393, 35.149512763610687 ], [ -106.525439383477362, 35.150684702208814 ], [ -106.525409051344226, 35.150725050546143 ], [ -106.524811902351047, 35.151958496943671 ], [ -106.524610919001134, 35.152626685467204 ], [ -106.524583903259966, 35.152826650786501 ], [ -106.524475235029627, 35.153630998012233 ], [ -106.524529108575862, 35.154360758008806 ], [ -106.524495554249299, 35.155503354307989 ], [ -106.524460507217611, 35.156780214365845 ], [ -106.524462751710416, 35.158136082608159 ], [ -106.524624218792354, 35.158901659697065 ], [ -106.524672148245884, 35.159719962612336 ], [ -106.524531605309832, 35.159719326524481 ], [ -106.523564083854254, 35.159681263622559 ], [ -106.523490556334551, 35.159678371014294 ], [ -106.523173442994448, 35.159681111985364 ], [ -106.522995141366366, 35.159682159312332 ], [ -106.520131134444838, 35.159690521432672 ], [ -106.519978623818815, 35.159690938902045 ], [ -106.519834843468345, 35.159690501996359 ], [ -106.515819670983177, 35.159678224609841 ], [ -106.514702186658567, 35.15969007785111 ], [ -106.51404290857468, 35.159686910963707 ], [ -106.511845283695706, 35.159676328828496 ], [ -106.510157667445739, 35.159668175278469 ], [ -106.509143561756034, 35.159654914049732 ], [ -106.508474264322032, 35.159660018979125 ], [ -106.502514903441636, 35.159632387911671 ], [ -106.498144147556218, 35.159649092683708 ], [ -106.496774912883538, 35.159602688343824 ], [ -106.497223913060608, 35.158322687865478 ], [ -106.497245591459802, 35.157430869671288 ], [ -106.497241953471075, 35.15740461883216 ], [ -106.497245968092713, 35.157217236669354 ], [ -106.496500757974289, 35.157201200311931 ], [ -106.495667521476861, 35.157394312351364 ], [ -106.494865731970194, 35.157506124776127 ], [ -106.494251161715724, 35.157754585451599 ], [ -106.493759470663562, 35.158094912959356 ], [ -106.491888005895703, 35.158732736435809 ], [ -106.491709322667376, 35.158766426762519 ], [ -106.491330951481828, 35.158766743821531 ], [ -106.490896516965122, 35.158691414443624 ], [ -106.490220050544934, 35.158388849885206 ], [ -106.490186568731886, 35.158375422497762 ], [ -106.490096211693086, 35.158310031201722 ], [ -106.489589583472863, 35.158256401890469 ], [ -106.48908356798016, 35.158257401476774 ], [ -106.488311567419629, 35.15854335615392 ], [ -106.487593929903483, 35.159124542342418 ], [ -106.48718159634538, 35.159399055820806 ], [ -106.486702568626313, 35.159498530757091 ], [ -106.485836472195999, 35.159500219750278 ], [ -106.484636960184034, 35.159327380352963 ], [ -106.483979003463602, 35.159176831008097 ], [ -106.483934380395027, 35.159171239859951 ], [ -106.483875532617532, 35.159164104931953 ], [ -106.483837238617156, 35.159160779488346 ], [ -106.483766999294815, 35.159160949287497 ], [ -106.483739476545026, 35.159161015910058 ], [ -106.483072501518762, 35.159162626245134 ], [ -106.482834565203774, 35.159161789256927 ], [ -106.480565710606314, 35.159686569025141 ], [ -106.480305444719107, 35.159804818326194 ], [ -106.480215494345757, 35.159845686027438 ], [ -106.480191286910951, 35.159851018110999 ], [ -106.480161646840358, 35.159864064280441 ], [ -106.480138581921807, 35.159874796557702 ], [ -106.48011593893753, 35.159885682176714 ], [ -106.48000781005878, 35.159953966617586 ], [ -106.479970646401853, 35.159977534294725 ], [ -106.479927075191597, 35.1600052598776 ], [ -106.479564787084868, 35.16023462426589 ], [ -106.479526187995035, 35.160259184315215 ], [ -106.479498294991643, 35.160276852338932 ], [ -106.479477589917096, 35.160287594443027 ], [ -106.479450825810687, 35.160306612488682 ], [ -106.479415283387524, 35.16033184189768 ], [ -106.479385731625655, 35.160350644352825 ], [ -106.479357702506618, 35.160368333335029 ], [ -106.479328369957742, 35.160383900967815 ], [ -106.47897947407985, 35.160513561603423 ], [ -106.478957908648141, 35.16052168924422 ], [ -106.478923033774578, 35.160527864254625 ], [ -106.478880585503106, 35.160535446298802 ], [ -106.475244354760349, 35.161172783956374 ], [ -106.474547458190884, 35.161294912108218 ], [ -106.474512716365325, 35.161300613244507 ], [ -106.4736733532134, 35.161337515137333 ], [ -106.473386908170852, 35.161349689430935 ], [ -106.472922224980579, 35.161215274137597 ], [ -106.471979907887487, 35.160942690259169 ], [ -106.471554907249683, 35.161003690304163 ], [ -106.470908907756296, 35.161171689990766 ], [ -106.468673906658566, 35.162102690407835 ], [ -106.460341674668825, 35.164158793262025 ], [ -106.460288862519249, 35.164171564700574 ], [ -106.460230587964844, 35.164185169517893 ], [ -106.458942929358003, 35.164070423543471 ], [ -106.455760642094987, 35.165257124808612 ], [ -106.455738280206148, 35.165250309083653 ], [ -106.453908320167884, 35.16469253331109 ], [ -106.453870548444598, 35.164706384515817 ], [ -106.453566624555336, 35.164815057535598 ], [ -106.453018332163623, 35.165010553182405 ], [ -106.45174585425643, 35.165464247172665 ], [ -106.450446147245415, 35.165927630046113 ], [ -106.44965349293085, 35.166209686558311 ], [ -106.449555204054732, 35.166244055716064 ], [ -106.44792432775084, 35.166118561586899 ], [ -106.446862635434698, 35.16653184538405 ], [ -106.445294747366063, 35.167824332186257 ], [ -106.445264692559434, 35.167848828776854 ], [ -106.443010689345329, 35.168282296784525 ], [ -106.441756366645805, 35.168318882652855 ], [ -106.44091363545968, 35.1685505640163 ], [ -106.43978286332478, 35.169531109263666 ], [ -106.439754511068088, 35.169555577477695 ], [ -106.438511737647275, 35.171033191472993 ], [ -106.438476462565973, 35.171075215011577 ], [ -106.435254741318801, 35.173019751495929 ], [ -106.435223448326468, 35.17304021170024 ], [ -106.433624470937943, 35.173122096835691 ], [ -106.432720772030635, 35.173570669980165 ], [ -106.432680131434864, 35.173590842543327 ], [ -106.432656396978189, 35.173610101677198 ], [ -106.432601595975513, 35.173655262924285 ], [ -106.432581310892189, 35.173672030654657 ], [ -106.432363136422026, 35.173851887744433 ], [ -106.431650339082879, 35.174439031319153 ], [ -106.431620283384234, 35.174463099026823 ], [ -106.430430514845838, 35.174569995581706 ], [ -106.429841845984441, 35.174799612055672 ], [ -106.428027829618657, 35.176731329509572 ], [ -106.427588691149055, 35.176998784990495 ], [ -106.42755647064854, 35.177018408925385 ], [ -106.421384630431348, 35.178369509116919 ], [ -106.420006667162994, 35.178835246619627 ], [ -106.419307503263454, 35.179261322471049 ], [ -106.419288742353572, 35.179278072313778 ], [ -106.419241506346808, 35.179352030728296 ], [ -106.419215672672522, 35.179398549868459 ], [ -106.419190169313779, 35.179444473587225 ], [ -106.418432048233171, 35.180827005454709 ], [ -106.418409150622182, 35.180868704808205 ], [ -106.418262079417204, 35.181136531236589 ], [ -106.418193896822174, 35.181260695476681 ], [ -106.416063518409786, 35.188473366323436 ], [ -106.416054464636971, 35.188504017029118 ], [ -106.41603645933499, 35.188573486285364 ], [ -106.41588439731845, 35.187582697097419 ], [ -106.415475396144799, 35.179554695943096 ], [ -106.414567394807762, 35.17195069455196 ] ] ] } },
{ "type": "Feature", "properties": { "NAME": "ATRISCO", "ID": 216 }, "geometry": { "type": "Polygon", "coordinates": [ [ [ -106.683284115960376, 35.061924156242767 ], [ -106.683986765546948, 35.060984310686784 ], [ -106.68463535650524, 35.061125964482528 ], [ -106.686335531825449, 35.057538932394714 ], [ -106.686537676524395, 35.057139181830166 ], [ -106.686874516921762, 35.056393023747141 ], [ -106.68774089220851, 35.054565537462651 ], [ -106.687883263656076, 35.054196137681537 ], [ -106.688022179913858, 35.052919565566718 ], [ -106.688362527949224, 35.051735510269715 ], [ -106.688915129388306, 35.051541392837805 ], [ -106.68944494892591, 35.051247014236417 ], [ -106.689783883642122, 35.051120111219134 ], [ -106.69011098790881, 35.051080428281018 ], [ -106.691411438777962, 35.051189389025474 ], [ -106.691488605696918, 35.051179822322055 ], [ -106.692341947365577, 35.051174661288108 ], [ -106.695363844059642, 35.050972907562794 ], [ -106.696367650818473, 35.050935229850602 ], [ -106.69735048094374, 35.050881123627214 ], [ -106.6975196644363, 35.050882933590159 ], [ -106.699190232072709, 35.048882635310079 ], [ -106.701658005418167, 35.045981229375236 ], [ -106.70183806230682, 35.04603834776244 ], [ -106.702066949204053, 35.045743659715612 ], [ -106.702292778876966, 35.045315811233117 ], [ -106.703792457952048, 35.045494208642609 ], [ -106.704221960842133, 35.045357014135703 ], [ -106.704271540563653, 35.045010986219424 ], [ -106.704493514313512, 35.045022395789623 ], [ -106.70480090836881, 35.044121848159428 ], [ -106.70485711440584, 35.043957185477026 ], [ -106.704867799751838, 35.043872028902676 ], [ -106.705102030973293, 35.043925020723663 ], [ -106.705611722025481, 35.04417877374236 ], [ -106.70579024424579, 35.044187749717274 ], [ -106.706278107214501, 35.044232279743106 ], [ -106.70630184425201, 35.043793973108485 ], [ -106.706428174193803, 35.041428948544244 ], [ -106.709542842226796, 35.041621793794782 ], [ -106.710832997432874, 35.041701539228214 ], [ -106.710878477775211, 35.041704350303725 ], [ -106.710751613072674, 35.042125588323671 ], [ -106.710668424007366, 35.042385861997261 ], [ -106.710481941509627, 35.04293253215905 ], [ -106.710286174194394, 35.043494939703749 ], [ -106.710270383768432, 35.043540303244292 ], [ -106.710267065225565, 35.04356208151944 ], [ -106.71013258413457, 35.043893566146458 ], [ -106.709367644093788, 35.045931999083507 ], [ -106.708758507680415, 35.047554160601123 ], [ -106.708744969912004, 35.047590210564735 ], [ -106.708512002775393, 35.048115069264938 ], [ -106.707855577964196, 35.049879260402427 ], [ -106.707560171596143, 35.050602911140736 ], [ -106.707227747454425, 35.051417230260846 ], [ -106.706847265886751, 35.052449855610703 ], [ -106.706562438471309, 35.053222857325636 ], [ -106.705949650959639, 35.054862780156029 ], [ -106.705860377305655, 35.055191895509019 ], [ -106.705854045822349, 35.055219414602881 ], [ -106.705709685992659, 35.055846887873294 ], [ -106.705652054074065, 35.056097389009452 ], [ -106.705793338147359, 35.056693591188534 ], [ -106.705802985870548, 35.056734302531396 ], [ -106.705555219220798, 35.056864334283397 ], [ -106.705452047397472, 35.056930263811275 ], [ -106.705258796978484, 35.057074694744969 ], [ -106.70516483237337, 35.057186844056417 ], [ -106.705143453724929, 35.057212359738124 ], [ -106.7050016508325, 35.057423708775517 ], [ -106.704897011035555, 35.057636705874536 ], [ -106.704873323960086, 35.057701466011217 ], [ -106.704845560134984, 35.057777374403045 ], [ -106.704442192103954, 35.058924296065598 ], [ -106.703869352925622, 35.060398479154792 ], [ -106.703720278888028, 35.060739375783463 ], [ -106.70370669279842, 35.060772427966818 ], [ -106.703656953707451, 35.060897040026887 ], [ -106.703126184770298, 35.062321352065517 ], [ -106.702513956843362, 35.063879476275126 ], [ -106.702215488028372, 35.064659104464631 ], [ -106.701991280401785, 35.065244747912139 ], [ -106.701133542658908, 35.067487152684095 ], [ -106.701125376582311, 35.067508500643847 ], [ -106.701028710175351, 35.067875919629607 ], [ -106.70100207844331, 35.067930663000958 ], [ -106.699537757322091, 35.067658573701202 ], [ -106.698519246831637, 35.067484934469483 ], [ -106.697601795471911, 35.067308735857075 ], [ -106.696706473903831, 35.067158697333561 ], [ -106.696111572570842, 35.067058999936449 ], [ -106.695532427431175, 35.066942599087852 ], [ -106.695353390921071, 35.066906614268575 ], [ -106.69466542047499, 35.066762744834875 ], [ -106.6918078013003, 35.066240556475108 ], [ -106.690088520145238, 35.065953083849386 ], [ -106.686454947019243, 35.065297663253226 ], [ -106.683858771043688, 35.065130962664313 ], [ -106.681582409343051, 35.065015699524949 ], [ -106.681397698695392, 35.064308969247428 ], [ -106.682578013451788, 35.062846791253691 ], [ -106.682816968398171, 35.062527514090704 ], [ -106.683284115960376, 35.061924156242767 ] ] ] } },
{ "type": "Feature", "properties": { "NAME": "DENNIS CHAVEZ", "ID": 203 }, "geometry": { "type": "Polygon", "coordinates": [ [ [ -106.547890330820934, 35.184448368740888 ], [ -106.547202093953999, 35.18439353367171 ], [ -106.54607414901308, 35.184423860489254 ], [ -106.544996242894555, 35.184418399293563 ], [ -106.5422408261812, 35.184411735906565 ], [ -106.542232451099267, 35.182963178713244 ], [ -106.54224020628358, 35.181486274248471 ], [ -106.542238844981398, 35.180043378523742 ], [ -106.542225457696134, 35.177137869260726 ], [ -106.542243041456118, 35.176332489878774 ], [ -106.542249541679041, 35.17569428100235 ], [ -106.542242303357924, 35.174377254057035 ], [ -106.542274040624406, 35.171116566035224 ], [ -106.542274067413871, 35.171084783749293 ], [ -106.542261064223098, 35.167450741430542 ], [ -106.542257331436332, 35.16640740727987 ], [ -106.542260595313891, 35.165573482506538 ], [ -106.542259782920453, 35.164991995550629 ], [ -106.542251181068195, 35.163430395708673 ], [ -106.542248785955977, 35.162475743657048 ], [ -106.542252296622692, 35.161161124515672 ], [ -106.542252835866549, 35.161049802774549 ], [ -106.542257793936585, 35.160026903069209 ], [ -106.542256452120526, 35.159690731866561 ], [ -106.542250195667137, 35.158211230523676 ], [ -106.542220422981529, 35.157845685659389 ], [ -106.542202602532768, 35.157661475724659 ], [ -106.542174771613006, 35.157373797573946 ], [ -106.542100227014018, 35.157169792505584 ], [ -106.542058653390853, 35.157056016612742 ], [ -106.541913574546001, 35.156715677191983 ], [ -106.541710422380419, 35.156402685768462 ], [ -106.540396922010714, 35.155350685215495 ], [ -106.540131922377, 35.154970685093303 ], [ -106.539987772299611, 35.154341875309242 ], [ -106.539992750752418, 35.153525164217712 ], [ -106.540203109542418, 35.15347414978929 ], [ -106.544984983757359, 35.153107417810652 ], [ -106.545472971108296, 35.153138937788981 ], [ -106.550000894937426, 35.153431314089318 ], [ -106.554020191615621, 35.15407270534682 ], [ -106.556789486105629, 35.155683741841294 ], [ -106.559895315858327, 35.157810891781189 ], [ -106.559899248941932, 35.157842206060138 ], [ -106.5598967103153, 35.158076419877617 ], [ -106.559899408014871, 35.158928986767862 ], [ -106.559908179314505, 35.159452214720083 ], [ -106.559923367724622, 35.15974883347031 ], [ -106.559923564293314, 35.159954326475912 ], [ -106.559923560324464, 35.160046465027776 ], [ -106.559923557622113, 35.160110576735306 ], [ -106.559923557101897, 35.160138510727457 ], [ -106.559923554801713, 35.160207647991157 ], [ -106.559923551291988, 35.160284569238193 ], [ -106.55992584739036, 35.160921734688657 ], [ -106.559938107860475, 35.162425391433388 ], [ -106.559940392774152, 35.163027699611895 ], [ -106.559939062558655, 35.164729434408905 ], [ -106.559948178932629, 35.165499835291101 ], [ -106.559953307905985, 35.165933317859192 ], [ -106.559954960950151, 35.166073013196204 ], [ -106.559956517111104, 35.166204531774589 ], [ -106.559957321495247, 35.166272449053572 ], [ -106.559956074088092, 35.166353655267535 ], [ -106.559945691817646, 35.167029616428778 ], [ -106.559940234413133, 35.167782918750383 ], [ -106.559945450378663, 35.168036466353307 ], [ -106.559956071797927, 35.168552675543594 ], [ -106.559966028370411, 35.16898534866354 ], [ -106.559966448705467, 35.169033049305632 ], [ -106.559966736922675, 35.16929935047397 ], [ -106.559969862970178, 35.169856087822915 ], [ -106.559971169777214, 35.170088776011369 ], [ -106.559954452560632, 35.170751034795252 ], [ -106.559953382879286, 35.170793454070754 ], [ -106.559951912919416, 35.171072624164921 ], [ -106.55994385823476, 35.172603852339201 ], [ -106.559942649149519, 35.172833739764705 ], [ -106.559930535189878, 35.174041453474452 ], [ -106.5599287158133, 35.174222491390225 ], [ -106.559888009059421, 35.175735635524262 ], [ -106.559887279617072, 35.17719016524623 ], [ -106.559929488392342, 35.178623940821325 ], [ -106.559935116288386, 35.180106582192032 ], [ -106.559940495785995, 35.181523682674147 ], [ -106.55994608546456, 35.182996045190009 ], [ -106.559919929010888, 35.184453688712829 ], [ -106.558821637143893, 35.184451601945042 ], [ -106.556529609465443, 35.184447186695017 ], [ -106.555170503056345, 35.184447825171063 ], [ -106.551094976382217, 35.184453606471678 ], [ -106.550031520598978, 35.18445412982738 ], [ -106.547890330820934, 35.184448368740888 ] ] ] } },
{ "type": "Feature", "properties": { "NAME": "PETROGLYPH", "ID": 317 }, "geometry": { "type": "Polygon", "coordinates": [ [ [ -106.666001264644677, 35.196821711350729 ], [ -106.665429734886686, 35.19610900910407 ], [ -106.664394017310855, 35.196225087619808 ], [ -106.663095352887026, 35.195045284706566 ], [ -106.660790022314202, 35.19341655698112 ], [ -106.657457954815825, 35.191064556754938 ], [ -106.656110950732142, 35.19011368433496 ], [ -106.652088048071164, 35.187714889768031 ], [ -106.652046289386419, 35.187686135498716 ], [ -106.652046492970456, 35.187523043002052 ], [ -106.652046817330358, 35.187460043106469 ], [ -106.652086852756781, 35.183745525301823 ], [ -106.652708656350953, 35.182423654589137 ], [ -106.652726313215041, 35.182393227301382 ], [ -106.653039763211112, 35.182014503340298 ], [ -106.653538949366663, 35.181438683108176 ], [ -106.65357294989073, 35.181412683196257 ], [ -106.654153949416539, 35.180065683218174 ], [ -106.654589949751042, 35.17812568207777 ], [ -106.655704949625814, 35.175946682093617 ], [ -106.656412766790808, 35.174139752647093 ], [ -106.658474663566977, 35.168832375369604 ], [ -106.658497261843308, 35.168817932905483 ], [ -106.663276299267338, 35.164828628576224 ], [ -106.66391701070205, 35.16429351270353 ], [ -106.666868337505534, 35.16182845996849 ], [ -106.670332083872609, 35.157638432224573 ], [ -106.673257384166121, 35.152484819356935 ], [ -106.676956655014578, 35.145983645713585 ], [ -106.677460143382049, 35.145367800991089 ], [ -106.678778952100672, 35.145875925877945 ], [ -106.678805787151418, 35.145889412065294 ], [ -106.678858861977218, 35.145916086348095 ], [ -106.679285153087591, 35.146134084651649 ], [ -106.68193214457915, 35.147477329747012 ], [ -106.682051269264022, 35.147535565560375 ], [ -106.683132776084804, 35.148086800472882 ], [ -106.683347926567251, 35.148196049618562 ], [ -106.683986170300642, 35.148519160996379 ], [ -106.68510337232226, 35.149041451891179 ], [ -106.685265785580839, 35.149117379429654 ], [ -106.685288137209795, 35.149129223419926 ], [ -106.686208627982793, 35.149648734555797 ], [ -106.685835953539268, 35.150016676082593 ], [ -106.685080305442568, 35.150877160278547 ], [ -106.684660953544537, 35.151327676521177 ], [ -106.683698768266993, 35.152662642131538 ], [ -106.68367030588665, 35.152702131624402 ], [ -106.683591372276098, 35.152835693252328 ], [ -106.683448022294456, 35.15307824969485 ], [ -106.683426771208914, 35.153113686588775 ], [ -106.683413760311012, 35.153135383067607 ], [ -106.683396837980723, 35.153161285242192 ], [ -106.683379177469092, 35.153188316857417 ], [ -106.68335197923841, 35.153227819780518 ], [ -106.68306075140498, 35.153650792750469 ], [ -106.682997187960368, 35.153819635570429 ], [ -106.68288995321582, 35.154103677328422 ], [ -106.681969250836573, 35.155482574629758 ], [ -106.68185161692287, 35.155680389910515 ], [ -106.681512762812829, 35.156250206899337 ], [ -106.681458093775888, 35.156342136817031 ], [ -106.681263729352779, 35.156668974950492 ], [ -106.680781414999174, 35.15739995623283 ], [ -106.680512755408827, 35.157807121503815 ], [ -106.680352270537881, 35.158080433628534 ], [ -106.680050182513824, 35.158594897073989 ], [ -106.679404170670637, 35.159654726179745 ], [ -106.679176145623416, 35.160028812003404 ], [ -106.678624768306733, 35.16090600665877 ], [ -106.678372441394743, 35.161311765195684 ], [ -106.678232051655527, 35.161561281024959 ], [ -106.678054948705295, 35.161876396271396 ], [ -106.677953720618049, 35.162056507556763 ], [ -106.677898010067395, 35.162155630283273 ], [ -106.677876082536088, 35.162194645475317 ], [ -106.677819902656864, 35.162294945301007 ], [ -106.677663778325908, 35.162610725947552 ], [ -106.677611322057686, 35.162716826821438 ], [ -106.6775811047562, 35.162777944802464 ], [ -106.677446906121105, 35.163049377098424 ], [ -106.677369455314007, 35.163206029612169 ], [ -106.677317603302498, 35.163310904062854 ], [ -106.677306905046535, 35.163336946565074 ], [ -106.677163695242641, 35.163685569143794 ], [ -106.677129640443056, 35.163768471233972 ], [ -106.67711472125211, 35.163804788799126 ], [ -106.676885953306524, 35.164361679539311 ], [ -106.676789561566437, 35.164687587107011 ], [ -106.676776251857163, 35.164734509814842 ], [ -106.676768589211761, 35.164761531352639 ], [ -106.676020953621475, 35.167396679306513 ], [ -106.676011500351805, 35.167427553529521 ], [ -106.676002540126291, 35.167456772776198 ], [ -106.675754946849253, 35.168264179865993 ], [ -106.675742233189212, 35.168303732870925 ], [ -106.675512469293707, 35.169018563710772 ], [ -106.675290443432615, 35.169706672534893 ], [ -106.675243071334975, 35.169853488709528 ], [ -106.675214468442121, 35.169942135763904 ], [ -106.674972124073633, 35.170693198785386 ], [ -106.674759964545999, 35.171345701051209 ], [ -106.674543184600182, 35.171959632952756 ], [ -106.674408755582888, 35.172397076012615 ], [ -106.673948013937874, 35.173756847877435 ], [ -106.673769014156036, 35.174285219252575 ], [ -106.678146953699638, 35.174329680777177 ], [ -106.681906955133954, 35.175482680987741 ], [ -106.684322691016575, 35.175833717316529 ], [ -106.686129941196569, 35.17641974568533 ], [ -106.687744118903296, 35.176742685738461 ], [ -106.687751784767897, 35.177922374095466 ], [ -106.687735624554762, 35.179689346017284 ], [ -106.687805126534371, 35.179689419337848 ], [ -106.687840951309482, 35.179689456608834 ], [ -106.690447825868645, 35.179672727845599 ], [ -106.690402957459156, 35.180382680499051 ], [ -106.690658957641148, 35.180633680548382 ], [ -106.690705956969808, 35.180938680493583 ], [ -106.690234957747577, 35.181616680757031 ], [ -106.690228957087626, 35.182024681528787 ], [ -106.690013957737207, 35.182437681183863 ], [ -106.690054957930201, 35.182815680767284 ], [ -106.689768957734742, 35.183314681717903 ], [ -106.689859957779447, 35.183636680953228 ], [ -106.690251958193585, 35.184015681292202 ], [ -106.689709957077085, 35.184398681457921 ], [ -106.68979195798984, 35.184440681869916 ], [ -106.689714957193516, 35.184686681526181 ], [ -106.689841958081843, 35.184974681191427 ], [ -106.69049395760517, 35.185531681328307 ], [ -106.690400957345503, 35.185907681711804 ], [ -106.689751957963395, 35.186924682040818 ], [ -106.686741957111607, 35.188875682267863 ], [ -106.684681102269309, 35.188852618930667 ], [ -106.684476564862152, 35.189298883507227 ], [ -106.684375285865443, 35.189440222496913 ], [ -106.684089957162996, 35.189749682933474 ], [ -106.683497443062166, 35.19005692984625 ], [ -106.681762199951834, 35.190921409910338 ], [ -106.681473215329206, 35.191099679405077 ], [ -106.681382753718211, 35.191177203400777 ], [ -106.681143315250026, 35.191385555036476 ], [ -106.68066849951262, 35.192170307986736 ], [ -106.679752956195784, 35.193947683642996 ], [ -106.679680881168835, 35.194273155958221 ], [ -106.679663775344608, 35.194469791944229 ], [ -106.679654003644089, 35.1945821167172 ], [ -106.67967962996552, 35.194857650719513 ], [ -106.679683658682919, 35.194900960347432 ], [ -106.679700956707549, 35.19506468360396 ], [ -106.679758491375949, 35.195211611840421 ], [ -106.679913956169784, 35.195587683620005 ], [ -106.680943956157307, 35.197410684154875 ], [ -106.681031956623485, 35.198020684370512 ], [ -106.680998270924391, 35.198290116265966 ], [ -106.680884957090868, 35.198658683824391 ], [ -106.680034785706354, 35.200307543169089 ], [ -106.679873994603497, 35.200452737654253 ], [ -106.680358685578526, 35.200625908016349 ], [ -106.680689110455376, 35.200743960676462 ], [ -106.681102134741721, 35.200864524561432 ], [ -106.683179615563162, 35.201470926645989 ], [ -106.68329065837743, 35.201524009697856 ], [ -106.68326886109584, 35.201565236396654 ], [ -106.681623916377717, 35.204676363725454 ], [ -106.680847757630815, 35.204047299737368 ], [ -106.680480874327998, 35.203020597519284 ], [ -106.679865779910187, 35.202464475316113 ], [ -106.679203455445816, 35.201873486652261 ], [ -106.679177544199732, 35.201868367294978 ], [ -106.675763550271384, 35.201175595120283 ], [ -106.67135943203526, 35.199282959149976 ], [ -106.669521379668851, 35.198489130770604 ], [ -106.667863666506648, 35.198155035382186 ], [ -106.666350971246743, 35.197262130397192 ], [ -106.666001264644677, 35.196821711350729 ] ] ] } },
{ "type": "Feature", "properties": { "NAME": "ALVARADO", "ID": 213 }, "geometry": { "type": "Polygon", "coordinates": [ [ [ -106.650770946798247, 35.160022680140251 ], [ -106.650676018671689, 35.160014809925585 ], [ -106.650056947006689, 35.160126680258571 ], [ -106.646319155384404, 35.159603258432782 ], [ -106.645651996778426, 35.159496263475113 ], [ -106.643384944796324, 35.159198680428396 ], [ -106.64347194474027, 35.15873667978267 ], [ -106.638668184216456, 35.158071192125789 ], [ -106.637579943546612, 35.157930679952408 ], [ -106.636820862065846, 35.157838942009775 ], [ -106.636575943379356, 35.158574680292773 ], [ -106.633622942845136, 35.158201680600079 ], [ -106.633346942956877, 35.158281680187116 ], [ -106.62626894118992, 35.157427680818316 ], [ -106.626066557550885, 35.157266530675535 ], [ -106.625943448994462, 35.157215308685593 ], [ -106.625033712615163, 35.157060051825702 ], [ -106.625738291034921, 35.155137054093501 ], [ -106.632208677786068, 35.137473100345929 ], [ -106.634126089509635, 35.137957356234907 ], [ -106.634932941466616, 35.138087677363693 ], [ -106.636190192028835, 35.138204938999557 ], [ -106.636691575202718, 35.138227771177299 ], [ -106.637580899554195, 35.138345257018905 ], [ -106.638165768536652, 35.138392366040492 ], [ -106.638906942609054, 35.138486677056264 ], [ -106.640171100345867, 35.138591656076144 ], [ -106.640745958650299, 35.138589803893417 ], [ -106.641270943510861, 35.138628676890605 ], [ -106.641030942720562, 35.139878677029991 ], [ -106.644161944199752, 35.140223677041426 ], [ -106.64443551611528, 35.140267594165266 ], [ -106.644703911840992, 35.140344703431083 ], [ -106.645045944316266, 35.140405676883482 ], [ -106.646679909888718, 35.140604473416865 ], [ -106.646856955740319, 35.140640225602674 ], [ -106.649626945408414, 35.140994677301947 ], [ -106.650492863627179, 35.139985324268459 ], [ -106.650551598513502, 35.139874568765627 ], [ -106.650773944880171, 35.139657676935961 ], [ -106.651469719655907, 35.139551904198008 ], [ -106.651633344743786, 35.139574384932509 ], [ -106.6516970713501, 35.139501239563558 ], [ -106.651786390225695, 35.139441713085894 ], [ -106.653854681535847, 35.138558187751592 ], [ -106.653998802882782, 35.138525432023187 ], [ -106.654588945873414, 35.13827367627762 ], [ -106.655073094498576, 35.137896002014912 ], [ -106.655203945751055, 35.137766675881664 ], [ -106.655608080479496, 35.137192549910523 ], [ -106.65592494572364, 35.136670676033262 ], [ -106.656339874601102, 35.136369973980543 ], [ -106.657005998217713, 35.135718826641224 ], [ -106.658144946160405, 35.134668675432167 ], [ -106.65832794634315, 35.134439675864897 ], [ -106.658371744060304, 35.1343264914765 ], [ -106.658385425231742, 35.133802957659348 ], [ -106.658430572702883, 35.133806546517818 ], [ -106.659473961961368, 35.13397680917106 ], [ -106.661547514738672, 35.134345589269905 ], [ -106.662591094134655, 35.134521987562351 ], [ -106.662788857240002, 35.134521314126296 ], [ -106.662945778313315, 35.134552062410329 ], [ -106.663106349787327, 35.134621156366237 ], [ -106.663260900543293, 35.13468766005154 ], [ -106.663490805072982, 35.134806171382813 ], [ -106.663828808159522, 35.13496357476329 ], [ -106.664062948404293, 35.1350546756019 ], [ -106.664633065011856, 35.135224156100982 ], [ -106.665226406227745, 35.135399529115134 ], [ -106.665392303434686, 35.135449185537574 ], [ -106.665488240820849, 35.135477901238488 ], [ -106.665992937807047, 35.135559886226098 ], [ -106.666253584109967, 35.135603114311273 ], [ -106.666373520584827, 35.135642538981294 ], [ -106.666633948492816, 35.135727675194524 ], [ -106.666748776029308, 35.135784747524198 ], [ -106.666987806665674, 35.135901558522377 ], [ -106.667038244082462, 35.135925433727238 ], [ -106.667612949081956, 35.136321675371448 ], [ -106.668872948581978, 35.136694675481429 ], [ -106.66910323697364, 35.136807035908774 ], [ -106.669127494617214, 35.136818903376515 ], [ -106.669585659566209, 35.137045828885867 ], [ -106.669683949823977, 35.137020675359807 ], [ -106.669745949754471, 35.136859675274572 ], [ -106.670724196360979, 35.137162526508533 ], [ -106.671900238900477, 35.137526598910078 ], [ -106.673140949608822, 35.137910675100102 ], [ -106.672969949588833, 35.138211675837823 ], [ -106.673827950017809, 35.138487675312682 ], [ -106.673845069115103, 35.13876416425498 ], [ -106.675380022172263, 35.139265362742144 ], [ -106.676559520393027, 35.139586447094814 ], [ -106.676600507539305, 35.139598936559892 ], [ -106.676550600062171, 35.139749145046167 ], [ -106.676890267363902, 35.139851487990086 ], [ -106.676988462337377, 35.139880593131288 ], [ -106.677619290426961, 35.140061596355331 ], [ -106.681050875817689, 35.141389066711383 ], [ -106.680594830928101, 35.14189793869074 ], [ -106.680478760680742, 35.142026632856734 ], [ -106.680043686699591, 35.142510556497058 ], [ -106.680027870479748, 35.142528301658345 ], [ -106.67922384947461, 35.143430387525662 ], [ -106.677460143382049, 35.145367800991089 ], [ -106.676956655014578, 35.145983645713585 ], [ -106.673257384166121, 35.152484819356935 ], [ -106.670332083872609, 35.157638432224573 ], [ -106.666868337505534, 35.16182845996849 ], [ -106.66391701070205, 35.16429351270353 ], [ -106.663276299267338, 35.164828628576224 ], [ -106.658015948771123, 35.163696679798399 ], [ -106.6583689490094, 35.162789680358884 ], [ -106.65266645037984, 35.16200087411849 ], [ -106.653081793266495, 35.161235344070022 ], [ -106.653368947391357, 35.160833680167073 ], [ -106.653638301909254, 35.160621082068474 ], [ -106.653934947851383, 35.160470680235761 ], [ -106.652217723836245, 35.160216422893718 ], [ -106.650770946798247, 35.160022680140251 ] ] ] } },
{ "type": "Feature", "properties": { "NAME": "COCHITI", "ID": 237 }, "geometry": { "type": "Polygon", "coordinates": [ [ [ -106.65850619427404, 35.106124560092333 ], [ -106.65860414102832, 35.106121710462858 ], [ -106.660274066849595, 35.106084438825533 ], [ -106.66041391104595, 35.106090254008926 ], [ -106.662562945325945, 35.106199671489691 ], [ -106.663169725483385, 35.106169973842626 ], [ -106.663177364381966, 35.106169920765332 ], [ -106.663197902969827, 35.106169777748846 ], [ -106.664120640597005, 35.106124246741828 ], [ -106.664311191204476, 35.106115018400914 ], [ -106.664462945586067, 35.106107671211824 ], [ -106.666296857817798, 35.105866142708543 ], [ -106.666615469782755, 35.105824850786128 ], [ -106.668983334056605, 35.105257395136185 ], [ -106.670168243383273, 35.104973267094522 ], [ -106.670433402425601, 35.104909888185745 ], [ -106.670625564475813, 35.10488471301904 ], [ -106.671056966256856, 35.107202988924527 ], [ -106.672210521470461, 35.109699143782002 ], [ -106.674644038704812, 35.109439228992471 ], [ -106.675519225808884, 35.109387245789172 ], [ -106.675519257611739, 35.109387243874657 ], [ -106.675884603690491, 35.109365541324962 ], [ -106.676542744123708, 35.109234050726869 ], [ -106.676935259864521, 35.109157096964999 ], [ -106.67748591348078, 35.109154916689505 ], [ -106.677750338361705, 35.109214075460166 ], [ -106.677750394373163, 35.109214087882826 ], [ -106.6781421050988, 35.109303108730792 ], [ -106.678801542560763, 35.109484327432511 ], [ -106.678982026486068, 35.109534318779026 ], [ -106.67898224852587, 35.109533985358681 ], [ -106.679254128522558, 35.109070936694522 ], [ -106.679340739396821, 35.108943403099616 ], [ -106.679456065235968, 35.108854447993295 ], [ -106.679934619785186, 35.108854834122866 ], [ -106.67989263660688, 35.10905383180922 ], [ -106.679962537246823, 35.109124942605334 ], [ -106.679864568121417, 35.10960245573159 ], [ -106.681235709760614, 35.109769600503753 ], [ -106.683776051752687, 35.109945792258657 ], [ -106.68377720281326, 35.109943365947672 ], [ -106.684076087301662, 35.109312198870107 ], [ -106.684538014540266, 35.109299244346644 ], [ -106.686597484435651, 35.109551512489048 ], [ -106.687412867662616, 35.109732984317539 ], [ -106.687660197528402, 35.109791612496103 ], [ -106.688825902076417, 35.109897649200533 ], [ -106.68972523397737, 35.109885921332328 ], [ -106.690624565542876, 35.109874185892679 ], [ -106.690242483157462, 35.111684518199439 ], [ -106.691144451863465, 35.114478671563973 ], [ -106.692370902915158, 35.117258632299205 ], [ -106.690096252106926, 35.117294576590325 ], [ -106.68856995148569, 35.117318671030972 ], [ -106.687746951398822, 35.117472671667564 ], [ -106.68222237851171, 35.116590382726208 ], [ -106.682358950961543, 35.116223671748607 ], [ -106.680721757603109, 35.115865859736481 ], [ -106.679467742034078, 35.115625362237701 ], [ -106.678164659873289, 35.115327692054343 ], [ -106.676957199392845, 35.115057247256075 ], [ -106.676586948638572, 35.115795672043078 ], [ -106.675598949304458, 35.115781672139789 ], [ -106.675472948398792, 35.115560671943257 ], [ -106.674881949032098, 35.115616671291306 ], [ -106.675140087921122, 35.116383933350527 ], [ -106.675326070792536, 35.117015165258252 ], [ -106.67543527958351, 35.117460154034553 ], [ -106.675528948240213, 35.117936634317608 ], [ -106.675533098113931, 35.118435104989508 ], [ -106.675558423113912, 35.118540649518529 ], [ -106.675559321360737, 35.118713379952986 ], [ -106.675535232758619, 35.119145210127293 ], [ -106.675456806645258, 35.119812800856707 ], [ -106.675328949719429, 35.120409672403078 ], [ -106.67481917247116, 35.122017570489085 ], [ -106.674543419464413, 35.122861115621347 ], [ -106.674387788185996, 35.123250041859208 ], [ -106.674013438523986, 35.124568222566097 ], [ -106.673922803964103, 35.124751910999173 ], [ -106.67384194911854, 35.125099673539637 ], [ -106.67325332948225, 35.124883711037391 ], [ -106.671358973648665, 35.124339744551662 ], [ -106.671187949018858, 35.124265673025683 ], [ -106.670329948713331, 35.124116673841748 ], [ -106.669860257232443, 35.124086024544525 ], [ -106.669046121341054, 35.124121477953828 ], [ -106.668542161203646, 35.124092657471806 ], [ -106.667706274983033, 35.124104467125747 ], [ -106.667127948013444, 35.12405567395723 ], [ -106.666379017422557, 35.12394693654317 ], [ -106.665945038370239, 35.12385151200634 ], [ -106.665353132333465, 35.123683242176789 ], [ -106.664996864028424, 35.12358177774513 ], [ -106.664020947046524, 35.123415673746152 ], [ -106.663019366214854, 35.123456637872358 ], [ -106.66201932441713, 35.123523239179633 ], [ -106.661016640513822, 35.12355062372869 ], [ -106.660582946427894, 35.123530673413157 ], [ -106.659861961924051, 35.123370169695505 ], [ -106.659075946296397, 35.1232136735604 ], [ -106.658076821463538, 35.123088693346872 ], [ -106.65708269525409, 35.122980065597623 ], [ -106.655014945283369, 35.122705674114215 ], [ -106.654050224356538, 35.122458216510857 ], [ -106.652990525210043, 35.122153035398135 ], [ -106.652203531654806, 35.121926503094237 ], [ -106.650753892486463, 35.1215466197743 ], [ -106.64875432197843, 35.121000302041921 ], [ -106.647815372996135, 35.120729951859332 ], [ -106.646454755187605, 35.120374669590845 ], [ -106.646617963255324, 35.119819285102757 ], [ -106.64654403434146, 35.119801483584901 ], [ -106.646611737279684, 35.119445382802503 ], [ -106.646273904554405, 35.119407285516267 ], [ -106.646371884425704, 35.118906863083048 ], [ -106.64670812650337, 35.118949262517766 ], [ -106.646780357309524, 35.118560649550901 ], [ -106.646574391789912, 35.118531608214006 ], [ -106.646702598428107, 35.117897389978268 ], [ -106.646864935600533, 35.11709406788313 ], [ -106.646979940002879, 35.117112838984056 ], [ -106.647092768964697, 35.116514347213013 ], [ -106.646864038790611, 35.116484483069222 ], [ -106.646920692185631, 35.116175414255132 ], [ -106.646791986335771, 35.116159321073553 ], [ -106.646850198140882, 35.115729762187371 ], [ -106.648805444573, 35.115966410259553 ], [ -106.648900293028873, 35.115987824901616 ], [ -106.648896950937797, 35.115611396181485 ], [ -106.648916625950733, 35.11527152568631 ], [ -106.648940007745693, 35.115001864058755 ], [ -106.649028042385439, 35.114850927722529 ], [ -106.649583942566252, 35.114136673139591 ], [ -106.649860224271151, 35.113951336415973 ], [ -106.650068356105734, 35.11376763926846 ], [ -106.650120434915706, 35.113647922582956 ], [ -106.650130331929716, 35.11356970811601 ], [ -106.650190393867121, 35.113095050000766 ], [ -106.650465943429367, 35.11150067295759 ], [ -106.649990885922605, 35.111432103164127 ], [ -106.649430133593526, 35.111374180563232 ], [ -106.648340748029042, 35.111182672430708 ], [ -106.647595019409081, 35.111082074904196 ], [ -106.646559030995036, 35.110928510517354 ], [ -106.645364294169553, 35.110710183809879 ], [ -106.644197941483682, 35.110535672550725 ], [ -106.643040997972534, 35.110408601621934 ], [ -106.642849936545531, 35.110398582910044 ], [ -106.642029941000345, 35.110295673081708 ], [ -106.641177941559803, 35.113032673555253 ], [ -106.640506009721392, 35.114862501151606 ], [ -106.635501189493112, 35.128489659025874 ], [ -106.635253824297763, 35.128312411445648 ], [ -106.635144391723287, 35.12826729743054 ], [ -106.634906608800321, 35.128169268557137 ], [ -106.634347940496383, 35.127998675635475 ], [ -106.630473939406144, 35.127236675699969 ], [ -106.629924939832605, 35.127037676010318 ], [ -106.629902330450918, 35.127017159608364 ], [ -106.629535898532779, 35.12672689106315 ], [ -106.629302276835475, 35.126450025940322 ], [ -106.628898288795156, 35.125073345557446 ], [ -106.628729856773219, 35.1248029145979 ], [ -106.628716204866521, 35.124780996167331 ], [ -106.628568687004872, 35.12465196753628 ], [ -106.628380595775596, 35.124533500556844 ], [ -106.627941803247353, 35.124413137059655 ], [ -106.62791013905634, 35.124406922043413 ], [ -106.627719515965154, 35.124369507556899 ], [ -106.624926711041212, 35.123850733777616 ], [ -106.624634046114068, 35.123830964883133 ], [ -106.624169899118826, 35.123799611099287 ], [ -106.622085896219744, 35.123815583658676 ], [ -106.622137909335251, 35.123727240645849 ], [ -106.623602077552135, 35.120630168642613 ], [ -106.62769457867735, 35.109257529599439 ], [ -106.6277520120384, 35.109123740316846 ], [ -106.629121297484872, 35.105869020165429 ], [ -106.634371938695054, 35.105256672788876 ], [ -106.637071939526137, 35.105096672104899 ], [ -106.639071939652368, 35.105086672505273 ], [ -106.640571940110746, 35.105206673332887 ], [ -106.642560451957507, 35.105434189087802 ], [ -106.64295127191015, 35.105473115973318 ], [ -106.642982103721366, 35.105475868227145 ], [ -106.643012867925464, 35.105478018523165 ], [ -106.643079114681044, 35.105483086252988 ], [ -106.643610846977197, 35.105523765310643 ], [ -106.644108408130364, 35.105561778455794 ], [ -106.644956110608092, 35.105626538468513 ], [ -106.645121440966349, 35.10563767173268 ], [ -106.647390440959143, 35.105973672163302 ], [ -106.650329442575469, 35.106622672000221 ], [ -106.651151048060626, 35.106769901615777 ], [ -106.651783441982303, 35.106881671420439 ], [ -106.651856257088383, 35.106887020874431 ], [ -106.651906457553295, 35.106890197040599 ], [ -106.652203858263945, 35.106908565787734 ], [ -106.652692906416348, 35.106939959753319 ], [ -106.652800004408505, 35.106946308050979 ], [ -106.653179837954468, 35.106874267187031 ], [ -106.653657938924425, 35.10678358592444 ], [ -106.65407441673274, 35.106704591759737 ], [ -106.654598025931193, 35.106604963261759 ], [ -106.655345111684369, 35.106463120612283 ], [ -106.655702168940294, 35.106395265829597 ], [ -106.656651543021766, 35.106214755421576 ], [ -106.657076395586046, 35.106176552247646 ], [ -106.657397983110357, 35.10614763162004 ], [ -106.658016307458183, 35.106134533792982 ], [ -106.6581464916258, 35.106135024080224 ], [ -106.65850619427404, 35.106124560092333 ] ] ] } },
{ "type": "Feature", "properties": { "NAME": "LONGFELLOW", "ID": 291 }, "geometry": { "type": "Polygon", "coordinates": [ [ [ -106.6327963586604, 35.095864172236247 ], [ -106.633317369470348, 35.094552904802953 ], [ -106.634076937927901, 35.092639670749449 ], [ -106.634887938295179, 35.091124669987771 ], [ -106.635391938091587, 35.088699670381743 ], [ -106.636030937350824, 35.086599669296312 ], [ -106.636511937622288, 35.0838616688036 ], [ -106.636549937945802, 35.082678669216769 ], [ -106.637383214399506, 35.082780206686039 ], [ -106.638619929092769, 35.082861355239402 ], [ -106.639805134343405, 35.083009732160498 ], [ -106.640998029196055, 35.08317628296308 ], [ -106.642190385524259, 35.08334273360628 ], [ -106.643375694887567, 35.083491074334411 ], [ -106.64462782215513, 35.083651537763053 ], [ -106.645882895488825, 35.083821534937172 ], [ -106.646982118373302, 35.084004634418484 ], [ -106.646834383919796, 35.084941472414876 ], [ -106.646549940699103, 35.086747293268132 ], [ -106.646502940526361, 35.087045669386583 ], [ -106.645082153513158, 35.094490444698202 ], [ -106.644892756139285, 35.095479461744503 ], [ -106.644457477538381, 35.097738072202205 ], [ -106.643056711118788, 35.105074161630981 ], [ -106.642982103721366, 35.105475868227145 ], [ -106.64295127191015, 35.105473115973318 ], [ -106.642560451957507, 35.105434189087802 ], [ -106.64057194010644, 35.10520667243145 ], [ -106.639071939652368, 35.105086672505273 ], [ -106.637071939526137, 35.105096672104899 ], [ -106.634371938695054, 35.105256672788876 ], [ -106.629121297484872, 35.105869020165429 ], [ -106.630845938261174, 35.101196672065328 ], [ -106.631191938065484, 35.100492672171939 ], [ -106.632746938084495, 35.095989671628452 ], [ -106.6327963586604, 35.095864172236247 ] ] ] } },
{ "type": "Feature", "properties": { "NAME": "MONTEZUMA", "ID": 315 }, "geometry": { "type": "Polygon", "coordinates": [ [ [ -106.622085896219744, 35.123815583658676 ], [ -106.619570758455069, 35.123811197327925 ], [ -106.619086589101173, 35.123814973117078 ], [ -106.617331422683932, 35.123828642496747 ], [ -106.615059305850139, 35.123801518793321 ], [ -106.614798328561633, 35.12379073443293 ], [ -106.614430941705209, 35.123775552209828 ], [ -106.614114191806394, 35.123786853688152 ], [ -106.613912365140948, 35.123794053914473 ], [ -106.612805127487192, 35.123786837054659 ], [ -106.612379720232838, 35.123805773547623 ], [ -106.610778555460783, 35.123775480031185 ], [ -106.610200547056579, 35.123798835686848 ], [ -106.609635650249373, 35.123778876513896 ], [ -106.608558400372388, 35.123771430012859 ], [ -106.607467754717334, 35.123763652864383 ], [ -106.606350779524121, 35.123777940480046 ], [ -106.605798915884975, 35.123757924202209 ], [ -106.604918951139652, 35.123749505495446 ], [ -106.604412161130114, 35.12373139990482 ], [ -106.604108265844232, 35.123720687355799 ], [ -106.604112933493596, 35.122428072577513 ], [ -106.6041044292501, 35.120816124034718 ], [ -106.604108974309966, 35.1201099365041 ], [ -106.60410524053944, 35.119163423938041 ], [ -106.604112932801598, 35.118347093238498 ], [ -106.604130170141318, 35.116517698945295 ], [ -106.604177212790958, 35.11473711531886 ], [ -106.604196048712836, 35.111080962268687 ], [ -106.604158464301321, 35.109253924592281 ], [ -106.604195052956953, 35.107463000883072 ], [ -106.604207422191777, 35.104981945124791 ], [ -106.604205635779437, 35.10493768723591 ], [ -106.603830306461305, 35.10488635655534 ], [ -106.600270035469009, 35.104303440972174 ], [ -106.600213325979439, 35.103884535755832 ], [ -106.600055197408125, 35.103574212148807 ], [ -106.600052820488614, 35.102987180438461 ], [ -106.60027316388755, 35.102891603952649 ], [ -106.600517120581344, 35.102891760684003 ], [ -106.600600461842731, 35.102823162551161 ], [ -106.600600721937582, 35.102535242313415 ], [ -106.600742100851321, 35.102428183424273 ], [ -106.600742341192714, 35.102164190487137 ], [ -106.600730876704773, 35.101987815652322 ], [ -106.600299387466336, 35.101990795701482 ], [ -106.600325621184055, 35.098944596500637 ], [ -106.600298596532909, 35.097216421656555 ], [ -106.599821961089646, 35.096190852791622 ], [ -106.599723997918161, 35.095855221280125 ], [ -106.599679930298691, 35.09480967276005 ], [ -106.603366931329091, 35.094842672707031 ], [ -106.604370142859338, 35.094795222985717 ], [ -106.604705049571066, 35.094752322525174 ], [ -106.606515931377473, 35.0947186725476 ], [ -106.609757067004537, 35.094719317359001 ], [ -106.610426480515102, 35.094708674498129 ], [ -106.61085561489989, 35.094698833412963 ], [ -106.611326210597781, 35.094715643137775 ], [ -106.613072189565528, 35.094707692622336 ], [ -106.614064186673815, 35.094710157545428 ], [ -106.614882800603922, 35.094704000906795 ], [ -106.615353238977278, 35.094685364748145 ], [ -106.615782448985925, 35.094692635416557 ], [ -106.616465559950285, 35.094670378390006 ], [ -106.616643597630599, 35.094669840169239 ], [ -106.617570890756127, 35.094670097609715 ], [ -106.623654805608609, 35.094759370643423 ], [ -106.623590565867318, 35.094328176392793 ], [ -106.624129621417467, 35.094370415084235 ], [ -106.626273694268548, 35.094627448315059 ], [ -106.626563233598119, 35.094650115246857 ], [ -106.628427188139085, 35.094881497072492 ], [ -106.628593955747931, 35.095324522837828 ], [ -106.632217614367747, 35.095772903177682 ], [ -106.6327963586604, 35.095864172236247 ], [ -106.632746938084495, 35.095989671628452 ], [ -106.631191938065484, 35.100492672171939 ], [ -106.630845938261174, 35.101196672065328 ], [ -106.629121297484872, 35.105869020165429 ], [ -106.6277520120384, 35.109123740316846 ], [ -106.62769457867735, 35.109257529599439 ], [ -106.623602077552135, 35.120630168642613 ], [ -106.622137909335251, 35.123727240645849 ], [ -106.622085896219744, 35.123815583658676 ] ] ] } },
{ "type": "Feature", "properties": { "NAME": "LOS PADILLAS", "ID": 297 }, "geometry": { "type": "Polygon", "coordinates": [ [ [ -106.734185953505985, 34.980259505411858 ], [ -106.729612921307179, 34.980247562579514 ], [ -106.728895617928671, 34.980278647455755 ], [ -106.728893442573849, 34.980720337303261 ], [ -106.72740635232509, 34.980715967001998 ], [ -106.723402784444957, 34.980218610372297 ], [ -106.723013506157201, 34.978493130930424 ], [ -106.7191867115382, 34.978340577106572 ], [ -106.719174775799786, 34.979400039216735 ], [ -106.718790567297205, 34.9794173907475 ], [ -106.715825228352188, 34.979350999035319 ], [ -106.714468359949791, 34.979326084177274 ], [ -106.71419496495534, 34.979321450391296 ], [ -106.712555593484993, 34.979278481794125 ], [ -106.710925373113085, 34.979256191857111 ], [ -106.709842313382893, 34.979212334781963 ], [ -106.705071944403613, 34.979116649446425 ], [ -106.702971943726084, 34.978976650024393 ], [ -106.701846862516192, 34.97893221576691 ], [ -106.701170587467658, 34.978834747756274 ], [ -106.699983402927614, 34.97863071392522 ], [ -106.699338470422632, 34.97849850048371 ], [ -106.698795853589147, 34.978342284342162 ], [ -106.69834986437094, 34.978262070529773 ], [ -106.696622169735619, 34.978085872191805 ], [ -106.696696653003443, 34.976446932832033 ], [ -106.695071941594065, 34.976226650015164 ], [ -106.694371941664045, 34.976836649735965 ], [ -106.692131602035261, 34.977597074506541 ], [ -106.688871940235032, 34.977756649948063 ], [ -106.688271939547974, 34.967456648713814 ], [ -106.686071938858476, 34.964856648618003 ], [ -106.683426277999843, 34.960985067656743 ], [ -106.681971937238103, 34.958856647731935 ], [ -106.681371937855843, 34.95585664743669 ], [ -106.679371958881148, 34.952256187848768 ], [ -106.679372378176524, 34.952221532878156 ], [ -106.679471752375079, 34.95022140694914 ], [ -106.68125294495907, 34.946955886366794 ], [ -106.678771936574535, 34.946856646223125 ], [ -106.678698570535161, 34.946858176234578 ], [ -106.673971934860276, 34.946956646517997 ], [ -106.673171934583323, 34.94685664642823 ], [ -106.66336819543605, 34.947072097357655 ], [ -106.663811703375544, 34.945475511866043 ], [ -106.664254798973133, 34.94387974885057 ], [ -106.667008101884036, 34.930785263612762 ], [ -106.669760550948169, 34.917690693081958 ], [ -106.670410149516115, 34.911998145426089 ], [ -106.671059662495566, 34.906305588708499 ], [ -106.671097038313206, 34.906249954241837 ], [ -106.675374932267175, 34.906155639796062 ], [ -106.6787768716773, 34.906183291377573 ], [ -106.68267795500951, 34.906214883642285 ], [ -106.686153934710063, 34.906242639342814 ], [ -106.686352934877689, 34.905945639681065 ], [ -106.686427934829922, 34.905574639095207 ], [ -106.688768935049197, 34.903081638513648 ], [ -106.690407935299831, 34.901524638596143 ], [ -106.693018103970658, 34.899695832841942 ], [ -106.69430393600399, 34.898794638175303 ], [ -106.696211936008353, 34.896917637128553 ], [ -106.697016936253803, 34.895819637688739 ], [ -106.698376936507515, 34.893528637319548 ], [ -106.699579236580519, 34.890137707959681 ], [ -106.700270032148509, 34.88818939115783 ], [ -106.700826935781436, 34.886618635260902 ], [ -106.701672348168572, 34.885286745852532 ], [ -106.703758489884166, 34.882123815760728 ], [ -106.704671936596895, 34.880815634861548 ], [ -106.705921936286401, 34.880128634091179 ], [ -106.70728293660251, 34.879804634454345 ], [ -106.710590469351672, 34.879422568932171 ], [ -106.711255938235297, 34.879345634194216 ], [ -106.712699937699199, 34.879023633600205 ], [ -106.715111382377671, 34.878055590686294 ], [ -106.715616938687745, 34.877852633381906 ], [ -106.716310938804313, 34.877211633665191 ], [ -106.716698939298496, 34.876500632936221 ], [ -106.717502938685541, 34.875425632819258 ], [ -106.718363939399552, 34.874622632720722 ], [ -106.719055939351662, 34.873111632560438 ], [ -106.719970939671271, 34.871552632473467 ], [ -106.720269978889547, 34.870088063016709 ], [ -106.720302939146052, 34.869926632377897 ], [ -106.72404017219425, 34.869987034272064 ], [ -106.734396946507999, 34.869979209652961 ], [ -106.73468650428282, 34.869979252067004 ], [ -106.734828941587537, 34.86997931525601 ], [ -106.740126943874628, 34.869971631005434 ], [ -106.745632944624916, 34.870050631068359 ], [ -106.75000994614804, 34.869955630948049 ], [ -106.909906981203036, 34.869564622056458 ], [ -106.931994980966778, 34.869851869207643 ], [ -106.932902985913913, 34.869863620521691 ], [ -107.000010000705871, 34.869613617339589 ], [ -107.00461700150575, 34.869729624040467 ], [ -107.009157996784708, 34.869843777693873 ], [ -107.023873005922241, 34.870212615386713 ], [ -107.024027992705641, 34.870419536273147 ], [ -107.024419011505273, 34.871029181222312 ], [ -107.024542089253828, 34.871215176120451 ], [ -107.024550544579512, 34.871233750112857 ], [ -107.024589266504321, 34.8713287277969 ], [ -107.028293007310737, 34.880429617189115 ], [ -107.035254941669336, 34.894562196641445 ], [ -107.035912876411885, 34.895898326794594 ], [ -107.037641262555525, 34.899405643884407 ], [ -107.061731769572006, 34.948268199099189 ], [ -107.062124692176383, 34.949064616169679 ], [ -107.062503268994902, 34.949831938830208 ], [ -107.064145038653891, 34.953159382527978 ], [ -107.065557944658451, 34.956022738286947 ], [ -107.065570327110592, 34.956047829896967 ], [ -107.066113193483716, 34.957147618578908 ], [ -107.065983947181635, 34.957146692194797 ], [ -107.065953872715554, 34.957146476873326 ], [ -106.963158625902565, 34.956367563145122 ], [ -106.947613656990725, 34.956391456027461 ], [ -106.94529529992397, 34.958053479655483 ], [ -106.944074438011114, 34.958928701793745 ], [ -106.942883832044117, 34.95978222491447 ], [ -106.940324713144747, 34.961616914882633 ], [ -106.936392648723, 34.964435129954381 ], [ -106.936363088470713, 34.964456316285094 ], [ -106.933992362908683, 34.976085131729626 ], [ -106.933186559439633, 34.97833511220302 ], [ -106.932626029935577, 34.979897295503896 ], [ -106.932496322039626, 34.980258451435049 ], [ -106.932360327224657, 34.980258372907898 ], [ -106.881177318649492, 34.980216405483866 ], [ -106.878498338711182, 34.980217363117397 ], [ -106.767022589025032, 34.980368350093357 ], [ -106.74721474849305, 34.980277537530455 ], [ -106.745014261676886, 34.980266651825438 ], [ -106.734185953505985, 34.980259505411858 ] ] ] } },
{ "type": "Feature", "properties": { "NAME": "DOUBLE EAGLE", "ID": 350 }, "geometry": { "type": "Polygon", "coordinates": [ [ [ -106.486990814239547, 35.217835747651279 ], [ -106.48503186182927, 35.217833054425455 ], [ -106.459432135450911, 35.217790675095721 ], [ -106.458497953532657, 35.216768937460458 ], [ -106.456575436538955, 35.214611349658163 ], [ -106.456503908236911, 35.214528698770245 ], [ -106.456229673457415, 35.214303150887147 ], [ -106.455661738376548, 35.213836038856897 ], [ -106.451665474609044, 35.21054898761048 ], [ -106.451601957746462, 35.210496648477211 ], [ -106.449583125237154, 35.209113378115021 ], [ -106.449425187153437, 35.209005158061984 ], [ -106.444703905401312, 35.205769698553759 ], [ -106.443766194100746, 35.205345178819051 ], [ -106.443449448580267, 35.205201779151786 ], [ -106.441339904197861, 35.204246698462491 ], [ -106.440676570413885, 35.203992325823506 ], [ -106.44035933498067, 35.203870671484765 ], [ -106.436274751556141, 35.202304201441116 ], [ -106.436250757853813, 35.202294957100818 ], [ -106.436122902556491, 35.202245697871923 ], [ -106.43381486584515, 35.200777848014958 ], [ -106.433529431977419, 35.200598335038336 ], [ -106.432850057792209, 35.2001671040411 ], [ -106.432813852859326, 35.200144123244904 ], [ -106.432785150675301, 35.200125904250605 ], [ -106.432762978170373, 35.200109979481574 ], [ -106.432732627534307, 35.200080461579311 ], [ -106.432710994418017, 35.200057243317623 ], [ -106.432625454095486, 35.199967460682466 ], [ -106.432237507127397, 35.199567143917356 ], [ -106.431985686423857, 35.199304514146156 ], [ -106.43132867586155, 35.198626485388516 ], [ -106.431253314812267, 35.198556627328621 ], [ -106.431214542790102, 35.198523952168522 ], [ -106.431148542165872, 35.198468074931796 ], [ -106.430607901483626, 35.198011697757778 ], [ -106.429758901010516, 35.197656697272947 ], [ -106.429704898408446, 35.197608676433013 ], [ -106.429683483335808, 35.197588533018042 ], [ -106.429657818633032, 35.197568045242512 ], [ -106.429640356008136, 35.197552415790369 ], [ -106.429442901191294, 35.197375697612237 ], [ -106.428156881831697, 35.1965758809649 ], [ -106.428119610467675, 35.196552018704736 ], [ -106.427796728888865, 35.196345299203195 ], [ -106.427546375283754, 35.196188589149507 ], [ -106.427243237825152, 35.195998837719813 ], [ -106.426828418662055, 35.195739668955497 ], [ -106.426799134947657, 35.195720346007505 ], [ -106.426353050680859, 35.195520592991286 ], [ -106.426249151033332, 35.195474022447058 ], [ -106.424944450039035, 35.194885884462913 ], [ -106.424888380325243, 35.1948606087483 ], [ -106.423428769773423, 35.194060616089551 ], [ -106.421521875630035, 35.193014780807054 ], [ -106.42145089856416, 35.192975697357738 ], [ -106.419280270519209, 35.191339665513659 ], [ -106.419171568048014, 35.191252689241743 ], [ -106.41603645933499, 35.188573486285364 ], [ -106.416054464636971, 35.188504017029118 ], [ -106.416063518409786, 35.188473366323436 ], [ -106.418193896822174, 35.181260695476681 ], [ -106.418262079417204, 35.181136531236589 ], [ -106.418409150622182, 35.180868704808205 ], [ -106.418432048233171, 35.180827005454709 ], [ -106.419190169313779, 35.179444473587225 ], [ -106.419215672672522, 35.179398549868459 ], [ -106.419241506346808, 35.179352030728296 ], [ -106.419288742353572, 35.179278072313778 ], [ -106.419307503263454, 35.179261322471049 ], [ -106.420006667162994, 35.178835246619627 ], [ -106.421384630431348, 35.178369509116919 ], [ -106.42755647064854, 35.177018408925385 ], [ -106.427588691149055, 35.176998784990495 ], [ -106.428027829618657, 35.176731329509572 ], [ -106.429841845984441, 35.174799612055672 ], [ -106.430430514845838, 35.174569995581706 ], [ -106.431620283384234, 35.174463099026823 ], [ -106.431650339082879, 35.174439031319153 ], [ -106.432363136422026, 35.173851887744433 ], [ -106.432581310892189, 35.173672030654657 ], [ -106.432601595975513, 35.173655262924285 ], [ -106.432656396978189, 35.173610101677198 ], [ -106.432680131434864, 35.173590842543327 ], [ -106.432720772030635, 35.173570669980165 ], [ -106.433624470937943, 35.173122096835691 ], [ -106.435223448326468, 35.17304021170024 ], [ -106.435254741318801, 35.173019751495929 ], [ -106.438476462565973, 35.171075215011577 ], [ -106.438511737647275, 35.171033191472993 ], [ -106.439754511068088, 35.169555577477695 ], [ -106.43978286332478, 35.169531109263666 ], [ -106.44091363545968, 35.1685505640163 ], [ -106.441756366645805, 35.168318882652855 ], [ -106.443010689345329, 35.168282296784525 ], [ -106.445264692559434, 35.167848828776854 ], [ -106.445294747366063, 35.167824332186257 ], [ -106.446862635434698, 35.16653184538405 ], [ -106.44792432775084, 35.166118561586899 ], [ -106.449555204054732, 35.166244055716064 ], [ -106.44965349293085, 35.166209686558311 ], [ -106.450446147245415, 35.165927630046113 ], [ -106.45174585425643, 35.165464247172665 ], [ -106.453018332163623, 35.165010553182405 ], [ -106.453566624555336, 35.164815057535598 ], [ -106.453870548444598, 35.164706384515817 ], [ -106.453908320167884, 35.16469253331109 ], [ -106.455738280206148, 35.165250309083653 ], [ -106.455760642094987, 35.165257124808612 ], [ -106.458942929358003, 35.164070423543471 ], [ -106.460230587964844, 35.164185169517893 ], [ -106.460288862519249, 35.164171564700574 ], [ -106.460341674668825, 35.164158793262025 ], [ -106.468673906658566, 35.162102690407835 ], [ -106.470908907756296, 35.161171689990766 ], [ -106.471554907249683, 35.161003690304163 ], [ -106.471979907887487, 35.160942690259169 ], [ -106.472922224980579, 35.161215274137597 ], [ -106.473386908170852, 35.161349689430935 ], [ -106.4736733532134, 35.161337515137333 ], [ -106.474512716365325, 35.161300613244507 ], [ -106.474547458190884, 35.161294912108218 ], [ -106.475244354760349, 35.161172783956374 ], [ -106.478880585503106, 35.160535446298802 ], [ -106.478923033774578, 35.160527864254625 ], [ -106.478957908648141, 35.16052168924422 ], [ -106.47897947407985, 35.160513561603423 ], [ -106.479328369957742, 35.160383900967815 ], [ -106.479357702506618, 35.160368333335029 ], [ -106.479385731625655, 35.160350644352825 ], [ -106.479415283387524, 35.16033184189768 ], [ -106.479450825810687, 35.160306612488682 ], [ -106.479477589917096, 35.160287594443027 ], [ -106.479498294991643, 35.160276852338932 ], [ -106.479526187995035, 35.160259184315215 ], [ -106.479564787084868, 35.16023462426589 ], [ -106.479927075191597, 35.1600052598776 ], [ -106.479970646401853, 35.159977534294725 ], [ -106.48000781005878, 35.159953966617586 ], [ -106.48011593893753, 35.159885682176714 ], [ -106.480138581921807, 35.159874796557702 ], [ -106.480161646840358, 35.159864064280441 ], [ -106.480191286910951, 35.159851018110999 ], [ -106.480215494345757, 35.159845686027438 ], [ -106.480305444719107, 35.159804818326194 ], [ -106.480565710606314, 35.159686569025141 ], [ -106.482834565203774, 35.159161789256927 ], [ -106.483072501518762, 35.159162626245134 ], [ -106.483739476545026, 35.159161015910058 ], [ -106.483766999294815, 35.159160949287497 ], [ -106.483837238617156, 35.159160779488346 ], [ -106.483875532617532, 35.159164104931953 ], [ -106.483934380395027, 35.159171239859951 ], [ -106.483979003463602, 35.159176831008097 ], [ -106.484636960184034, 35.159327380352963 ], [ -106.485836472195999, 35.159500219750278 ], [ -106.486702568626313, 35.159498530757091 ], [ -106.48718159634538, 35.159399055820806 ], [ -106.487593929903483, 35.159124542342418 ], [ -106.488311567419629, 35.15854335615392 ], [ -106.48908356798016, 35.158257401476774 ], [ -106.489589583472863, 35.158256401890469 ], [ -106.490096211693086, 35.158310031201722 ], [ -106.490186568731886, 35.158375422497762 ], [ -106.490220050544934, 35.158388849885206 ], [ -106.490896516965122, 35.158691414443624 ], [ -106.491330951481828, 35.158766743821531 ], [ -106.491709322667376, 35.158766426762519 ], [ -106.491888005895703, 35.158732736435809 ], [ -106.493759470663562, 35.158094912959356 ], [ -106.494251161715724, 35.157754585451599 ], [ -106.494865731970194, 35.157506124776127 ], [ -106.495667521476861, 35.157394312351364 ], [ -106.496500757974289, 35.157201200311931 ], [ -106.497245968092713, 35.157217236669354 ], [ -106.497241953471075, 35.15740461883216 ], [ -106.497245591459802, 35.157430869671288 ], [ -106.497223913060608, 35.158322687865478 ], [ -106.496774912883538, 35.159602688343824 ], [ -106.498144147556218, 35.159649092683708 ], [ -106.502514903441636, 35.159632387911671 ], [ -106.508474264322032, 35.159660018979125 ], [ -106.509143561756034, 35.159654914049732 ], [ -106.510157667445739, 35.159668175278469 ], [ -106.511845283695706, 35.159676328828496 ], [ -106.51404290857468, 35.159686910963707 ], [ -106.514702186658567, 35.15969007785111 ], [ -106.515819670983177, 35.159678224609841 ], [ -106.519834843468345, 35.159690501996359 ], [ -106.519978623818815, 35.159690938902045 ], [ -106.520131134444838, 35.159690521432672 ], [ -106.522995141366366, 35.159682159312332 ], [ -106.523173442994448, 35.159681111985364 ], [ -106.523490556334551, 35.159678371014294 ], [ -106.523564083854254, 35.159681263622559 ], [ -106.524531605309832, 35.159719326524481 ], [ -106.524672148245884, 35.159719962612336 ], [ -106.525908848628788, 35.159725356635633 ], [ -106.528119075878649, 35.159716877601305 ], [ -106.528490829040891, 35.159716023651043 ], [ -106.533479921525227, 35.159660685862036 ], [ -106.533451070036094, 35.161340802805384 ], [ -106.533508989446617, 35.163625561065537 ], [ -106.533446220342896, 35.163675243277908 ], [ -106.533453608859233, 35.164369315649076 ], [ -106.533432995694653, 35.165511890986579 ], [ -106.533448391576826, 35.166962766250585 ], [ -106.533453482580484, 35.168429907510827 ], [ -106.533455682831772, 35.169063949841956 ], [ -106.533439421502749, 35.174381157881577 ], [ -106.533438488873657, 35.174598000620428 ], [ -106.53839792311031, 35.174604688512055 ], [ -106.538437278259437, 35.174603033506727 ], [ -106.53965790172181, 35.174551684475169 ], [ -106.540053691842473, 35.174525121071241 ], [ -106.541518595181017, 35.174426709508026 ], [ -106.541694788839195, 35.174414884793407 ], [ -106.542242303357924, 35.174377254057035 ], [ -106.542249541679041, 35.17569428100235 ], [ -106.542243041456118, 35.176332489878774 ], [ -106.542225457696134, 35.177137869260726 ], [ -106.542238844981398, 35.180043378523742 ], [ -106.54224020628358, 35.181486274248471 ], [ -106.542232451099267, 35.182963178713244 ], [ -106.5422408261812, 35.184411735906565 ], [ -106.524610996326729, 35.184333875248946 ], [ -106.524610454972333, 35.184994515914042 ], [ -106.524607421776196, 35.188695691193104 ], [ -106.524595490788897, 35.190140457584242 ], [ -106.524624772477338, 35.193156502430945 ], [ -106.524018372380397, 35.217817815134111 ], [ -106.524017857560509, 35.217840800259346 ], [ -106.509631688504456, 35.217863763952479 ], [ -106.506277495222093, 35.217864714057747 ], [ -106.500760522472746, 35.217853785661575 ], [ -106.486990814239547, 35.217835747651279 ] ] ] } },
{ "type": "Feature", "properties": { "NAME": "MISSION AVE", "ID": 309 }, "geometry": { "type": "Polygon", "coordinates": [ [ [ -106.614907409346287, 35.179106121606708 ], [ -106.611619308041554, 35.178227863290658 ], [ -106.611321727773031, 35.178862056967667 ], [ -106.605632273056685, 35.178871312224949 ], [ -106.605293936535986, 35.178867090289714 ], [ -106.60538313157015, 35.174645706899206 ], [ -106.603561676935684, 35.174551241139717 ], [ -106.603107284742038, 35.174528457504593 ], [ -106.603071937705451, 35.1745266846372 ], [ -106.601871168949572, 35.174510950881334 ], [ -106.601318093803229, 35.174500318240518 ], [ -106.600139900769705, 35.174467069755345 ], [ -106.600010443502057, 35.174463043950468 ], [ -106.599773246967729, 35.174457787689029 ], [ -106.598472287509367, 35.174442689002731 ], [ -106.598357119325001, 35.174441539192593 ], [ -106.598313506775028, 35.174441103910176 ], [ -106.598219074487204, 35.174440567718754 ], [ -106.596489455113172, 35.17443857557398 ], [ -106.595709805395941, 35.174428594052969 ], [ -106.59567737584517, 35.174428177286984 ], [ -106.595644947403969, 35.174427763213473 ], [ -106.595292892613372, 35.174423416308791 ], [ -106.594948586203259, 35.174434825160809 ], [ -106.593455178362461, 35.17446816367319 ], [ -106.593158624257498, 35.174493891167884 ], [ -106.592944536472189, 35.174500772411569 ], [ -106.590988879561877, 35.174489107385824 ], [ -106.588836088734652, 35.174476230702204 ], [ -106.588338758799665, 35.174474136753403 ], [ -106.587771081212821, 35.174458917229465 ], [ -106.585584118900726, 35.174380529631641 ], [ -106.58476220194494, 35.174351058665287 ], [ -106.583729485741245, 35.174314021240136 ], [ -106.583572252981028, 35.174305600355723 ], [ -106.583572535456184, 35.174279070121841 ], [ -106.583932911341705, 35.172734819883829 ], [ -106.586838750264391, 35.160280457096164 ], [ -106.587392693780288, 35.158238371192205 ], [ -106.587633432782468, 35.157341683218178 ], [ -106.587663865818797, 35.157202719083443 ], [ -106.587744446256096, 35.156834771610292 ], [ -106.588073723791723, 35.155371385577119 ], [ -106.5884829440689, 35.153556067046978 ], [ -106.588577942186134, 35.1531479362677 ], [ -106.590450026602099, 35.145398395820884 ], [ -106.590483316101029, 35.145368530208181 ], [ -106.590532576880179, 35.145321463370991 ], [ -106.592536678562169, 35.143406530724299 ], [ -106.592568358236278, 35.143384144783333 ], [ -106.595021970837564, 35.141754195140372 ], [ -106.595055687434908, 35.14173370389932 ], [ -106.601455380296755, 35.137988470110372 ], [ -106.601487044987451, 35.137968504965308 ], [ -106.602180750705074, 35.137533084966513 ], [ -106.608695279039878, 35.133443672895034 ], [ -106.609762880913692, 35.132764969701924 ], [ -106.608271934929249, 35.131796677927326 ], [ -106.607641767169767, 35.131454375246847 ], [ -106.607027934636562, 35.131216678376049 ], [ -106.606093935300819, 35.130998677726915 ], [ -106.605679707105196, 35.130955686145576 ], [ -106.604323105977713, 35.130959659777865 ], [ -106.604361445703788, 35.132075748009214 ], [ -106.605881211137799, 35.132066528928966 ], [ -106.605472793943974, 35.132535718831342 ], [ -106.605180681326942, 35.133014906150635 ], [ -106.60493190477213, 35.133594667485823 ], [ -106.604754783103132, 35.134342295298701 ], [ -106.602950394043091, 35.134326778081657 ], [ -106.602960465641416, 35.131249051505115 ], [ -106.60346294528037, 35.131227446041692 ], [ -106.603469988505552, 35.131438898974011 ], [ -106.604070639689894, 35.131442180281198 ], [ -106.6041239340598, 35.130873677609372 ], [ -106.604151534577269, 35.12985902571787 ], [ -106.604124238174705, 35.12838293101148 ], [ -106.604135697139171, 35.126200639308244 ], [ -106.604119658495023, 35.124335047739031 ], [ -106.604108265844232, 35.123720687355799 ], [ -106.604412161130114, 35.12373139990482 ], [ -106.604918951139652, 35.123749505495446 ], [ -106.605798915884975, 35.123757924202209 ], [ -106.606350779524121, 35.123777940480046 ], [ -106.607467754717334, 35.123763652864383 ], [ -106.608558400372388, 35.123771430012859 ], [ -106.609635650249373, 35.123778876513896 ], [ -106.610200547056579, 35.123798835686848 ], [ -106.610778555460783, 35.123775480031185 ], [ -106.612379720232838, 35.123805773547623 ], [ -106.612805127487192, 35.123786837054659 ], [ -106.613912365140948, 35.123794053914473 ], [ -106.614114191806394, 35.123786853688152 ], [ -106.614430941705209, 35.123775552209828 ], [ -106.614798328561633, 35.12379073443293 ], [ -106.615059305850139, 35.123801518793321 ], [ -106.617331422683932, 35.123828642496747 ], [ -106.619086589101173, 35.123814973117078 ], [ -106.619570758455069, 35.123811197327925 ], [ -106.622085896219744, 35.123815583658676 ], [ -106.624169899118826, 35.123799611099287 ], [ -106.624634046114068, 35.123830964883133 ], [ -106.624926711041212, 35.123850733777616 ], [ -106.627719515965154, 35.124369507556899 ], [ -106.62791013905634, 35.124406922043413 ], [ -106.627941803247353, 35.124413137059655 ], [ -106.628380595775596, 35.124533500556844 ], [ -106.628568687004872, 35.12465196753628 ], [ -106.628716204866521, 35.124780996167331 ], [ -106.628729856773219, 35.1248029145979 ], [ -106.628898288795156, 35.125073345557446 ], [ -106.629302276835475, 35.126450025940322 ], [ -106.629535898532779, 35.12672689106315 ], [ -106.629902330450918, 35.127017159608364 ], [ -106.629924939832605, 35.127037676010318 ], [ -106.630473939406144, 35.127236675699969 ], [ -106.634347940496383, 35.127998675635475 ], [ -106.634906608800321, 35.128169268557137 ], [ -106.635144391723287, 35.12826729743054 ], [ -106.635253824297763, 35.128312411445648 ], [ -106.635501189493112, 35.128489659025874 ], [ -106.633526205476301, 35.133878859804994 ], [ -106.632208677786068, 35.137473100345929 ], [ -106.625738291034921, 35.155137054093501 ], [ -106.625033712615163, 35.157060051825702 ], [ -106.620074093984755, 35.170480708585167 ], [ -106.620016786679344, 35.170626543144763 ], [ -106.619600138518209, 35.17162048921324 ], [ -106.618966008082793, 35.173133209854647 ], [ -106.618846940805028, 35.17340818403175 ], [ -106.615545067951246, 35.179272749398606 ], [ -106.614907409346287, 35.179106121606708 ] ] ] } },
{ "type": "Feature", "properties": { "NAME": "LOWELL", "ID": 300 }, "geometry": { "type": "Polygon", "coordinates": [ [ [ -106.62539454313108, 35.075031366089881 ], [ -106.624062384905031, 35.075034503117593 ], [ -106.622388557009259, 35.075045152931907 ], [ -106.622126480153824, 35.075046042075932 ], [ -106.622111337387139, 35.073825124760674 ], [ -106.622099933183705, 35.07290566799189 ], [ -106.617737699927346, 35.072918247991858 ], [ -106.617716075250428, 35.073680062313613 ], [ -106.61708993282609, 35.073675668708844 ], [ -106.617112756969746, 35.072540612664589 ], [ -106.617155539773719, 35.069128589709308 ], [ -106.617152516238505, 35.065464271916213 ], [ -106.617497664624878, 35.065495141000753 ], [ -106.617993185804181, 35.065521135847007 ], [ -106.618372289301803, 35.065661797920832 ], [ -106.618666437481181, 35.065703457551841 ], [ -106.618640857297038, 35.061471863885551 ], [ -106.616143732480126, 35.061479146637957 ], [ -106.616135739185822, 35.058442905234884 ], [ -106.613283530342812, 35.058439660459484 ], [ -106.613251714529241, 35.0571027776422 ], [ -106.61326852919963, 35.05637941093859 ], [ -106.613423913423233, 35.054237062915185 ], [ -106.613517069853117, 35.053152713810768 ], [ -106.61369574642535, 35.052643796506999 ], [ -106.613926379475103, 35.052392024003794 ], [ -106.613996930651766, 35.052270665171143 ], [ -106.614572930537676, 35.050266665226403 ], [ -106.615319930511731, 35.048632665381646 ], [ -106.616874929820071, 35.046099664330008 ], [ -106.619791931068519, 35.041914663649472 ], [ -106.621780485383468, 35.037077432654186 ], [ -106.621921448124766, 35.037075323948521 ], [ -106.622079774250651, 35.03713054347962 ], [ -106.622322996178198, 35.03717135118945 ], [ -106.62258521402768, 35.037165398960042 ], [ -106.622714592558509, 35.03714920260397 ], [ -106.623103904371789, 35.036991732354288 ], [ -106.62330157360509, 35.036933080170286 ], [ -106.623603705865094, 35.036888874716183 ], [ -106.627964590394427, 35.036803930229581 ], [ -106.628684761397096, 35.036794079184858 ], [ -106.628727362183696, 35.035799087815555 ], [ -106.628864152442546, 35.034743848704537 ], [ -106.629104953576118, 35.033602457069691 ], [ -106.629523766045025, 35.032270460997594 ], [ -106.630168931564995, 35.030827661421185 ], [ -106.630802575507559, 35.029626447492824 ], [ -106.631911563253908, 35.027696980333793 ], [ -106.631971802964017, 35.027592170578295 ], [ -106.632019087982115, 35.02751470597898 ], [ -106.63263026333108, 35.026564422666823 ], [ -106.632909212567796, 35.026143225832051 ], [ -106.633015545206632, 35.02598681008358 ], [ -106.633237547771444, 35.025660239363667 ], [ -106.633301743348696, 35.025566151953868 ], [ -106.633432872523471, 35.02537396047402 ], [ -106.633848070270616, 35.024765417905719 ], [ -106.633866070342847, 35.024739035544208 ], [ -106.634612279313515, 35.024041872924023 ], [ -106.634633932963681, 35.02402166020093 ], [ -106.635406932541969, 35.023574660250503 ], [ -106.635548425607539, 35.023522944610363 ], [ -106.63557267874917, 35.023514044036148 ], [ -106.635625798789164, 35.023494664174223 ], [ -106.63603893218567, 35.023343660053186 ], [ -106.637246931211521, 35.023341837067754 ], [ -106.637825771032027, 35.024494527608887 ], [ -106.637864613219861, 35.025669354910725 ], [ -106.637882556265424, 35.026212070108123 ], [ -106.637901992801147, 35.026799921222548 ], [ -106.637977075064484, 35.029070699587855 ], [ -106.637967602546979, 35.029997400612409 ], [ -106.637966314950944, 35.030123365136774 ], [ -106.637957182476526, 35.031016758596273 ], [ -106.637884566006576, 35.037790935966726 ], [ -106.637875864920304, 35.038675848681173 ], [ -106.637876174625234, 35.04031594920238 ], [ -106.637876228460854, 35.04054581247847 ], [ -106.637866810447662, 35.041104409195832 ], [ -106.637860914486922, 35.041454127112928 ], [ -106.638048197664318, 35.047430871809851 ], [ -106.638075434635212, 35.048254663714445 ], [ -106.637975434589549, 35.050554663924565 ], [ -106.638075435921223, 35.059474665971095 ], [ -106.638275435988746, 35.061074665954457 ], [ -106.638875436046163, 35.063344666232759 ], [ -106.639076445813515, 35.065826499947718 ], [ -106.639275437233735, 35.068314666978175 ], [ -106.639985125606458, 35.071738932120063 ], [ -106.640075436921734, 35.072174666896792 ], [ -106.6400427667934, 35.073032398974732 ], [ -106.640039599389681, 35.07309470606144 ], [ -106.62997593522752, 35.07304066779291 ], [ -106.629659580160364, 35.073420846978188 ], [ -106.629452368428801, 35.07361883498578 ], [ -106.627755352757603, 35.075696869890415 ], [ -106.627523928061535, 35.075447592458055 ], [ -106.627115935238663, 35.075162668466426 ], [ -106.626817742168853, 35.075083092591861 ], [ -106.626675434739496, 35.075044668380265 ], [ -106.62539454313108, 35.075031366089881 ] ] ] } },
{ "type": "Feature", "properties": { "NAME": "MARY ANN BINFORD", "ID": 250 }, "geometry": { "type": "Polygon", "coordinates": [ [ [ -106.709367644093788, 35.045931999083507 ], [ -106.71013258413457, 35.043893566146458 ], [ -106.710267065225565, 35.04356208151944 ], [ -106.711980011782543, 35.04377532940223 ], [ -106.711926277467768, 35.043876670276127 ], [ -106.715055197862412, 35.043930591326117 ], [ -106.71767559697922, 35.043927892849673 ], [ -106.726223716519968, 35.043917888558425 ], [ -106.726396164862152, 35.043918622338836 ], [ -106.726465500110294, 35.043921540327496 ], [ -106.726342946298587, 35.044136723242552 ], [ -106.726316274307507, 35.0441897605793 ], [ -106.726990259604122, 35.044392780011023 ], [ -106.72780671450839, 35.044492412775959 ], [ -106.728616549123274, 35.044491030928349 ], [ -106.728926574034702, 35.044472786232838 ], [ -106.729218955496322, 35.044467658113696 ], [ -106.732680091546626, 35.043986208349345 ], [ -106.732856249783509, 35.043945671156543 ], [ -106.734753683872285, 35.04365566523856 ], [ -106.736631352709622, 35.046843329200534 ], [ -106.737893956866998, 35.048986658177192 ], [ -106.739692957936697, 35.052246658599543 ], [ -106.740743674860994, 35.055627912143819 ], [ -106.738845957913611, 35.056150659778687 ], [ -106.738320958469046, 35.056478659847954 ], [ -106.73735295779835, 35.056809659672389 ], [ -106.725955955662869, 35.057779660535964 ], [ -106.722443725055982, 35.058115132849089 ], [ -106.722416284289892, 35.058117752973111 ], [ -106.71512695298037, 35.058813660742445 ], [ -106.708944104359574, 35.0601030045935 ], [ -106.707906196374935, 35.060322835379708 ], [ -106.707395486303781, 35.059332503621384 ], [ -106.707307511991829, 35.059245606007529 ], [ -106.706338645621926, 35.057966139534066 ], [ -106.706235122660672, 35.057822643135538 ], [ -106.705892009180758, 35.057198082360024 ], [ -106.705807819025921, 35.056759486363255 ], [ -106.705802985870548, 35.056734302531396 ], [ -106.705793338147359, 35.056693591188534 ], [ -106.705652054074065, 35.056097389009452 ], [ -106.705709685992659, 35.055846887873294 ], [ -106.705854045822349, 35.055219414602881 ], [ -106.705860377305655, 35.055191895509019 ], [ -106.705949650959639, 35.054862780156029 ], [ -106.706562438471309, 35.053222857325636 ], [ -106.706847265886751, 35.052449855610703 ], [ -106.707227747454425, 35.051417230260846 ], [ -106.707560171596143, 35.050602911140736 ], [ -106.707855577964196, 35.049879260402427 ], [ -106.708512002775393, 35.048115069264938 ], [ -106.708744969912004, 35.047590210564735 ], [ -106.708758507680415, 35.047554160601123 ], [ -106.709367644093788, 35.045931999083507 ] ] ] } },
{ "type": "Feature", "properties": { "NAME": "EG ROSS", "ID": 219 }, "geometry": { "type": "Polygon", "coordinates": [ [ [ -106.568848246946985, 35.175745737353814 ], [ -106.568849085341213, 35.17442968164039 ], [ -106.567316305643956, 35.174438394967979 ], [ -106.566171723889909, 35.174441387872903 ], [ -106.564369929697733, 35.174401562307033 ], [ -106.563776345388362, 35.174377954690108 ], [ -106.560712966954455, 35.174255022889668 ], [ -106.560417560431347, 35.174242703023808 ], [ -106.560374052677076, 35.17424088812507 ], [ -106.560127086394971, 35.174230587056982 ], [ -106.5599287158133, 35.174222491390225 ], [ -106.559930535189878, 35.174041453474452 ], [ -106.559942649149519, 35.172833739764705 ], [ -106.55994385823476, 35.172603852339201 ], [ -106.559951912919416, 35.171072624164921 ], [ -106.559953382879286, 35.170793454070754 ], [ -106.559954452560632, 35.170751034795252 ], [ -106.559971169777214, 35.170088776011369 ], [ -106.559969862970178, 35.169856087822915 ], [ -106.559966736922675, 35.16929935047397 ], [ -106.559966448705467, 35.169033049305632 ], [ -106.559966028370411, 35.16898534866354 ], [ -106.559956071797927, 35.168552675543594 ], [ -106.559945450378663, 35.168036466353307 ], [ -106.559940234413133, 35.167782918750383 ], [ -106.559945691817646, 35.167029616428778 ], [ -106.559956074088092, 35.166353655267535 ], [ -106.559957321495247, 35.166272449053572 ], [ -106.559956517111104, 35.166204531774589 ], [ -106.559954960950151, 35.166073013196204 ], [ -106.559953307905985, 35.165933317859192 ], [ -106.559948178932629, 35.165499835291101 ], [ -106.559939062558655, 35.164729434408905 ], [ -106.559940392774152, 35.163027699611895 ], [ -106.559938107860475, 35.162425391433388 ], [ -106.55992584739036, 35.160921734688657 ], [ -106.559923551291988, 35.160284569238193 ], [ -106.559923554801713, 35.160207647991157 ], [ -106.559923557101897, 35.160138510727457 ], [ -106.559923557622113, 35.160110576735306 ], [ -106.559923560324464, 35.160046465027776 ], [ -106.559923564293314, 35.159954326475912 ], [ -106.559923367724622, 35.15974883347031 ], [ -106.559908179314505, 35.159452214720083 ], [ -106.559899408014871, 35.158928986767862 ], [ -106.561345291055289, 35.158924559535109 ], [ -106.561816835677092, 35.158976807078204 ], [ -106.562237491286268, 35.159193444442465 ], [ -106.562812128513201, 35.159445771331285 ], [ -106.562908609085653, 35.159488136219117 ], [ -106.563616756687992, 35.159734317180494 ], [ -106.563751700859399, 35.159815646857773 ], [ -106.565008867687297, 35.159821309892877 ], [ -106.566048313705082, 35.159840772065081 ], [ -106.566086191355467, 35.159841101436847 ], [ -106.568794033921264, 35.15988389164189 ], [ -106.570991654020716, 35.159883654642393 ], [ -106.582234276119621, 35.159899678850131 ], [ -106.582286129233637, 35.159899416753447 ], [ -106.582318410269096, 35.159900104357092 ], [ -106.584463278514704, 35.159958796972212 ], [ -106.586838750264391, 35.160280457096164 ], [ -106.583932911341705, 35.172734819883829 ], [ -106.583572535456184, 35.174279070121841 ], [ -106.583572252981028, 35.174305600355723 ], [ -106.583729485741245, 35.174314021240136 ], [ -106.58476220194494, 35.174351058665287 ], [ -106.585584118900726, 35.174380529631641 ], [ -106.587771081212821, 35.174458917229465 ], [ -106.588338758799665, 35.174474136753403 ], [ -106.588836088734652, 35.174476230702204 ], [ -106.590988879561877, 35.174489107385824 ], [ -106.592944536472189, 35.174500772411569 ], [ -106.593158624257498, 35.174493891167884 ], [ -106.593455178362461, 35.17446816367319 ], [ -106.594948586203259, 35.174434825160809 ], [ -106.595292892613372, 35.174423416308791 ], [ -106.595644947403969, 35.174427763213473 ], [ -106.59567737584517, 35.174428177286984 ], [ -106.595709805395941, 35.174428594052969 ], [ -106.596489455113172, 35.17443857557398 ], [ -106.598219074487204, 35.174440567718754 ], [ -106.598313506775028, 35.174441103910176 ], [ -106.598357119325001, 35.174441539192593 ], [ -106.598472287509367, 35.174442689002731 ], [ -106.599773246967729, 35.174457787689029 ], [ -106.600010443502057, 35.174463043950468 ], [ -106.600139900769705, 35.174467069755345 ], [ -106.601318093803229, 35.174500318240518 ], [ -106.601871168949572, 35.174510950881334 ], [ -106.603071937705451, 35.1745266846372 ], [ -106.603107284742038, 35.174528457504593 ], [ -106.603561676935684, 35.174551241139717 ], [ -106.60538313157015, 35.174645706899206 ], [ -106.605293936535986, 35.178867090289714 ], [ -106.60522593915212, 35.181374685864618 ], [ -106.60471493872798, 35.184660686067247 ], [ -106.603729938340294, 35.188083686718073 ], [ -106.601759543077065, 35.192735993538385 ], [ -106.601268220501822, 35.193895970044245 ], [ -106.601253938377454, 35.193929687432657 ], [ -106.59973034816673, 35.197219127912447 ], [ -106.598181938630674, 35.200562689234886 ], [ -106.597395938418359, 35.201954689391975 ], [ -106.596351938536515, 35.202092689276512 ], [ -106.595430937902691, 35.202600689687557 ], [ -106.592081005206822, 35.207550092975211 ], [ -106.595995962122473, 35.207957242444188 ], [ -106.594035922702787, 35.209525097358593 ], [ -106.592642756038956, 35.209990294280374 ], [ -106.592110521564337, 35.210129860670129 ], [ -106.589671179916749, 35.214126725706571 ], [ -106.588173994987557, 35.214693988291735 ], [ -106.587156997820898, 35.215897564077082 ], [ -106.586398792187978, 35.217505654786038 ], [ -106.586216307757027, 35.217985933015534 ], [ -106.585735735574389, 35.217980692482115 ], [ -106.571956765110983, 35.21781249336464 ], [ -106.571532780555799, 35.21780728392789 ], [ -106.569072229625121, 35.217777219667113 ], [ -106.568456933925361, 35.21776969282228 ], [ -106.568435932745913, 35.203323690925203 ], [ -106.568604276722468, 35.200611790055667 ], [ -106.568741991931972, 35.198606969192248 ], [ -106.56876713882059, 35.197461873775488 ], [ -106.568765785796003, 35.196049004889808 ], [ -106.568777511127962, 35.194552168167064 ], [ -106.568753955721235, 35.193136562578644 ], [ -106.568766452749074, 35.191721131295218 ], [ -106.568755105102412, 35.188815627630063 ], [ -106.568786783052673, 35.185887921312982 ], [ -106.568787781553496, 35.184427623208613 ], [ -106.568759562248331, 35.182998954816725 ], [ -106.568748330780096, 35.180122205371852 ], [ -106.568742642090825, 35.178664988379126 ], [ -106.568770044405497, 35.177217240148856 ], [ -106.568848246946985, 35.175745737353814 ] ] ] } },
{ "type": "Feature", "properties": { "NAME": "ALAMEDA", "ID": 207 }, "geometry": { "type": "Polygon", "coordinates": [ [ [ -106.603729938340294, 35.188083686718073 ], [ -106.60471493872798, 35.184660686067247 ], [ -106.60522593915212, 35.181374685864618 ], [ -106.605293936535986, 35.178867090289714 ], [ -106.605632273056685, 35.178871312224949 ], [ -106.611321727773031, 35.178862056967667 ], [ -106.611619308041554, 35.178227863290658 ], [ -106.614907409346287, 35.179106121606708 ], [ -106.615545067951246, 35.179272749398606 ], [ -106.619702250697799, 35.180350721032958 ], [ -106.620002052418172, 35.180419583390105 ], [ -106.6247334072022, 35.181724874382105 ], [ -106.625267054762347, 35.181872605222637 ], [ -106.626385110156789, 35.182176556818256 ], [ -106.627599200130547, 35.182525725018138 ], [ -106.628806690950469, 35.182875443399034 ], [ -106.631120140207173, 35.183546855507466 ], [ -106.633604342962229, 35.184236885000622 ], [ -106.633793994426895, 35.18431498706196 ], [ -106.636016034627346, 35.18503146308764 ], [ -106.637779778559306, 35.185600128597507 ], [ -106.638105355684601, 35.185693739556278 ], [ -106.639261420593215, 35.186026124738021 ], [ -106.64218718547626, 35.186769460465882 ], [ -106.642119407838962, 35.187157957537103 ], [ -106.644078619734401, 35.187738659474547 ], [ -106.644612242181907, 35.1868735583367 ], [ -106.646191444660218, 35.187309357585548 ], [ -106.647376546091962, 35.18785449700993 ], [ -106.645095948335907, 35.191861684748282 ], [ -106.643309729595018, 35.193408740434101 ], [ -106.642405948297892, 35.197130686127146 ], [ -106.639605948176452, 35.201830686834413 ], [ -106.637797806021581, 35.203137522688387 ], [ -106.630577946717295, 35.206061687805452 ], [ -106.625810945470676, 35.207436688532297 ], [ -106.621805944411804, 35.208430689054076 ], [ -106.618896035431177, 35.211136171000213 ], [ -106.618378534366855, 35.211361662400222 ], [ -106.612405942508161, 35.213830690290756 ], [ -106.612371942854523, 35.213856690306692 ], [ -106.606732649532148, 35.216464899356794 ], [ -106.60571064348845, 35.216937537208423 ], [ -106.605680978401551, 35.216951255871784 ], [ -106.605582725231443, 35.217019070119974 ], [ -106.604994113404757, 35.21744059058161 ], [ -106.598727939756216, 35.217912691959626 ], [ -106.586216307757027, 35.217985933015534 ], [ -106.586398792187978, 35.217505654786038 ], [ -106.587156997820898, 35.215897564077082 ], [ -106.588173994987557, 35.214693988291735 ], [ -106.589671179916749, 35.214126725706571 ], [ -106.592110521564337, 35.210129860670129 ], [ -106.592642756038956, 35.209990294280374 ], [ -106.594035922702787, 35.209525097358593 ], [ -106.595995962122473, 35.207957242444188 ], [ -106.592081005206822, 35.207550092975211 ], [ -106.595430937902691, 35.202600689687557 ], [ -106.596351938536515, 35.202092689276512 ], [ -106.597395938418359, 35.201954689391975 ], [ -106.598181938630674, 35.200562689234886 ], [ -106.59973034816673, 35.197219127912447 ], [ -106.601253938377454, 35.193929687432657 ], [ -106.601268220501822, 35.193895970044245 ], [ -106.601759543077065, 35.192735993538385 ], [ -106.603729938340294, 35.188083686718073 ] ] ] } },
{ "type": "Feature", "properties": { "NAME": "NORTH STAR", "ID": 268 }, "geometry": { "type": "Polygon", "coordinates": [ [ [ -106.524610454972333, 35.184994515914042 ], [ -106.524610996326729, 35.184333875248946 ], [ -106.5422408261812, 35.184411735906565 ], [ -106.544996242894555, 35.184418399293563 ], [ -106.54607414901308, 35.184423860489254 ], [ -106.547202093953999, 35.18439353367171 ], [ -106.547890330820934, 35.184448368740888 ], [ -106.550031520598978, 35.18445412982738 ], [ -106.551094976382217, 35.184453606471678 ], [ -106.555170503056345, 35.184447825171063 ], [ -106.556529609465443, 35.184447186695017 ], [ -106.558821637143893, 35.184451601945042 ], [ -106.559919929010888, 35.184453688712829 ], [ -106.55994608546456, 35.182996045190009 ], [ -106.559940495785995, 35.181523682674147 ], [ -106.559935116288386, 35.180106582192032 ], [ -106.559929488392342, 35.178623940821325 ], [ -106.559887279617072, 35.17719016524623 ], [ -106.559888009059421, 35.175735635524262 ], [ -106.5599287158133, 35.174222491390225 ], [ -106.560127086394971, 35.174230587056982 ], [ -106.560374052677076, 35.17424088812507 ], [ -106.560417560431347, 35.174242703023808 ], [ -106.560712966954455, 35.174255022889668 ], [ -106.563776345388362, 35.174377954690108 ], [ -106.564369929697733, 35.174401562307033 ], [ -106.566171723889909, 35.174441387872903 ], [ -106.567316305643956, 35.174438394967979 ], [ -106.568849085341213, 35.17442968164039 ], [ -106.568848246946985, 35.175745737353814 ], [ -106.568770044405497, 35.177217240148856 ], [ -106.568742642090825, 35.178664988379126 ], [ -106.568748330780096, 35.180122205371852 ], [ -106.568759562248331, 35.182998954816725 ], [ -106.568787781553496, 35.184427623208613 ], [ -106.568786783052673, 35.185887921312982 ], [ -106.568755105102412, 35.188815627630063 ], [ -106.568766452749074, 35.191721131295218 ], [ -106.568753955721235, 35.193136562578644 ], [ -106.568777511127962, 35.194552168167064 ], [ -106.568765785796003, 35.196049004889808 ], [ -106.56876713882059, 35.197461873775488 ], [ -106.568741991931972, 35.198606969192248 ], [ -106.568604276722468, 35.200611790055667 ], [ -106.568435932745913, 35.203323690925203 ], [ -106.568456933925361, 35.21776969282228 ], [ -106.567322386494254, 35.217772785391197 ], [ -106.562739374188808, 35.217785167841498 ], [ -106.562687193682962, 35.21778529540962 ], [ -106.561220292392093, 35.217788880427776 ], [ -106.524017857560509, 35.217840800259346 ], [ -106.524018372380397, 35.217817815134111 ], [ -106.524624772477338, 35.193156502430945 ], [ -106.524595490788897, 35.190140457584242 ], [ -106.524607421776196, 35.188695691193104 ], [ -106.524610454972333, 35.184994515914042 ] ] ] } },
{ "type": "Feature", "properties": { "NAME": "ADOBE ACRES", "ID": 206 }, "geometry": { "type": "MultiPolygon", "coordinates": [ [ [ [ -106.672680438918547, 35.027254811628758 ], [ -106.672619726249607, 35.026717579964227 ], [ -106.6716872976736, 35.017734574877345 ], [ -106.67158048977187, 35.016656570163022 ], [ -106.671702328271436, 35.016654967781072 ], [ -106.684468942511472, 35.016481682069916 ], [ -106.684671038329938, 35.016352656925328 ], [ -106.686221965750931, 35.01645785886879 ], [ -106.686319195457344, 35.016464551595938 ], [ -106.692810186027074, 35.016453583510426 ], [ -106.695721390833427, 35.016404894599162 ], [ -106.697822946644436, 35.016369690182053 ], [ -106.697946188528007, 35.016278616841134 ], [ -106.7025939565046, 35.016240659468231 ], [ -106.702787582228638, 35.01609010263163 ], [ -106.703042946833861, 35.016193655241693 ], [ -106.704279947439986, 35.016189655361003 ], [ -106.704541947450423, 35.016260655237517 ], [ -106.704544238629254, 35.016537686522469 ], [ -106.704630948461983, 35.027017656913316 ], [ -106.704282271674529, 35.026953957487152 ], [ -106.703361130435852, 35.026864632981791 ], [ -106.702189661762375, 35.026818247049803 ], [ -106.698530202908714, 35.026848596696396 ], [ -106.689792594134261, 35.026880576686729 ], [ -106.68037194285192, 35.026836658495618 ], [ -106.67447194126963, 35.027266658071781 ], [ -106.672680438918547, 35.027254811628758 ] ] ], [ [ [ -106.726223716519968, 35.043917888558425 ], [ -106.71767559697922, 35.043927892849673 ], [ -106.719205952032326, 35.040580657843627 ], [ -106.716173916521541, 35.03991836680283 ], [ -106.716091701839673, 35.039897300075992 ], [ -106.715949843412076, 35.040563443299661 ], [ -106.713037242267802, 35.039962871518341 ], [ -106.713207401002208, 35.03914922344088 ], [ -106.713527549486756, 35.037619964777797 ], [ -106.713672768185688, 35.036954852349965 ], [ -106.712953061696979, 35.036810084023799 ], [ -106.712999545514222, 35.036641509768394 ], [ -106.713854224276673, 35.036814377818203 ], [ -106.716406887623876, 35.037282050761597 ], [ -106.717671652538897, 35.037411783771098 ], [ -106.720441888857948, 35.037676719885908 ], [ -106.723711520520141, 35.038035482460103 ], [ -106.724379680390314, 35.038110134172641 ], [ -106.724678003361731, 35.038139169007444 ], [ -106.725978086794939, 35.038306181361428 ], [ -106.726584341952474, 35.038368352286277 ], [ -106.727901339842134, 35.038498572922158 ], [ -106.727896610018988, 35.038537470500629 ], [ -106.727826826384415, 35.039036251167005 ], [ -106.727574811208399, 35.040837483732645 ], [ -106.727324154008471, 35.041793810618231 ], [ -106.727214129864635, 35.042213576754961 ], [ -106.727201900098081, 35.042243244921288 ], [ -106.727128017674559, 35.0424224818534 ], [ -106.726970827855325, 35.042803817505082 ], [ -106.726624293083972, 35.043644481380923 ], [ -106.726465500110294, 35.043921540327496 ], [ -106.726396164862152, 35.043918622338836 ], [ -106.726223716519968, 35.043917888558425 ] ] ] ] } },
{ "type": "Feature", "properties": { "NAME": "VENTANA RANCH", "ID": 264 }, "geometry": { "type": "Polygon", "coordinates": [ [ [ -106.72766861050242, 35.203326980467587 ], [ -106.727665701184378, 35.203196055213567 ], [ -106.727661400540484, 35.20300250839378 ], [ -106.727646384623867, 35.202317948220596 ], [ -106.727631540147073, 35.201641231562292 ], [ -106.727623098388491, 35.201256362822939 ], [ -106.727662200570151, 35.200022855875886 ], [ -106.727665652734842, 35.199913959024073 ], [ -106.727672895482698, 35.199680067083214 ], [ -106.727673778711733, 35.198769243500685 ], [ -106.727673824320334, 35.198721698109992 ], [ -106.727674062992534, 35.198501730252033 ], [ -106.727706121140884, 35.197696097115347 ], [ -106.727708509198862, 35.197636743609955 ], [ -106.72774932331464, 35.196622319957832 ], [ -106.727755291476726, 35.194640302658534 ], [ -106.727710948917533, 35.193469982358572 ], [ -106.727701331429927, 35.19321614303243 ], [ -106.727695957027805, 35.193074282969256 ], [ -106.727660088722246, 35.192132555250993 ], [ -106.72766153222355, 35.192055172220464 ], [ -106.727716910595873, 35.189086601261764 ], [ -106.736502780839047, 35.189070316880901 ], [ -106.741062276435173, 35.189076256683556 ], [ -106.741615143019459, 35.189087362143688 ], [ -106.742163951969289, 35.189077271720535 ], [ -106.742658443804217, 35.189050571803868 ], [ -106.743187700634266, 35.189000557835136 ], [ -106.74537797059071, 35.19239467960773 ], [ -106.745368959964793, 35.199390680665019 ], [ -106.745368412665314, 35.199815668719125 ], [ -106.745367971297213, 35.200158620541657 ], [ -106.745367490661508, 35.200532000358912 ], [ -106.74536401631164, 35.203231477927289 ], [ -106.741162144834192, 35.203238202966077 ], [ -106.739226854146594, 35.203241250917003 ], [ -106.738739256190684, 35.203242013844466 ], [ -106.736821196258632, 35.203244997064573 ], [ -106.736668230357665, 35.203273833098216 ], [ -106.736502597075614, 35.203305057248606 ], [ -106.734770574179407, 35.203302196144982 ], [ -106.734706081098537, 35.203302493085239 ], [ -106.73370594455038, 35.203307088281186 ], [ -106.733045920444553, 35.203312675254693 ], [ -106.731455274837387, 35.203307702673861 ], [ -106.730382916436838, 35.203317270250878 ], [ -106.72766861050242, 35.203326980467587 ] ] ] } },
{ "type": "Feature", "properties": { "NAME": "BANDELIER", "ID": 222 }, "geometry": { "type": "MultiPolygon", "coordinates": [ [ [ [ -106.581995725642017, 35.041828197135075 ], [ -106.57009611064683, 35.041720022481471 ], [ -106.569837465611982, 35.041713822785859 ], [ -106.569143896755847, 35.041795328458797 ], [ -106.568980864096602, 35.040495329433242 ], [ -106.568918777935139, 35.040406473172361 ], [ -106.568921118495439, 35.038570541906296 ], [ -106.568922461535195, 35.036733953737595 ], [ -106.568923803748575, 35.034897365917367 ], [ -106.568925147320584, 35.033060776637001 ], [ -106.568927835266393, 35.029387597310318 ], [ -106.568930524273043, 35.025714414859038 ], [ -106.56892741059859, 35.021645813001321 ], [ -106.568924299925783, 35.017577207508751 ], [ -106.568921190069773, 35.01350860019015 ], [ -106.568918083214839, 35.009439989236988 ], [ -106.568914983902076, 35.005379885398142 ], [ -106.56891188648973, 35.001319778840781 ], [ -106.568908790977531, 34.997259669564976 ], [ -106.568905698457172, 34.993199556666589 ], [ -106.568905694599138, 34.993165518974386 ], [ -106.568905691293438, 34.993141508330858 ], [ -106.568905651543673, 34.990806031912449 ], [ -106.568905630941444, 34.988470553644852 ], [ -106.568905610871383, 34.986135075379956 ], [ -106.568905591329937, 34.983799596216322 ], [ -106.568969061560864, 34.974648880933799 ], [ -106.569032526868, 34.965498151896206 ], [ -106.56909598506887, 34.956347409110926 ], [ -106.569159673754925, 34.94719665375834 ], [ -106.571922845189349, 34.947207543610659 ], [ -106.574686254426936, 34.94721837087215 ], [ -106.582673045640647, 34.947249315446314 ], [ -106.590659838442519, 34.947279734867493 ], [ -106.643278535104727, 34.947130744551423 ], [ -106.647646783516393, 34.947118394484789 ], [ -106.647985059030546, 34.947117420109791 ], [ -106.654614418012528, 34.947098127053643 ], [ -106.66124377129826, 34.947078472222493 ], [ -106.66336819543605, 34.947072097357655 ], [ -106.662411935860177, 34.949052243578386 ], [ -106.661445841156763, 34.95103321290992 ], [ -106.66047970037998, 34.953014174235371 ], [ -106.659513514613806, 34.954995126647873 ], [ -106.658576175178098, 34.956694484652367 ], [ -106.658002945429928, 34.958234080555208 ], [ -106.657429694505907, 34.959773673510483 ], [ -106.656991990034342, 34.961418485223511 ], [ -106.656554268387382, 34.963063295034267 ], [ -106.656116529563008, 34.964708102942481 ], [ -106.655678774649687, 34.966352908042673 ], [ -106.653508666172129, 34.973058837985384 ], [ -106.65133821012698, 34.979764724148694 ], [ -106.649166634396877, 34.986470397762069 ], [ -106.64699317100667, 34.993175689086215 ], [ -106.646982632097576, 34.99320820161131 ], [ -106.646963823004143, 34.993266211233561 ], [ -106.645996974389504, 34.995944953782001 ], [ -106.645030063543857, 34.99862368696806 ], [ -106.644063090459483, 35.00130241169083 ], [ -106.643096055124317, 35.003981127948045 ], [ -106.641773869667531, 35.007654651417177 ], [ -106.640451568540769, 35.011328158136649 ], [ -106.639129149530362, 35.015001649910509 ], [ -106.637806613692192, 35.018675124926268 ], [ -106.6376666978598, 35.019841837083469 ], [ -106.637526778210756, 35.021008548881156 ], [ -106.637246931211521, 35.023341837067754 ], [ -106.63603893218567, 35.023343660053186 ], [ -106.635625798789164, 35.023494664174223 ], [ -106.63557267874917, 35.023514044036148 ], [ -106.635548425607539, 35.023522944610363 ], [ -106.635406932541969, 35.023574660250503 ], [ -106.634633932963681, 35.02402166020093 ], [ -106.634612279313515, 35.024041872924023 ], [ -106.633866070342847, 35.024739035544208 ], [ -106.633848070270616, 35.024765417905719 ], [ -106.633432872523471, 35.02537396047402 ], [ -106.633301743348696, 35.025566151953868 ], [ -106.633237547771444, 35.025660239363667 ], [ -106.633015545206632, 35.02598681008358 ], [ -106.632909212567796, 35.026143225832051 ], [ -106.63263026333108, 35.026564422666823 ], [ -106.632019087982115, 35.02751470597898 ], [ -106.631971802964017, 35.027592170578295 ], [ -106.631911563253908, 35.027696980333793 ], [ -106.630802575507559, 35.029626447492824 ], [ -106.630168931564995, 35.030827661421185 ], [ -106.629523766045025, 35.032270460997594 ], [ -106.629104953576118, 35.033602457069691 ], [ -106.628864152442546, 35.034743848704537 ], [ -106.628727362183696, 35.035799087815555 ], [ -106.628684761397096, 35.036794079184858 ], [ -106.627964590394427, 35.036803930229581 ], [ -106.623603705865094, 35.036888874716183 ], [ -106.62330157360509, 35.036933080170286 ], [ -106.623103904371789, 35.036991732354288 ], [ -106.622714592558509, 35.03714920260397 ], [ -106.62258521402768, 35.037165398960042 ], [ -106.622322996178198, 35.03717135118945 ], [ -106.622079774250651, 35.03713054347962 ], [ -106.621921448124766, 35.037075323948521 ], [ -106.621780485383468, 35.037077432654186 ], [ -106.619857546450106, 35.037309375112528 ], [ -106.609419440455625, 35.038567852557776 ], [ -106.602570725798699, 35.039393064489914 ], [ -106.597536778853311, 35.03951057580754 ], [ -106.597501178121007, 35.039515603360925 ], [ -106.597578637136067, 35.040722532077382 ], [ -106.597598119947833, 35.041026104882697 ], [ -106.597599399057714, 35.041050168449338 ], [ -106.597479808864605, 35.041190506230528 ], [ -106.597226756479841, 35.04147900615726 ], [ -106.59720200034576, 35.041505979328093 ], [ -106.590473857611514, 35.041641399269551 ], [ -106.590422763527812, 35.041673683363641 ], [ -106.590321536619527, 35.041737484351117 ], [ -106.590286754232366, 35.041759666825222 ], [ -106.589863809687344, 35.041775875132018 ], [ -106.58726909920604, 35.041875275477899 ], [ -106.585889248189687, 35.041863211331723 ], [ -106.585850183558975, 35.041862982322385 ], [ -106.585519936976937, 35.041860559686697 ], [ -106.585405250549783, 35.041859505649306 ], [ -106.582070052017357, 35.041828804152232 ], [ -106.581995725642017, 35.041828197135075 ] ] ], [ [ [ -106.595329221974396, 35.078740634691997 ], [ -106.59535701319156, 35.077794791570419 ], [ -106.595353991628912, 35.077077712167387 ], [ -106.595348049484684, 35.075667444130879 ], [ -106.595367652282491, 35.074974642095292 ], [ -106.595362145634468, 35.072959255638033 ], [ -106.595910678758131, 35.072957692441264 ], [ -106.595908311816615, 35.072096634361884 ], [ -106.595919435646451, 35.071281966352686 ], [ -106.595953949781688, 35.070738146576595 ], [ -106.595960343025141, 35.069681337792815 ], [ -106.596516592123464, 35.06913503683996 ], [ -106.597138253820589, 35.068468639596531 ], [ -106.597852140015746, 35.067756717875739 ], [ -106.598675867536159, 35.067059532356062 ], [ -106.599690928051984, 35.066177668726553 ], [ -106.600013022096931, 35.066073718372508 ], [ -106.600022344696455, 35.065228131777694 ], [ -106.600014039529398, 35.065010344488705 ], [ -106.600120072682444, 35.065009070308498 ], [ -106.600245987362342, 35.065007133750889 ], [ -106.600339494969603, 35.065005548484258 ], [ -106.600340216795118, 35.064920187312325 ], [ -106.600341130739579, 35.064812045732381 ], [ -106.600450034190246, 35.064812354048172 ], [ -106.601993426763428, 35.064816709477384 ], [ -106.60199403455627, 35.064850769314432 ], [ -106.601992822491837, 35.064977071641216 ], [ -106.602090696574805, 35.06497845257455 ], [ -106.602189511431519, 35.064979846923592 ], [ -106.602442439360885, 35.064983414938979 ], [ -106.602491270596843, 35.064984103287919 ], [ -106.602635622910398, 35.064986139285409 ], [ -106.602634002356112, 35.064828565490579 ], [ -106.603425436242489, 35.064824652966294 ], [ -106.604295929351295, 35.064831168631876 ], [ -106.604298455547919, 35.06462996569666 ], [ -106.604374493076151, 35.06462137894443 ], [ -106.604711910371861, 35.064625412023076 ], [ -106.604718032801884, 35.06430432264073 ], [ -106.604718806788313, 35.064263754755537 ], [ -106.604761934706175, 35.064263805312741 ], [ -106.606093864393529, 35.064265366241798 ], [ -106.606204928424376, 35.064265495378642 ], [ -106.606204095093801, 35.064383852076681 ], [ -106.606202313571998, 35.06463677942962 ], [ -106.606440365711933, 35.064637815441429 ], [ -106.606500786031035, 35.064638077789681 ], [ -106.606802968772456, 35.06463939154505 ], [ -106.606806523630212, 35.064304351456975 ], [ -106.60680692628533, 35.064266368233078 ], [ -106.606841257923108, 35.064266436713766 ], [ -106.608125647945101, 35.064268986886276 ], [ -106.608179317921113, 35.064269093446072 ], [ -106.608325798323435, 35.064269382887169 ], [ -106.608327885423336, 35.064085625293856 ], [ -106.608671406806039, 35.064080965417688 ], [ -106.608663415996332, 35.061094095942607 ], [ -106.608710194670891, 35.059280498490232 ], [ -106.60875620506782, 35.058325535313656 ], [ -106.611649342690114, 35.058367430819374 ], [ -106.613283530342812, 35.058439660459484 ], [ -106.616135739185822, 35.058442905234884 ], [ -106.616143732480126, 35.061479146637957 ], [ -106.618640857297038, 35.061471863885551 ], [ -106.618666437481181, 35.065703457551841 ], [ -106.618372289301803, 35.065661797920832 ], [ -106.617993185804181, 35.065521135847007 ], [ -106.617497664624878, 35.065495141000753 ], [ -106.617152516238505, 35.065464271916213 ], [ -106.617155539773719, 35.069128589709308 ], [ -106.617112756969746, 35.072540612664589 ], [ -106.61708993282609, 35.073675668708844 ], [ -106.617716075250428, 35.073680062313613 ], [ -106.617737699927346, 35.072918247991858 ], [ -106.622099933183705, 35.07290566799189 ], [ -106.622111337387139, 35.073825124760674 ], [ -106.622126480153824, 35.075046042075932 ], [ -106.622102934366453, 35.07506611943171 ], [ -106.621962217576069, 35.075185383723543 ], [ -106.621930663718373, 35.075209575511714 ], [ -106.621901331853593, 35.075220326979952 ], [ -106.62187952236863, 35.075228690856662 ], [ -106.621515214408419, 35.075405654399418 ], [ -106.621208860899159, 35.075484892921509 ], [ -106.620811152716868, 35.075479301749063 ], [ -106.61954910078066, 35.075487300536643 ], [ -106.618309081017102, 35.075486925889329 ], [ -106.617709359581454, 35.075473593073312 ], [ -106.617067760221303, 35.075458774044343 ], [ -106.616410803089664, 35.075469259526848 ], [ -106.615787761385604, 35.075478418594301 ], [ -106.614565758270004, 35.075482098030427 ], [ -106.613510652166042, 35.075459601476929 ], [ -106.613315111131328, 35.075456343594674 ], [ -106.613299115083038, 35.079086301700009 ], [ -106.612049923059232, 35.07909003739605 ], [ -106.610815380971999, 35.079093446202862 ], [ -106.609538667712414, 35.079091738125818 ], [ -106.608259073590389, 35.079072444924023 ], [ -106.60703746334228, 35.079075055903687 ], [ -106.605789018541657, 35.079063579544425 ], [ -106.604556487125265, 35.079050690723591 ], [ -106.604545431512634, 35.078463416268718 ], [ -106.603369411982754, 35.078462022186791 ], [ -106.602229215164328, 35.078443430970175 ], [ -106.59993218522925, 35.078450080560955 ], [ -106.599912773576065, 35.079123528009283 ], [ -106.599911465138774, 35.079168940838457 ], [ -106.599872954941546, 35.079229801077879 ], [ -106.598947064630011, 35.079133581630309 ], [ -106.598797256542483, 35.079117489788224 ], [ -106.596383084348872, 35.078869299618553 ], [ -106.595329221974396, 35.078740634691997 ] ] ] ] } },
{ "type": "Feature", "properties": { "NAME": "CORRALES", "ID": 351 }, "geometry": { "type": "MultiPolygon", "coordinates": [ [ [ [ -106.654245478449596, 35.230202342655403 ], [ -106.654247427468135, 35.228397486259119 ], [ -106.654757327059329, 35.228395785095771 ], [ -106.654756894904608, 35.228098395960409 ], [ -106.65475599336618, 35.227477972923879 ], [ -106.654248435650459, 35.227477791262743 ], [ -106.654259310595435, 35.22334685986057 ], [ -106.654262563015237, 35.222111426070541 ], [ -106.654262645253894, 35.222080162293658 ], [ -106.657251299026996, 35.218144177142563 ], [ -106.657312048845142, 35.218144561409481 ], [ -106.6619649233904, 35.218173882497361 ], [ -106.658295968246776, 35.231279549875119 ], [ -106.657516035540397, 35.231294683662732 ], [ -106.655490487920829, 35.231333964489309 ], [ -106.654866835460666, 35.231498507146071 ], [ -106.654454174470871, 35.231607379698112 ], [ -106.653814829796445, 35.231742771099704 ], [ -106.654245478449596, 35.230202342655403 ] ] ], [ [ [ -106.602232369506055, 35.220422203871827 ], [ -106.60454008259974, 35.217933621638473 ], [ -106.604977246466092, 35.217461976114457 ], [ -106.604994113404757, 35.21744059058161 ], [ -106.605582725231443, 35.217019070119974 ], [ -106.605680978401551, 35.216951255871784 ], [ -106.60571064348845, 35.216937537208423 ], [ -106.606732649532148, 35.216464899356794 ], [ -106.612371942854523, 35.213856690306692 ], [ -106.612405942508161, 35.213830690290756 ], [ -106.618378534366855, 35.211361662400222 ], [ -106.618896035431177, 35.211136171000213 ], [ -106.621805944411804, 35.208430689054076 ], [ -106.625810945470676, 35.207436688532297 ], [ -106.630577946717295, 35.206061687805452 ], [ -106.637797806021581, 35.203137522688387 ], [ -106.639605948176452, 35.201830686834413 ], [ -106.642405948297892, 35.197130686127146 ], [ -106.643309729595018, 35.193408740434101 ], [ -106.645095948335907, 35.191861684748282 ], [ -106.647376546091962, 35.18785449700993 ], [ -106.647550435763407, 35.187702428795809 ], [ -106.652086852756781, 35.183745525301823 ], [ -106.652046817330358, 35.187460043106469 ], [ -106.652046492970456, 35.187523043002052 ], [ -106.652046289386419, 35.187686135498716 ], [ -106.652020950191826, 35.189811684496512 ], [ -106.652097950007146, 35.190141684180034 ], [ -106.652539967488835, 35.190997741898826 ], [ -106.653079269678429, 35.192428079253574 ], [ -106.652909949767803, 35.193652684770676 ], [ -106.652759950518188, 35.194670684669639 ], [ -106.652649832347066, 35.194874766643785 ], [ -106.652505012099027, 35.195143161507453 ], [ -106.652425949978991, 35.195289685142463 ], [ -106.652342765071722, 35.195390986503405 ], [ -106.651951409538185, 35.195867567012904 ], [ -106.651851949719926, 35.195988685155179 ], [ -106.651574950386589, 35.196179685543576 ], [ -106.650457949658133, 35.196353685743695 ], [ -106.6502660494114, 35.196442639375036 ], [ -106.65014032232834, 35.196516437256498 ], [ -106.649973949827157, 35.196601685901243 ], [ -106.649151950076316, 35.197216685642076 ], [ -106.648961949866802, 35.198260686203056 ], [ -106.648932949717832, 35.199208685756751 ], [ -106.648827949644115, 35.199494686083227 ], [ -106.648129949955319, 35.200251686416607 ], [ -106.647651949821551, 35.200676686121099 ], [ -106.645515949230429, 35.20156168619507 ], [ -106.645747995916395, 35.201913947679493 ], [ -106.646292205012571, 35.202485356990209 ], [ -106.647175708933489, 35.203114631422977 ], [ -106.650575136717251, 35.205692856646856 ], [ -106.650907938576253, 35.206000706947421 ], [ -106.651018285576612, 35.206112498157573 ], [ -106.651255910278152, 35.206353402036449 ], [ -106.651343087466941, 35.206490424278165 ], [ -106.651449950816243, 35.206635687012309 ], [ -106.651567508559054, 35.206843157397209 ], [ -106.652061885250362, 35.207986270292949 ], [ -106.652433309749412, 35.20896867793504 ], [ -106.652641791399788, 35.209520098473817 ], [ -106.652753791110754, 35.209756485170708 ], [ -106.652893758248808, 35.209977001779109 ], [ -106.653101240324972, 35.210231693116448 ], [ -106.653276106585679, 35.21040388973875 ], [ -106.653553967044047, 35.210626191663863 ], [ -106.653751421865707, 35.210752714114967 ], [ -106.654064102402018, 35.210916853543807 ], [ -106.654343151731481, 35.211029243131733 ], [ -106.654634497909328, 35.21111815187183 ], [ -106.654894941947134, 35.211174912622923 ], [ -106.655135596412393, 35.211211406271154 ], [ -106.655626856425215, 35.211237431006332 ], [ -106.655710219966636, 35.211241847269633 ], [ -106.656098876681341, 35.21123499508527 ], [ -106.656539622979778, 35.211227223080066 ], [ -106.657164439222356, 35.211220743453907 ], [ -106.657923142671621, 35.211235612592802 ], [ -106.657993626361701, 35.211228279912575 ], [ -106.657986654264107, 35.211283668615202 ], [ -106.65769495292696, 35.21322668798156 ], [ -106.65809186876308, 35.213377836503312 ], [ -106.658574888792046, 35.213561800151773 ], [ -106.659028186702187, 35.213733821819673 ], [ -106.659273410977164, 35.213827413834714 ], [ -106.659502444951642, 35.213914351638252 ], [ -106.659851487762026, 35.214047277824015 ], [ -106.660002579066216, 35.214105116086891 ], [ -106.660362548128887, 35.214242171117455 ], [ -106.660784280602769, 35.214402991871033 ], [ -106.660895927796957, 35.214447855984261 ], [ -106.660848516487349, 35.217336815500403 ], [ -106.660843410857382, 35.217647877871116 ], [ -106.660844149092128, 35.217706532544732 ], [ -106.66084445312282, 35.217730681817493 ], [ -106.660848174156769, 35.217838701485014 ], [ -106.660718204264526, 35.217839570656672 ], [ -106.660688959949738, 35.217839304783496 ], [ -106.658798342920051, 35.217811779806496 ], [ -106.658716392476975, 35.217810586256618 ], [ -106.657574447286748, 35.217793946433886 ], [ -106.65721486293161, 35.217788703984382 ], [ -106.654017062751279, 35.221910409348162 ], [ -106.650176314521445, 35.226910507691279 ], [ -106.644416955038565, 35.234564365393972 ], [ -106.643670305641663, 35.235556493976759 ], [ -106.640112759758594, 35.240283279170995 ], [ -106.638837131116304, 35.241977414469631 ], [ -106.635006880412732, 35.247373663495964 ], [ -106.634248085397616, 35.24954126819533 ], [ -106.633104951508827, 35.252806567275748 ], [ -106.632920349640784, 35.253232298935409 ], [ -106.632882699011972, 35.253328311205628 ], [ -106.632532004107262, 35.254311317315796 ], [ -106.632433069125142, 35.254529081753105 ], [ -106.631410373482339, 35.256780063929384 ], [ -106.631401693135373, 35.256799168225598 ], [ -106.631268530943757, 35.257092252023419 ], [ -106.628789842518245, 35.262552047504641 ], [ -106.627293580840004, 35.265847478204606 ], [ -106.615487301428502, 35.265931416804776 ], [ -106.608042797771688, 35.265953675025273 ], [ -106.607456963290801, 35.266096932292939 ], [ -106.607817182480673, 35.267552314826062 ], [ -106.60756390526717, 35.268554600461236 ], [ -106.607359641821759, 35.269318591575193 ], [ -106.605368822099578, 35.272568772334836 ], [ -106.603981094275511, 35.274837945808208 ], [ -106.60001302018037, 35.281141564344267 ], [ -106.599998216935447, 35.28116507850892 ], [ -106.597004011570334, 35.28083738745233 ], [ -106.596973943333481, 35.27840060590183 ], [ -106.596971943816541, 35.278240052213526 ], [ -106.596971943791814, 35.271657012147251 ], [ -106.596921079425414, 35.271496183747722 ], [ -106.594771943638463, 35.264755698702928 ], [ -106.594785162447778, 35.264686964048195 ], [ -106.595068264596222, 35.263214848341853 ], [ -106.595271768512205, 35.26215660392986 ], [ -106.594847177343709, 35.260858188968236 ], [ -106.591601941785186, 35.250943696482317 ], [ -106.587695391598501, 35.241672022603211 ], [ -106.586173511580057, 35.238059426999421 ], [ -106.586197683270996, 35.238026602686332 ], [ -106.586683383376155, 35.237367024377058 ], [ -106.591952703709055, 35.230210512121239 ], [ -106.591987084643591, 35.230163812656777 ], [ -106.592284253825554, 35.229760468003448 ], [ -106.594341788189212, 35.228919527818164 ], [ -106.596064581625768, 35.227064824089602 ], [ -106.596097737852659, 35.227029128050241 ], [ -106.601113232861408, 35.221628982442731 ], [ -106.602232369506055, 35.220422203871827 ] ] ] ] } },
{ "type": "Feature", "properties": { "NAME": "SEVEN BAR", "ID": 265 }, "geometry": { "type": "Polygon", "coordinates": [ [ [ -106.659402708212596, 35.211333352497839 ], [ -106.658714178295398, 35.211252118423964 ], [ -106.657993626361701, 35.211228279912575 ], [ -106.657923142671621, 35.211235612592802 ], [ -106.657164439222356, 35.211220743453907 ], [ -106.656539622979778, 35.211227223080066 ], [ -106.656098876681341, 35.21123499508527 ], [ -106.655710219966636, 35.211241847269633 ], [ -106.655626856425215, 35.211237431006332 ], [ -106.655135596412393, 35.211211406271154 ], [ -106.654894941947134, 35.211174912622923 ], [ -106.654634497909328, 35.21111815187183 ], [ -106.654343151731481, 35.211029243131733 ], [ -106.654064102402018, 35.210916853543807 ], [ -106.653751421865707, 35.210752714114967 ], [ -106.653553967044047, 35.210626191663863 ], [ -106.653276106585679, 35.21040388973875 ], [ -106.653101240324972, 35.210231693116448 ], [ -106.652893758248808, 35.209977001779109 ], [ -106.652753791110754, 35.209756485170708 ], [ -106.652641791399788, 35.209520098473817 ], [ -106.652433309749412, 35.20896867793504 ], [ -106.652061885250362, 35.207986270292949 ], [ -106.651567508559054, 35.206843157397209 ], [ -106.651449950816243, 35.206635687012309 ], [ -106.651343087466941, 35.206490424278165 ], [ -106.651255910278152, 35.206353402036449 ], [ -106.651018285576612, 35.206112498157573 ], [ -106.650907938576253, 35.206000706947421 ], [ -106.650575136717251, 35.205692856646856 ], [ -106.647175708933489, 35.203114631422977 ], [ -106.646292205012571, 35.202485356990209 ], [ -106.645747995916395, 35.201913947679493 ], [ -106.645515949230429, 35.20156168619507 ], [ -106.647651949821551, 35.200676686121099 ], [ -106.648129949955319, 35.200251686416607 ], [ -106.648827949644115, 35.199494686083227 ], [ -106.648932949717832, 35.199208685756751 ], [ -106.648961949866802, 35.198260686203056 ], [ -106.649151950076316, 35.197216685642076 ], [ -106.649973949827157, 35.196601685901243 ], [ -106.65014032232834, 35.196516437256498 ], [ -106.6502660494114, 35.196442639375036 ], [ -106.650457949658133, 35.196353685743695 ], [ -106.651574950386589, 35.196179685543576 ], [ -106.651851949719926, 35.195988685155179 ], [ -106.651951409538185, 35.195867567012904 ], [ -106.652342765071722, 35.195390986503405 ], [ -106.652425949978991, 35.195289685142463 ], [ -106.652505012099027, 35.195143161507453 ], [ -106.652649832347066, 35.194874766643785 ], [ -106.652759950518188, 35.194670684669639 ], [ -106.652909949767803, 35.193652684770676 ], [ -106.653079269678429, 35.192428079253574 ], [ -106.652539967488835, 35.190997741898826 ], [ -106.652097950007146, 35.190141684180034 ], [ -106.652020950191826, 35.189811684496512 ], [ -106.652046289386419, 35.187686135498716 ], [ -106.652088048071164, 35.187714889768031 ], [ -106.656110950732142, 35.19011368433496 ], [ -106.657457954815825, 35.191064556754938 ], [ -106.660790022314202, 35.19341655698112 ], [ -106.663095352887026, 35.195045284706566 ], [ -106.664394017310855, 35.196225087619808 ], [ -106.665429734886686, 35.19610900910407 ], [ -106.666001264644677, 35.196821711350729 ], [ -106.666350971246743, 35.197262130397192 ], [ -106.667863666506648, 35.198155035382186 ], [ -106.669521379668851, 35.198489130770604 ], [ -106.67135943203526, 35.199282959149976 ], [ -106.675763550271384, 35.201175595120283 ], [ -106.679177544199732, 35.201868367294978 ], [ -106.679203455445816, 35.201873486652261 ], [ -106.679865779910187, 35.202464475316113 ], [ -106.680480874327998, 35.203020597519284 ], [ -106.680847757630815, 35.204047299737368 ], [ -106.681623916377717, 35.204676363725454 ], [ -106.68326886109584, 35.201565236396654 ], [ -106.68329065837743, 35.201524009697856 ], [ -106.683445099771731, 35.201572061447642 ], [ -106.683848352347113, 35.201754133267386 ], [ -106.683988799052315, 35.20181754623281 ], [ -106.684530957717939, 35.202016684104422 ], [ -106.684858523304612, 35.202083411482498 ], [ -106.685040898257682, 35.202120562578955 ], [ -106.685249447949829, 35.202135115900255 ], [ -106.685457386867611, 35.202149626888158 ], [ -106.685722789010399, 35.202131852300852 ], [ -106.686053412929539, 35.202109708301911 ], [ -106.686517333058646, 35.202078727556234 ], [ -106.687024137851424, 35.202110265224817 ], [ -106.687519958957182, 35.202192684080813 ], [ -106.688259959121424, 35.202461684255859 ], [ -106.688794304215591, 35.202744759311805 ], [ -106.689284958554722, 35.203004683901483 ], [ -106.690024863658039, 35.203254232313029 ], [ -106.690357060875556, 35.203366270990664 ], [ -106.690631381834507, 35.203440261594714 ], [ -106.69146747454451, 35.203665770402907 ], [ -106.69382596011225, 35.203969684120437 ], [ -106.689022959328867, 35.2063146849747 ], [ -106.687139042328567, 35.207641688998642 ], [ -106.687324025144122, 35.208061923045882 ], [ -106.686777958390692, 35.208320685579828 ], [ -106.686283959056922, 35.208593685500226 ], [ -106.686124370531545, 35.208846195863828 ], [ -106.685879959071244, 35.209313685144444 ], [ -106.68818395898019, 35.210090685268042 ], [ -106.696730961745715, 35.212659684930642 ], [ -106.698513962032081, 35.213085685165368 ], [ -106.697394961875247, 35.215321685760941 ], [ -106.696517486162477, 35.217731707770447 ], [ -106.696476663358311, 35.217843825201989 ], [ -106.693573328402323, 35.217822204576308 ], [ -106.690829579032567, 35.217801708254775 ], [ -106.68398211195354, 35.217697140787081 ], [ -106.683102958755924, 35.217683686461299 ], [ -106.6695012824744, 35.21772324793082 ], [ -106.668839963620073, 35.217724625364532 ], [ -106.666477627618391, 35.217727992875787 ], [ -106.663098567409122, 35.217732730696873 ], [ -106.662513627308101, 35.217729015503998 ], [ -106.662618521668804, 35.217352661146556 ], [ -106.662692453931882, 35.217088835407047 ], [ -106.662841164342154, 35.216558225979455 ], [ -106.662860125535332, 35.216490764737379 ], [ -106.662892311686704, 35.2163759890149 ], [ -106.662989325755703, 35.21602391421137 ], [ -106.662992914623828, 35.215993613798169 ], [ -106.663077825671849, 35.215187995857484 ], [ -106.663085806962087, 35.215109546591385 ], [ -106.662988416082783, 35.214391920138482 ], [ -106.662934973168234, 35.21419453245003 ], [ -106.662688377668644, 35.21354454872678 ], [ -106.662654741549872, 35.213507212394887 ], [ -106.662427595551918, 35.213196548102488 ], [ -106.661984624172561, 35.212752822585223 ], [ -106.66186095365066, 35.212634020554908 ], [ -106.661262822227883, 35.212183144328044 ], [ -106.660606953298881, 35.211774020640213 ], [ -106.660432067101127, 35.211699507897336 ], [ -106.659941953317883, 35.21149068699183 ], [ -106.659722309523517, 35.211409091638181 ], [ -106.659647530703396, 35.211393578577116 ], [ -106.65951704634621, 35.211366510006698 ], [ -106.659402708212596, 35.211333352497839 ] ] ] } },
{ "type": "Feature", "properties": { "NAME": "MARIE HUGHES", "ID": 365 }, "geometry": { "type": "Polygon", "coordinates": [ [ [ -106.70469695927784, 35.165433677734391 ], [ -106.704346256531295, 35.165343310825236 ], [ -106.704321708038037, 35.16537396529521 ], [ -106.704309909822427, 35.165393566270644 ], [ -106.704282836016134, 35.16543854596344 ], [ -106.704088444560597, 35.165761504215993 ], [ -106.703419431133142, 35.166516925610949 ], [ -106.70322995915329, 35.166725677816316 ], [ -106.702778959543451, 35.167057677811165 ], [ -106.702185959088681, 35.167377678049057 ], [ -106.701032958487119, 35.16770567871616 ], [ -106.700196615326135, 35.167800677914563 ], [ -106.699801958618025, 35.16782467811268 ], [ -106.698975644000512, 35.167714515435549 ], [ -106.697596304125668, 35.167330521476217 ], [ -106.696244808202678, 35.166935770383247 ], [ -106.69644395791795, 35.166455678070704 ], [ -106.696535743956588, 35.165827352706408 ], [ -106.696517957243628, 35.16488967835641 ], [ -106.696182599173312, 35.163818519471711 ], [ -106.695590957182247, 35.162921678136151 ], [ -106.6941919781368, 35.161210092620252 ], [ -106.693474458962967, 35.16033621624203 ], [ -106.692794956503619, 35.159423677924835 ], [ -106.692724740262619, 35.158973774778055 ], [ -106.692719220878118, 35.158723710887948 ], [ -106.692742956276831, 35.158191677503254 ], [ -106.692921955928611, 35.15761367727643 ], [ -106.693907956475215, 35.156363676594133 ], [ -106.694253956052009, 35.155721676546356 ], [ -106.694293550326265, 35.155136806892806 ], [ -106.694195956181318, 35.154548676685828 ], [ -106.693944174265837, 35.154035968903173 ], [ -106.693768956478834, 35.153486676382094 ], [ -106.693776955751304, 35.152539676191147 ], [ -106.693086013726159, 35.152430975055346 ], [ -106.692486955551857, 35.152364676318861 ], [ -106.691843451999688, 35.152211020207062 ], [ -106.691233969000564, 35.152021215156935 ], [ -106.69065595464923, 35.151825676598534 ], [ -106.690030007455846, 35.151551299749734 ], [ -106.689612054831571, 35.15135393890526 ], [ -106.688150279019069, 35.150596089741633 ], [ -106.687479730055287, 35.150240694993236 ], [ -106.687120871681884, 35.150070596169314 ], [ -106.686208627982793, 35.149648734555797 ], [ -106.685288137209795, 35.149129223419926 ], [ -106.685265785580839, 35.149117379429654 ], [ -106.68510337232226, 35.149041451891179 ], [ -106.683986170300642, 35.148519160996379 ], [ -106.683347926567251, 35.148196049618562 ], [ -106.683132776084804, 35.148086800472882 ], [ -106.682051269264022, 35.147535565560375 ], [ -106.68193214457915, 35.147477329747012 ], [ -106.679285153087591, 35.146134084651649 ], [ -106.678858861977218, 35.145916086348095 ], [ -106.678805787151418, 35.145889412065294 ], [ -106.678778952100672, 35.145875925877945 ], [ -106.677460143382049, 35.145367800991089 ], [ -106.67922384947461, 35.143430387525662 ], [ -106.680027870479748, 35.142528301658345 ], [ -106.680043686699591, 35.142510556497058 ], [ -106.680478760680742, 35.142026632856734 ], [ -106.680594830928101, 35.14189793869074 ], [ -106.681050875817689, 35.141389066711383 ], [ -106.681784444858877, 35.140583432545576 ], [ -106.682304374916612, 35.140009828916597 ], [ -106.68250851556806, 35.139785229543648 ], [ -106.683616605137445, 35.13856861351892 ], [ -106.690816954552417, 35.142865675056974 ], [ -106.691266776845552, 35.143307450656621 ], [ -106.692808835872498, 35.145085322578971 ], [ -106.693211101577972, 35.145465830254224 ], [ -106.70082507580419, 35.145475876668144 ], [ -106.710003039752522, 35.145457159926103 ], [ -106.711595286324808, 35.145446957444584 ], [ -106.712692575921579, 35.145393008416931 ], [ -106.714185612551844, 35.147647521279858 ], [ -106.714604014532014, 35.148203693765431 ], [ -106.71508442097975, 35.148946949903873 ], [ -106.716316617800544, 35.150810736003834 ], [ -106.717242738749022, 35.152253129167107 ], [ -106.717257336048192, 35.152271501031095 ], [ -106.718056938505299, 35.15327785089471 ], [ -106.71814896146229, 35.153668675548865 ], [ -106.718554607746398, 35.155236885034888 ], [ -106.719039492836217, 35.157111347717461 ], [ -106.719172926542299, 35.157627157906752 ], [ -106.719429591608957, 35.158555908850545 ], [ -106.719595712813771, 35.159009994592594 ], [ -106.719920633968243, 35.15943644808096 ], [ -106.718380307829648, 35.159966282681829 ], [ -106.718351381704821, 35.159976375247993 ], [ -106.717512736798142, 35.160268988238329 ], [ -106.717426061828789, 35.160299229740588 ], [ -106.71495696139489, 35.161160676971591 ], [ -106.714932934298773, 35.161366721098794 ], [ -106.714919960917229, 35.161477676805923 ], [ -106.714601961535976, 35.161895676423796 ], [ -106.714290874392731, 35.162124176025358 ], [ -106.713868569080873, 35.162434363691787 ], [ -106.713891866569313, 35.162913974608749 ], [ -106.713895498895511, 35.162985311435349 ], [ -106.713897961260031, 35.163033676852621 ], [ -106.713708960938149, 35.163486676912207 ], [ -106.713626206426795, 35.163571825393497 ], [ -106.713440385747575, 35.163763019530784 ], [ -106.713323960874874, 35.164094677097246 ], [ -106.71332996155148, 35.164469677225263 ], [ -106.713127346943821, 35.164658303792024 ], [ -106.713017179020156, 35.164760865177897 ], [ -106.712993101699951, 35.164788438474737 ], [ -106.712961961298475, 35.164812677291884 ], [ -106.712243961466527, 35.165862677695458 ], [ -106.711623573770424, 35.166145125828848 ], [ -106.711436960430788, 35.166361677354253 ], [ -106.710944942113599, 35.166644232440369 ], [ -106.71041120397831, 35.166615693422585 ], [ -106.709993934231093, 35.166678609773818 ], [ -106.709793960718358, 35.166911677890099 ], [ -106.709811454564317, 35.16759032293384 ], [ -106.709822960177092, 35.168036678117147 ], [ -106.709483789438906, 35.168212728814687 ], [ -106.708694336446811, 35.168342719840219 ], [ -106.708062960851677, 35.168446678507358 ], [ -106.70645896053442, 35.169430677935267 ], [ -106.705399959323842, 35.169879678799411 ], [ -106.705398959662588, 35.1696436786671 ], [ -106.705248770206936, 35.169606177226349 ], [ -106.704234959184049, 35.167082677766501 ], [ -106.704273959129381, 35.166439678204945 ], [ -106.70469695927784, 35.165433677734391 ] ] ] } },
{ "type": "Feature", "properties": { "NAME": "SIERRA VISTA", "ID": 356 }, "geometry": { "type": "Polygon", "coordinates": [ [ [ -106.696476663358311, 35.217843825201989 ], [ -106.696517486162477, 35.217731707770447 ], [ -106.697394961875247, 35.215321685760941 ], [ -106.698513962032081, 35.213085685165368 ], [ -106.696730961745715, 35.212659684930642 ], [ -106.68818395898019, 35.210090685268042 ], [ -106.685879959071244, 35.209313685144444 ], [ -106.686124370531545, 35.208846195863828 ], [ -106.686283959056922, 35.208593685500226 ], [ -106.686777958390692, 35.208320685579828 ], [ -106.687324025144122, 35.208061923045882 ], [ -106.687139042328567, 35.207641688998642 ], [ -106.689022959328867, 35.2063146849747 ], [ -106.69382596011225, 35.203969684120437 ], [ -106.69146747454451, 35.203665770402907 ], [ -106.690631381834507, 35.203440261594714 ], [ -106.690357060875556, 35.203366270990664 ], [ -106.690024863658039, 35.203254232313029 ], [ -106.689284958554722, 35.203004683901483 ], [ -106.688794304215591, 35.202744759311805 ], [ -106.688259959121424, 35.202461684255859 ], [ -106.687519958957182, 35.202192684080813 ], [ -106.687024137851424, 35.202110265224817 ], [ -106.686517333058646, 35.202078727556234 ], [ -106.686053412929539, 35.202109708301911 ], [ -106.685722789010399, 35.202131852300852 ], [ -106.685457386867611, 35.202149626888158 ], [ -106.685249447949829, 35.202135115900255 ], [ -106.685040898257682, 35.202120562578955 ], [ -106.684858523304612, 35.202083411482498 ], [ -106.684530957717939, 35.202016684104422 ], [ -106.683988799052315, 35.20181754623281 ], [ -106.683848352347113, 35.201754133267386 ], [ -106.683445099771731, 35.201572061447642 ], [ -106.68329065837743, 35.201524009697856 ], [ -106.683179615563162, 35.201470926645989 ], [ -106.681102134741721, 35.200864524561432 ], [ -106.680689110455376, 35.200743960676462 ], [ -106.680358685578526, 35.200625908016349 ], [ -106.679873994603497, 35.200452737654253 ], [ -106.680034785706354, 35.200307543169089 ], [ -106.680884957090868, 35.198658683824391 ], [ -106.680998270924391, 35.198290116265966 ], [ -106.681031956623485, 35.198020684370512 ], [ -106.680943956157307, 35.197410684154875 ], [ -106.679913956169784, 35.195587683620005 ], [ -106.679758491375949, 35.195211611840421 ], [ -106.679700956707549, 35.19506468360396 ], [ -106.679683658682919, 35.194900960347432 ], [ -106.67967962996552, 35.194857650719513 ], [ -106.679654003644089, 35.1945821167172 ], [ -106.679663775344608, 35.194469791944229 ], [ -106.679680881168835, 35.194273155958221 ], [ -106.679752956195784, 35.193947683642996 ], [ -106.68066849951262, 35.192170307986736 ], [ -106.681143315250026, 35.191385555036476 ], [ -106.681382753718211, 35.191177203400777 ], [ -106.681473215329206, 35.191099679405077 ], [ -106.681762199951834, 35.190921409910338 ], [ -106.683497443062166, 35.19005692984625 ], [ -106.684089957162996, 35.189749682933474 ], [ -106.684375285865443, 35.189440222496913 ], [ -106.684476564862152, 35.189298883507227 ], [ -106.684681102269309, 35.188852618930667 ], [ -106.686741957111607, 35.188875682267863 ], [ -106.689751957963395, 35.186924682040818 ], [ -106.690400957345503, 35.185907681711804 ], [ -106.69049395760517, 35.185531681328307 ], [ -106.689841958081843, 35.184974681191427 ], [ -106.689714957193516, 35.184686681526181 ], [ -106.68979195798984, 35.184440681869916 ], [ -106.689709957077085, 35.184398681457921 ], [ -106.690251958193585, 35.184015681292202 ], [ -106.689859957779447, 35.183636680953228 ], [ -106.689768957734742, 35.183314681717903 ], [ -106.690054957930201, 35.182815680767284 ], [ -106.690013957737207, 35.182437681183863 ], [ -106.690228957087626, 35.182024681528787 ], [ -106.690234957747577, 35.181616680757031 ], [ -106.690705956969808, 35.180938680493583 ], [ -106.690658957641148, 35.180633680548382 ], [ -106.690402957459156, 35.180382680499051 ], [ -106.690447825868645, 35.179672727845599 ], [ -106.692253302236878, 35.179681506842648 ], [ -106.694359062323954, 35.179674969031332 ], [ -106.69501230700142, 35.179416340662449 ], [ -106.696619942023545, 35.179083622565045 ], [ -106.698436009881988, 35.178892198989537 ], [ -106.699284604012973, 35.179002723785167 ], [ -106.7009141485767, 35.179508183737475 ], [ -106.701797206725971, 35.179590145658487 ], [ -106.702410846924636, 35.179810118121338 ], [ -106.703284522979359, 35.179804572844688 ], [ -106.703194960982174, 35.188873681566591 ], [ -106.703265962072919, 35.196839682368328 ], [ -106.705440962226405, 35.196815682754909 ], [ -106.706475962468517, 35.196545682219408 ], [ -106.717674964524022, 35.193024680943225 ], [ -106.718126964848054, 35.193993681528205 ], [ -106.718630013335627, 35.193849806833569 ], [ -106.719302965181839, 35.195280681856488 ], [ -106.719452912322865, 35.195815309301423 ], [ -106.719473780737289, 35.196089436607579 ], [ -106.719417264025978, 35.196320200219645 ], [ -106.719343965598625, 35.196643681856173 ], [ -106.716882964538428, 35.202603682724032 ], [ -106.71677936235551, 35.20303315452955 ], [ -106.716794181291036, 35.203366964883003 ], [ -106.716403773076394, 35.203403294353144 ], [ -106.716433748019782, 35.20416588249995 ], [ -106.715239529242893, 35.204289910417266 ], [ -106.715298897084438, 35.204421793652514 ], [ -106.713039097245769, 35.204669823812154 ], [ -106.713644964412268, 35.205980683540417 ], [ -106.713348576224021, 35.206014802421237 ], [ -106.712659964599936, 35.206094683864137 ], [ -106.713165964261222, 35.209004684053532 ], [ -106.712365964239652, 35.209093684245737 ], [ -106.711993964323923, 35.210505683974468 ], [ -106.712006728904313, 35.214392386440259 ], [ -106.710525903587651, 35.214401592448837 ], [ -106.710543213929057, 35.216022079315735 ], [ -106.712007607603127, 35.216017123740805 ], [ -106.711982046090029, 35.217753150365297 ], [ -106.711988878996394, 35.217838351926154 ], [ -106.711963370942598, 35.217838374443282 ], [ -106.711833505336983, 35.21783850122749 ], [ -106.711808621178037, 35.217838519529188 ], [ -106.711783738112345, 35.217838536920155 ], [ -106.711710799081303, 35.217838568117465 ], [ -106.710530966542379, 35.217839052327726 ], [ -106.710486493706071, 35.217839064643087 ], [ -106.710435044657586, 35.217839083642474 ], [ -106.696476663358311, 35.217843825201989 ] ] ] } },
{ "type": "Feature", "properties": { "NAME": "DOLORES GONZALES", "ID": 244 }, "geometry": { "type": "Polygon", "coordinates": [ [ [ -106.663907347082088, 35.081613590142439 ], [ -106.663153533571617, 35.08151791298917 ], [ -106.663100980875271, 35.081852397877284 ], [ -106.662832561079341, 35.081823246652696 ], [ -106.662892544278975, 35.081474143846116 ], [ -106.662065403571972, 35.081367599135319 ], [ -106.661864514078147, 35.081341003576 ], [ -106.661038644151205, 35.081245697676529 ], [ -106.66099821305265, 35.081470487787001 ], [ -106.660725357770772, 35.081431602206777 ], [ -106.660664182176973, 35.081704786685414 ], [ -106.660425951012371, 35.081674653486026 ], [ -106.660514812789017, 35.081176461799082 ], [ -106.659578497642414, 35.081063699816696 ], [ -106.659545929164864, 35.081186557164578 ], [ -106.659160778315453, 35.081140121653448 ], [ -106.659186635848769, 35.081002285055213 ], [ -106.658605704028062, 35.0809287308048 ], [ -106.658554107886886, 35.08119896398221 ], [ -106.658339705626886, 35.081179713481731 ], [ -106.658087351155089, 35.08114646633998 ], [ -106.658137418494547, 35.080872162124194 ], [ -106.657478342148863, 35.080791182339439 ], [ -106.657450836220278, 35.080931752827226 ], [ -106.657397724234855, 35.080927839561582 ], [ -106.657400934049363, 35.0809060072839 ], [ -106.657168337604077, 35.080876340031629 ], [ -106.657192087456139, 35.080734755460597 ], [ -106.656221560153824, 35.080624916555692 ], [ -106.656173132163886, 35.080896486723091 ], [ -106.655978895746699, 35.080872587818938 ], [ -106.656019035416335, 35.080602409375082 ], [ -106.654823712435174, 35.080449561399263 ], [ -106.654774666814674, 35.080656506951783 ], [ -106.654534220165644, 35.080622373403237 ], [ -106.654573008336129, 35.080413573618173 ], [ -106.653915571262857, 35.080327114271149 ], [ -106.653870144890377, 35.080535935961578 ], [ -106.653607847095742, 35.080504076494613 ], [ -106.653521251648755, 35.080438899259477 ], [ -106.653302097506554, 35.080408259466871 ], [ -106.653332821269842, 35.080245857681241 ], [ -106.652789945243185, 35.080175377960963 ], [ -106.652752711229638, 35.080363714436977 ], [ -106.652414028217848, 35.080318467034921 ], [ -106.65205379237949, 35.080276017940925 ], [ -106.652089375523232, 35.080089051045199 ], [ -106.651705872905524, 35.080038495551584 ], [ -106.651611971402488, 35.080513430314063 ], [ -106.651173724322987, 35.080464417426356 ], [ -106.650757012119541, 35.080408513191216 ], [ -106.650842588376307, 35.07992678798302 ], [ -106.650513884037096, 35.079885593979725 ], [ -106.650465317560716, 35.08013261311725 ], [ -106.650045335845363, 35.08008626452505 ], [ -106.649988393368218, 35.080316944294445 ], [ -106.648778940251347, 35.080167668362606 ], [ -106.647753089713788, 35.080021951144005 ], [ -106.649391670670511, 35.071546963717161 ], [ -106.650506932635224, 35.065777664651463 ], [ -106.650566018585067, 35.065473407384424 ], [ -106.654685268715411, 35.044255691609322 ], [ -106.655054934620011, 35.044316661446281 ], [ -106.657011804235495, 35.044299505172027 ], [ -106.657043824991433, 35.044299223768242 ], [ -106.657107938849819, 35.044298661593956 ], [ -106.657089841055821, 35.047502665741234 ], [ -106.657089718561693, 35.047531664281124 ], [ -106.657088014733418, 35.047901656650666 ], [ -106.657758942847437, 35.047894346369915 ], [ -106.657825967767437, 35.047893366563393 ], [ -106.658086955938799, 35.047890643685676 ], [ -106.658271480343231, 35.047888739192935 ], [ -106.661657784774818, 35.047851809507115 ], [ -106.661821792524904, 35.047850018807971 ], [ -106.661239562259482, 35.048650199282868 ], [ -106.661216318889799, 35.048682143725792 ], [ -106.661197754655888, 35.048707655723334 ], [ -106.661175823960491, 35.048737527763329 ], [ -106.661042811002545, 35.048918704697833 ], [ -106.660596844772982, 35.049526146380316 ], [ -106.660575587595503, 35.049555101049577 ], [ -106.658115303820296, 35.056803325091117 ], [ -106.65787544060943, 35.062854665317495 ], [ -106.659175440988761, 35.063654665666064 ], [ -106.659175441371858, 35.066154666063916 ], [ -106.659575441083291, 35.069254666490949 ], [ -106.659975441594227, 35.070354666501004 ], [ -106.661475441800008, 35.071754666286722 ], [ -106.665776986314768, 35.073953973164848 ], [ -106.668975444617232, 35.076354666569564 ], [ -106.671872463547459, 35.078756695267579 ], [ -106.669207528542472, 35.080570303911536 ], [ -106.668660600702196, 35.080822063548226 ], [ -106.668502433434838, 35.080970281075992 ], [ -106.667527434722444, 35.081588672854068 ], [ -106.665869181634051, 35.08259066335448 ], [ -106.665743060520569, 35.082424581134205 ], [ -106.665641025187966, 35.082334596250092 ], [ -106.665425943670641, 35.082301667549515 ], [ -106.66409194345691, 35.082145667602219 ], [ -106.664115469866857, 35.081946327284705 ], [ -106.663858391331146, 35.081917948208826 ], [ -106.663907347082088, 35.081613590142439 ] ] ] } },
{ "type": "Feature", "properties": { "NAME": "LEW WALLACE", "ID": 373 }, "geometry": { "type": "Polygon", "coordinates": [ [ [ -106.658911114794805, 35.095624353453687 ], [ -106.658333883167188, 35.095597449607276 ], [ -106.65795419033384, 35.095616307811895 ], [ -106.657164580536389, 35.095579474737896 ], [ -106.656317380938461, 35.095550311568942 ], [ -106.65564894151008, 35.095489163219433 ], [ -106.654572942417005, 35.095402669849555 ], [ -106.654357199468521, 35.095404469458487 ], [ -106.65416301007771, 35.095406089568613 ], [ -106.653925478571651, 35.095401346180836 ], [ -106.653401708355801, 35.095446363194696 ], [ -106.653224426322438, 35.095435323252126 ], [ -106.652762826299366, 35.095465706609922 ], [ -106.6522818918978, 35.095431434420341 ], [ -106.652052942354871, 35.095423669675974 ], [ -106.651461367035694, 35.095353160297137 ], [ -106.650782396073936, 35.095282675515101 ], [ -106.649608288880088, 35.095131665925301 ], [ -106.646023653277936, 35.094695902665293 ], [ -106.645082153513158, 35.094490444698202 ], [ -106.646502940526361, 35.087045669386583 ], [ -106.646549940699103, 35.086747293268132 ], [ -106.646834383919796, 35.084941472414876 ], [ -106.646982118373302, 35.084004634418484 ], [ -106.647069141939923, 35.083553523410878 ], [ -106.647477751641404, 35.081445868019955 ], [ -106.647739221458124, 35.08009367216895 ], [ -106.647753089713788, 35.080021951144005 ], [ -106.648778940251347, 35.080167668362606 ], [ -106.649988393368218, 35.080316944294445 ], [ -106.650045335845363, 35.08008626452505 ], [ -106.650465317560716, 35.08013261311725 ], [ -106.650513884037096, 35.079885593979725 ], [ -106.650842588376307, 35.07992678798302 ], [ -106.650757012119541, 35.080408513191216 ], [ -106.651173724322987, 35.080464417426356 ], [ -106.651611971402488, 35.080513430314063 ], [ -106.651705872905524, 35.080038495551584 ], [ -106.652089375523232, 35.080089051045199 ], [ -106.65205379237949, 35.080276017940925 ], [ -106.652414028217848, 35.080318467034921 ], [ -106.652752711229638, 35.080363714436977 ], [ -106.652789945243185, 35.080175377960963 ], [ -106.653332821269842, 35.080245857681241 ], [ -106.653302097506554, 35.080408259466871 ], [ -106.653521251648755, 35.080438899259477 ], [ -106.653607847095742, 35.080504076494613 ], [ -106.653870144890377, 35.080535935961578 ], [ -106.653915571262857, 35.080327114271149 ], [ -106.654573008336129, 35.080413573618173 ], [ -106.654534220165644, 35.080622373403237 ], [ -106.654774666814674, 35.080656506951783 ], [ -106.654823712435174, 35.080449561399263 ], [ -106.656019035416335, 35.080602409375082 ], [ -106.655978895746699, 35.080872587818938 ], [ -106.656173132163886, 35.080896486723091 ], [ -106.656221560153824, 35.080624916555692 ], [ -106.657192087456139, 35.080734755460597 ], [ -106.657168337604077, 35.080876340031629 ], [ -106.657400934049363, 35.0809060072839 ], [ -106.657397724234855, 35.080927839561582 ], [ -106.657450836220278, 35.080931752827226 ], [ -106.657478342148863, 35.080791182339439 ], [ -106.658137418494547, 35.080872162124194 ], [ -106.658087351155089, 35.08114646633998 ], [ -106.658339705626886, 35.081179713481731 ], [ -106.658554107886886, 35.08119896398221 ], [ -106.658605704028062, 35.0809287308048 ], [ -106.659186635848769, 35.081002285055213 ], [ -106.659160778315453, 35.081140121653448 ], [ -106.659545929164864, 35.081186557164578 ], [ -106.659578497642414, 35.081063699816696 ], [ -106.660514812789017, 35.081176461799082 ], [ -106.660425951012371, 35.081674653486026 ], [ -106.660664182176973, 35.081704786685414 ], [ -106.660725357770772, 35.081431602206777 ], [ -106.66099821305265, 35.081470487787001 ], [ -106.661038644151205, 35.081245697676529 ], [ -106.661864514078147, 35.081341003576 ], [ -106.662065403571972, 35.081367599135319 ], [ -106.662892544278975, 35.081474143846116 ], [ -106.662832561079341, 35.081823246652696 ], [ -106.663100980875271, 35.081852397877284 ], [ -106.663153533571617, 35.08151791298917 ], [ -106.663907347082088, 35.081613590142439 ], [ -106.663858391331146, 35.081917948208826 ], [ -106.664115469866857, 35.081946327284705 ], [ -106.66409194345691, 35.082145667602219 ], [ -106.665425943670641, 35.082301667549515 ], [ -106.665641025187966, 35.082334596250092 ], [ -106.665743060520569, 35.082424581134205 ], [ -106.665869181634051, 35.08259066335448 ], [ -106.667527434722444, 35.081588672854068 ], [ -106.668502433434838, 35.080970281075992 ], [ -106.668660600702196, 35.080822063548226 ], [ -106.669207528542472, 35.080570303911536 ], [ -106.671872463547459, 35.078756695267579 ], [ -106.675673040180229, 35.083456433845832 ], [ -106.671772945878004, 35.086321667189296 ], [ -106.670358132696407, 35.087120480080038 ], [ -106.669882956454003, 35.089151220770596 ], [ -106.669678914199821, 35.090023985624335 ], [ -106.669484865468064, 35.09088815165974 ], [ -106.669053678917578, 35.092684155539331 ], [ -106.668859869440709, 35.093367650485391 ], [ -106.66872483030798, 35.093673738731084 ], [ -106.667800623094394, 35.093371304929846 ], [ -106.667503352573505, 35.093335906609383 ], [ -106.665477738035349, 35.093051577313901 ], [ -106.665139047991374, 35.093018388443262 ], [ -106.664300500931304, 35.09287087989037 ], [ -106.663115337785783, 35.092695968211011 ], [ -106.662656369952998, 35.094663787658639 ], [ -106.662432987527424, 35.095612154520296 ], [ -106.662231707462141, 35.096459383979763 ], [ -106.662254464740059, 35.096577138023669 ], [ -106.662133891546006, 35.09654563293514 ], [ -106.661665984017347, 35.096401624554744 ], [ -106.661066861286841, 35.096178271811709 ], [ -106.660108919904459, 35.095860027416379 ], [ -106.658911114794805, 35.095624353453687 ] ] ] } },
{ "type": "Feature", "properties": { "NAME": "MCCOLLUM", "ID": 307 }, "geometry": { "type": "Polygon", "coordinates": [ [ [ -106.520769676426028, 35.094567269309621 ], [ -106.52018016530532, 35.094421548675847 ], [ -106.520009412515265, 35.09438367753598 ], [ -106.519273485667554, 35.094006623987397 ], [ -106.518460411909132, 35.093663677498007 ], [ -106.517024912471456, 35.093553677470581 ], [ -106.516621768167212, 35.093563368217808 ], [ -106.516062439093403, 35.093576811542974 ], [ -106.515318511664901, 35.093586549312725 ], [ -106.515047980928472, 35.088292988149625 ], [ -106.51501836816702, 35.086772958569853 ], [ -106.518062144794328, 35.086831540210696 ], [ -106.519061789607321, 35.086880804961524 ], [ -106.520415280012742, 35.086920437742961 ], [ -106.521227625997767, 35.086927187376368 ], [ -106.521425306541957, 35.086935309819602 ], [ -106.52206041549401, 35.086933886605244 ], [ -106.522278992473801, 35.086941960773224 ], [ -106.522882827450786, 35.086974952596812 ], [ -106.523809631642735, 35.086989722521764 ], [ -106.523955203944951, 35.087023741966973 ], [ -106.526506281852264, 35.087060865748555 ], [ -106.528381267023335, 35.087097776139949 ], [ -106.529889788521189, 35.087130095176903 ], [ -106.5313331835886, 35.087269109595773 ], [ -106.531825367074035, 35.087262301076038 ], [ -106.532565826651464, 35.087252054671154 ], [ -106.532601908439446, 35.087461342991944 ], [ -106.532600145779256, 35.08896133437446 ], [ -106.532615590982687, 35.090246358207438 ], [ -106.532622867721201, 35.091727399052346 ], [ -106.532646014752729, 35.092379611834581 ], [ -106.532666871157971, 35.092709900949679 ], [ -106.532668177505457, 35.092730585422707 ], [ -106.532672304271472, 35.092795941292501 ], [ -106.532700905865383, 35.093159769928761 ], [ -106.532703639155258, 35.093360644037688 ], [ -106.532705692304205, 35.09351158266476 ], [ -106.532714844064145, 35.094522776813356 ], [ -106.532408207844824, 35.094519445644508 ], [ -106.531939950946082, 35.094509876528861 ], [ -106.530213874044065, 35.094813496458457 ], [ -106.529855061645776, 35.094809143567765 ], [ -106.526490254815698, 35.094764808350824 ], [ -106.521460413291337, 35.094697677323275 ], [ -106.521380755469579, 35.094681358985397 ], [ -106.520769676426028, 35.094567269309621 ] ] ] } },
{ "type": "Feature", "properties": { "NAME": "ONATE", "ID": 227 }, "geometry": { "type": "MultiPolygon", "coordinates": [ [ [ [ -106.515439783242229, 35.101490299947486 ], [ -106.515318511664901, 35.093586549312725 ], [ -106.516062439093403, 35.093576811542974 ], [ -106.516621768167212, 35.093563368217808 ], [ -106.517024912471456, 35.093553677470581 ], [ -106.518460411909132, 35.093663677498007 ], [ -106.519273485667554, 35.094006623987397 ], [ -106.520009412515265, 35.09438367753598 ], [ -106.52018016530532, 35.094421548675847 ], [ -106.520769676426028, 35.094567269309621 ], [ -106.521380755469579, 35.094681358985397 ], [ -106.521460413291337, 35.094697677323275 ], [ -106.526490254815698, 35.094764808350824 ], [ -106.529855061645776, 35.094809143567765 ], [ -106.530213874044065, 35.094813496458457 ], [ -106.531939950946082, 35.094509876528861 ], [ -106.532408207844824, 35.094519445644508 ], [ -106.532714844064145, 35.094522776813356 ], [ -106.532853037025163, 35.099820962248863 ], [ -106.532939973563884, 35.101709764660399 ], [ -106.531818115474394, 35.1016980804377 ], [ -106.531453610249258, 35.101677651011741 ], [ -106.531008958223453, 35.101687878155531 ], [ -106.530174706754408, 35.101668171238991 ], [ -106.529751746407413, 35.101645527979372 ], [ -106.529343434611363, 35.101646469417084 ], [ -106.528923987876951, 35.101645057959793 ], [ -106.528036319634865, 35.101635056993452 ], [ -106.527713089261113, 35.101626503799153 ], [ -106.526872669831576, 35.101628425910413 ], [ -106.526031797308192, 35.101630343227569 ], [ -106.515439783242229, 35.101490299947486 ] ] ], [ [ [ -106.515439783242229, 35.101490299947486 ], [ -106.515454185250249, 35.101831310596218 ], [ -106.515466890815901, 35.102684342476977 ], [ -106.515468294431216, 35.102778607273514 ], [ -106.515483692183139, 35.103812291918722 ], [ -106.515484575597384, 35.103871616539962 ], [ -106.515486028112562, 35.10396910661656 ], [ -106.515486409559628, 35.10399473054018 ], [ -106.515488172032917, 35.104113048052632 ], [ -106.515483182601145, 35.104701181680042 ], [ -106.515479662876032, 35.105014224087085 ], [ -106.515479316538148, 35.105179409226366 ], [ -106.515513729123583, 35.107063265909062 ], [ -106.515569032261936, 35.108865202553005 ], [ -106.514244373156018, 35.108860196746761 ], [ -106.513457351569343, 35.108875697371992 ], [ -106.513092411638837, 35.108874679777024 ], [ -106.512056718693472, 35.108792461202874 ], [ -106.510997541972912, 35.108771036048921 ], [ -106.510119935964795, 35.108705595320821 ], [ -106.509906801781227, 35.108725687018946 ], [ -106.50946136509873, 35.108736713110261 ], [ -106.507740672316075, 35.108796124057399 ], [ -106.506519286604814, 35.108869936693118 ], [ -106.504993075963739, 35.108919856296204 ], [ -106.504495145380048, 35.108970800804357 ], [ -106.503636154001398, 35.109011269782229 ], [ -106.503404372986765, 35.109022187916892 ], [ -106.502884093903987, 35.109046510201942 ], [ -106.50224762777178, 35.108950302393104 ], [ -106.501773765715114, 35.108855423146736 ], [ -106.50150655485271, 35.108811923706952 ], [ -106.500953896981486, 35.108797013173756 ], [ -106.500370456275135, 35.108915067855087 ], [ -106.500124396337981, 35.108998425759644 ], [ -106.499585100513016, 35.109202113906413 ], [ -106.499199404964614, 35.109273498446051 ], [ -106.498887829815914, 35.1092929563724 ], [ -106.498729769085344, 35.109302827171042 ], [ -106.497602102315028, 35.109298870439368 ], [ -106.497486437886096, 35.109298463878659 ], [ -106.496782850744495, 35.109275762617273 ], [ -106.496388040304666, 35.10926427883534 ], [ -106.495899362220158, 35.1092426427115 ], [ -106.49544318193638, 35.109195785537544 ], [ -106.495044394238477, 35.10903620724163 ], [ -106.494110396712045, 35.1085119520341 ], [ -106.493633983774458, 35.108262191457875 ], [ -106.493110407458403, 35.108043680564869 ], [ -106.492999430569583, 35.108045305720424 ], [ -106.480040431356869, 35.108158509607797 ], [ -106.480003964489299, 35.104307680976063 ], [ -106.480012176666733, 35.103892787503717 ], [ -106.480018950803327, 35.103550556777655 ], [ -106.480030540341119, 35.102967402799898 ], [ -106.480075904178321, 35.100684680206207 ], [ -106.480074834938733, 35.100660553856315 ], [ -106.480023952777032, 35.099512893611099 ], [ -106.480017198313789, 35.099360608960673 ], [ -106.479989110567047, 35.098727387229168 ], [ -106.479988038000172, 35.098703228424519 ], [ -106.479983086337413, 35.098586674071512 ], [ -106.479961464622733, 35.098077122547878 ], [ -106.479724254220031, 35.092203659628659 ], [ -106.479973594215039, 35.092230283005428 ], [ -106.480009770423933, 35.092234691928965 ], [ -106.482095904697616, 35.092488678835494 ], [ -106.482624904331843, 35.092719678641828 ], [ -106.483763923334806, 35.093453065608479 ], [ -106.484516641440209, 35.093939062512135 ], [ -106.485120181474713, 35.094328305792175 ], [ -106.485459404624493, 35.094545679363385 ], [ -106.485559313308727, 35.094598659561044 ], [ -106.4862099053382, 35.094969679440339 ], [ -106.486632463875523, 35.095127713885731 ], [ -106.486671294545218, 35.095143387453874 ], [ -106.486710183285567, 35.095095275604343 ], [ -106.486824731178288, 35.094953553834635 ], [ -106.488134114886762, 35.093333178596417 ], [ -106.48817903229363, 35.093278365612619 ], [ -106.488223894690037, 35.093234828146706 ], [ -106.489552331263909, 35.091918264876305 ], [ -106.489974381144506, 35.091264156788903 ], [ -106.490261405798677, 35.090526678455284 ], [ -106.49073440543809, 35.08802667772342 ], [ -106.490910100939175, 35.087580860733347 ], [ -106.491305356797724, 35.087177572049477 ], [ -106.491994253086247, 35.086706414306612 ], [ -106.492265321919689, 35.086445844771433 ], [ -106.492641008448359, 35.086269946639185 ], [ -106.492951669108109, 35.086162673130012 ], [ -106.493470969109524, 35.086179660789703 ], [ -106.494334225286849, 35.086183424325846 ], [ -106.495143225003687, 35.086193421324275 ], [ -106.496917797399377, 35.0862094745899 ], [ -106.497290901058534, 35.086257036976725 ], [ -106.497325929552318, 35.086814053963266 ], [ -106.497699907374766, 35.09352067855545 ], [ -106.497721360610342, 35.094772237262923 ], [ -106.497496534562728, 35.098111255027234 ], [ -106.497469907837541, 35.098506679070198 ], [ -106.497472009151906, 35.098576649418213 ], [ -106.497505615770606, 35.099695583545071 ], [ -106.497520287750064, 35.100186305339165 ], [ -106.497540455674439, 35.10086293393374 ], [ -106.497543799626769, 35.100911769787892 ], [ -106.497905634974245, 35.100929105582175 ], [ -106.505248909845761, 35.101280678980672 ], [ -106.506326681888908, 35.101113686729242 ], [ -106.506371909919153, 35.101106678740706 ], [ -106.507958763943449, 35.101173861746865 ], [ -106.507985171799362, 35.101174979253678 ], [ -106.510395030957426, 35.10127696644205 ], [ -106.511562990772589, 35.101326378025732 ], [ -106.512175875464578, 35.101352302572366 ], [ -106.515439783242229, 35.101490299947486 ] ] ] ] } },
{ "type": "Feature", "properties": { "NAME": "COLLET PARK", "ID": 240 }, "geometry": { "type": "MultiPolygon", "coordinates": [ [ [ [ -106.479724254220031, 35.092203659628659 ], [ -106.479824317684503, 35.085803639085995 ], [ -106.47998398454115, 35.079304585179592 ], [ -106.479942781429386, 35.072335376123171 ], [ -106.478502302779347, 35.072265220816654 ], [ -106.478453580654971, 35.072263620556242 ], [ -106.462405048753126, 35.072481331365843 ], [ -106.462431460689459, 35.06912078148644 ], [ -106.462439434046431, 35.06806917942 ], [ -106.462738726659879, 35.067612629812039 ], [ -106.462780140463607, 35.063761440945271 ], [ -106.468371898905602, 35.063255674806584 ], [ -106.470471899597868, 35.062655675240656 ], [ -106.470871899046699, 35.062655675047537 ], [ -106.472971899942493, 35.062455674962742 ], [ -106.474975022113426, 35.062156271591249 ], [ -106.479802844323586, 35.062738476087652 ], [ -106.480699901256372, 35.062846674155729 ], [ -106.480779099822954, 35.062875334227236 ], [ -106.481277194114909, 35.063056037350236 ], [ -106.483391488792918, 35.063840109618724 ], [ -106.483432162917509, 35.063858670875135 ], [ -106.483463726981242, 35.063874479460253 ], [ -106.483755518706133, 35.064030351754518 ], [ -106.484216216820769, 35.064276449138767 ], [ -106.485328902728639, 35.064866674790061 ], [ -106.485914692101559, 35.06512431944352 ], [ -106.486017207031296, 35.065172202168192 ], [ -106.487965902856899, 35.066047674798448 ], [ -106.490071903864902, 35.066766674312518 ], [ -106.492671904724446, 35.067846674670612 ], [ -106.496941729562309, 35.069450977413567 ], [ -106.496261206877136, 35.070629969469145 ], [ -106.496242905342839, 35.070661674929603 ], [ -106.496193990918727, 35.070936124673082 ], [ -106.496076062075559, 35.071597794255126 ], [ -106.496083797257256, 35.072519916434985 ], [ -106.496275835305894, 35.073364199219476 ], [ -106.496364429276355, 35.073580087527993 ], [ -106.49666638138001, 35.074268378466748 ], [ -106.497125188040414, 35.075311075256828 ], [ -106.497183626756268, 35.075524352402553 ], [ -106.497215211292385, 35.075710367322444 ], [ -106.497171902272683, 35.079092472395182 ], [ -106.497255411058205, 35.081240152513438 ], [ -106.497260814527067, 35.082709332540752 ], [ -106.497285725213246, 35.085511572334937 ], [ -106.497290706526243, 35.086231099721132 ], [ -106.497290901058534, 35.086257036976725 ], [ -106.496917797399377, 35.0862094745899 ], [ -106.495143225003687, 35.086193421324275 ], [ -106.494334225286849, 35.086183424325846 ], [ -106.493470969109524, 35.086179660789703 ], [ -106.492951669108109, 35.086162673130012 ], [ -106.492641008448359, 35.086269946639185 ], [ -106.492265321919689, 35.086445844771433 ], [ -106.491994253086247, 35.086706414306612 ], [ -106.491305356797724, 35.087177572049477 ], [ -106.490910100939175, 35.087580860733347 ], [ -106.49073440543809, 35.08802667772342 ], [ -106.490261405798677, 35.090526678455284 ], [ -106.489974381144506, 35.091264156788903 ], [ -106.489552331263909, 35.091918264876305 ], [ -106.488223894690037, 35.093234828146706 ], [ -106.48817903229363, 35.093278365612619 ], [ -106.488134114886762, 35.093333178596417 ], [ -106.486824731178288, 35.094953553834635 ], [ -106.486710183285567, 35.095095275604343 ], [ -106.486671294545218, 35.095143387453874 ], [ -106.486632463875523, 35.095127713885731 ], [ -106.4862099053382, 35.094969679440339 ], [ -106.485559313308727, 35.094598659561044 ], [ -106.485459404624493, 35.094545679363385 ], [ -106.485120181474713, 35.094328305792175 ], [ -106.484516641440209, 35.093939062512135 ], [ -106.483763923334806, 35.093453065608479 ], [ -106.482624904331843, 35.092719678641828 ], [ -106.482095904697616, 35.092488678835494 ], [ -106.480009770423933, 35.092234691928965 ], [ -106.479973594215039, 35.092230283005428 ], [ -106.479724254220031, 35.092203659628659 ] ] ], [ [ [ -106.5249792101135, 35.108954849085528 ], [ -106.524507116566127, 35.108947291156973 ], [ -106.522133892292189, 35.108940606340965 ], [ -106.519858568677819, 35.108933025260768 ], [ -106.51721167631726, 35.108895606745293 ], [ -106.517179764409775, 35.108895155137262 ], [ -106.515569032261936, 35.108865202553005 ], [ -106.515513729123583, 35.107063265909062 ], [ -106.515479316538148, 35.105179409226366 ], [ -106.515479662876032, 35.105014224087085 ], [ -106.515483182601145, 35.104701181680042 ], [ -106.515488172032917, 35.104113048052632 ], [ -106.515486409559628, 35.10399473054018 ], [ -106.515486028112562, 35.10396910661656 ], [ -106.515484575597384, 35.103871616539962 ], [ -106.515483692183139, 35.103812291918722 ], [ -106.515468294431216, 35.102778607273514 ], [ -106.515466890815901, 35.102684342476977 ], [ -106.515454185250249, 35.101831310596218 ], [ -106.515439783242229, 35.101490299947486 ], [ -106.526031797308192, 35.101630343227569 ], [ -106.526872669831576, 35.101628425910413 ], [ -106.527713089261113, 35.101626503799153 ], [ -106.528036319634865, 35.101635056993452 ], [ -106.528923987876951, 35.101645057959793 ], [ -106.529343434611363, 35.101646469417084 ], [ -106.529751746407413, 35.101645527979372 ], [ -106.530174706754408, 35.101668171238991 ], [ -106.531008958223453, 35.101687878155531 ], [ -106.531453610249258, 35.101677651011741 ], [ -106.531818115474394, 35.1016980804377 ], [ -106.532939973563884, 35.101709764660399 ], [ -106.533003631264435, 35.104327588260347 ], [ -106.533084552615335, 35.107958822824756 ], [ -106.533098613315801, 35.108433598374994 ], [ -106.53310483982122, 35.108643281829451 ], [ -106.533119089173084, 35.108945416767988 ], [ -106.532267117456811, 35.108939826710504 ], [ -106.531515295185798, 35.108935005972491 ], [ -106.530158121365943, 35.108954529318112 ], [ -106.528516271677816, 35.108978631169556 ], [ -106.528457253576249, 35.108979003824984 ], [ -106.52825504795112, 35.108980286622533 ], [ -106.527916006237845, 35.108982437242126 ], [ -106.527858341796588, 35.108982802896968 ], [ -106.526847868792018, 35.108988635728061 ], [ -106.525543675585411, 35.108963882783463 ], [ -106.5249792101135, 35.108954849085528 ] ] ] ] } },
{ "type": "Feature", "properties": { "NAME": "TIERRA ANTIGUA", "ID": 389 }, "geometry": { "type": "Polygon", "coordinates": [ [ [ -106.727650772685777, 35.206694401947615 ], [ -106.72766861050242, 35.203326980467587 ], [ -106.730382916436838, 35.203317270250878 ], [ -106.731455274837387, 35.203307702673861 ], [ -106.733045920444553, 35.203312675254693 ], [ -106.73370594455038, 35.203307088281186 ], [ -106.734706081098537, 35.203302493085239 ], [ -106.734770574179407, 35.203302196144982 ], [ -106.736502597075614, 35.203305057248606 ], [ -106.736668230357665, 35.203273833098216 ], [ -106.736821196258632, 35.203244997064573 ], [ -106.738739256190684, 35.203242013844466 ], [ -106.739226854146594, 35.203241250917003 ], [ -106.741162144834192, 35.203238202966077 ], [ -106.74536401631164, 35.203231477927289 ], [ -106.745367490661508, 35.200532000358912 ], [ -106.745367971297213, 35.200158620541657 ], [ -106.745368412665314, 35.199815668719125 ], [ -106.745368959964793, 35.199390680665019 ], [ -106.74537797059071, 35.19239467960773 ], [ -106.743187700634266, 35.189000557835136 ], [ -106.742658443804217, 35.189050571803868 ], [ -106.742163951969289, 35.189077271720535 ], [ -106.741615143019459, 35.189087362143688 ], [ -106.741062276435173, 35.189076256683556 ], [ -106.736502780839047, 35.189070316880901 ], [ -106.727716910595873, 35.189086601261764 ], [ -106.72771706003617, 35.188939535160685 ], [ -106.727716259286908, 35.187916827781798 ], [ -106.727718969075283, 35.186536140107314 ], [ -106.727724502741935, 35.183716862347787 ], [ -106.727727293294024, 35.18145447971753 ], [ -106.727728386153743, 35.180438662304155 ], [ -106.72772956580657, 35.179341957588697 ], [ -106.727730514578326, 35.178460597766296 ], [ -106.727782318891997, 35.173988384034288 ], [ -106.72777660928557, 35.173089947632107 ], [ -106.727770354316505, 35.171943233024159 ], [ -106.727761709414835, 35.17046539800657 ], [ -106.727702212114821, 35.169948033391861 ], [ -106.727718298777603, 35.169785769739889 ], [ -106.72637007941978, 35.167680851359961 ], [ -106.724944329697649, 35.167151969630126 ], [ -106.726040389267339, 35.165354198057997 ], [ -106.725860219533004, 35.165288507742687 ], [ -106.724811857187476, 35.164815236420949 ], [ -106.724394799587088, 35.16451738350608 ], [ -106.724052808880856, 35.164095275853242 ], [ -106.723722984161256, 35.16363146863425 ], [ -106.721845916997452, 35.160932772684433 ], [ -106.721541912669096, 35.160582621183693 ], [ -106.721112334890719, 35.160284816173785 ], [ -106.720519353474685, 35.159925457620105 ], [ -106.719920633968243, 35.15943644808096 ], [ -106.719962008463682, 35.159418368775313 ], [ -106.72096596286238, 35.158979676102291 ], [ -106.721329693609846, 35.15845508761879 ], [ -106.721657962541428, 35.15776067589757 ], [ -106.722174962472536, 35.157054675416163 ], [ -106.722328962687584, 35.156687675851963 ], [ -106.722346099884845, 35.156368648008652 ], [ -106.722367962049503, 35.155961675257259 ], [ -106.722535557050421, 35.155687386874916 ], [ -106.722613148393776, 35.155419976696543 ], [ -106.722851478019294, 35.155103814963823 ], [ -106.723204962193591, 35.15422267517507 ], [ -106.723848182357059, 35.154076945892051 ], [ -106.724032962806504, 35.154088674692034 ], [ -106.724080963045495, 35.153956674676003 ], [ -106.723719962322988, 35.153549674672675 ], [ -106.723722962263835, 35.153379674717016 ], [ -106.722904961845856, 35.152509674484172 ], [ -106.722816677956658, 35.152369695370894 ], [ -106.72243496197477, 35.151752674327106 ], [ -106.722598961918422, 35.151321674324976 ], [ -106.723302350343772, 35.150793684448388 ], [ -106.72338096278456, 35.150734674616849 ], [ -106.723397862225724, 35.150640584705549 ], [ -106.723602962071297, 35.14949867437241 ], [ -106.723810962054827, 35.149255674643506 ], [ -106.723825836998415, 35.149161415886894 ], [ -106.723713962314406, 35.148897674289046 ], [ -106.723563941871348, 35.148651727373966 ], [ -106.723407962036589, 35.148408674633046 ], [ -106.723015961616511, 35.147960673916522 ], [ -106.722659962201803, 35.147809674462771 ], [ -106.722565053128449, 35.147564199958751 ], [ -106.722364962030412, 35.147046673877419 ], [ -106.722637961514707, 35.146716674254066 ], [ -106.723103403367276, 35.146705671297788 ], [ -106.72348396244449, 35.146696674044229 ], [ -106.725091327125469, 35.146491327194219 ], [ -106.725479961954534, 35.146441673965342 ], [ -106.725719962359236, 35.14656267355079 ], [ -106.725694948717475, 35.146407133391193 ], [ -106.725609962113495, 35.145878673345301 ], [ -106.725482962073741, 35.145719673405623 ], [ -106.725519962445091, 35.145429673299276 ], [ -106.725958906201583, 35.145141467348246 ], [ -106.72624796297562, 35.144951673430405 ], [ -106.726253962351933, 35.140213672910122 ], [ -106.725732038306276, 35.139465096441178 ], [ -106.72557696133839, 35.139242672948669 ], [ -106.725510567752679, 35.13918392957148 ], [ -106.724656961477208, 35.138428672440121 ], [ -106.724098786709476, 35.138183766572126 ], [ -106.723619961703918, 35.137973672735512 ], [ -106.722854960704851, 35.138094672487526 ], [ -106.722368960615057, 35.138008672664483 ], [ -106.721636787678321, 35.137679129962891 ], [ -106.72161078153178, 35.137654279233494 ], [ -106.721218938426105, 35.137280129879528 ], [ -106.721204630195331, 35.137247618184055 ], [ -106.721190374565268, 35.137215091859105 ], [ -106.721073865928048, 35.136943375734795 ], [ -106.721018010193532, 35.136813044965344 ], [ -106.720904886980961, 35.136548955227831 ], [ -106.720890583166295, 35.136515069673997 ], [ -106.720876330855091, 35.136481169495028 ], [ -106.720869352218898, 35.136400645460498 ], [ -106.720841300048335, 35.136057478608791 ], [ -106.720839861464086, 35.136037663266414 ], [ -106.720838438237919, 35.136017846962858 ], [ -106.720813210299866, 35.13570469077321 ], [ -106.720803963117277, 35.135589582654617 ], [ -106.720703073204845, 35.134333666387576 ], [ -106.720697329814215, 35.134262169077111 ], [ -106.720469921392535, 35.133620084933412 ], [ -106.721354935913908, 35.132463469893807 ], [ -106.72286218125663, 35.130501627848581 ], [ -106.723511546754011, 35.129656374112436 ], [ -106.722247106767966, 35.128725944861912 ], [ -106.725521504329294, 35.12540155956799 ], [ -106.745360695060256, 35.125062787041955 ], [ -106.750330857380291, 35.125042271260625 ], [ -106.763164663744689, 35.124988353579234 ], [ -106.780898262394814, 35.124911666213087 ], [ -106.780900325243408, 35.125104437749421 ], [ -106.780903789737707, 35.125137675865524 ], [ -106.780901133520715, 35.125170662246035 ], [ -106.79635119374889, 35.125197659223169 ], [ -106.79635140640211, 35.125173641168246 ], [ -106.796357157122188, 35.125033705268351 ], [ -106.796466948070758, 35.125034358745246 ], [ -106.797739852559104, 35.125042006592615 ], [ -106.79786697049623, 35.125042667034876 ], [ -106.8106090407598, 35.125117562183831 ], [ -106.813370669200708, 35.125133616854328 ], [ -106.820125071259326, 35.125173373260466 ], [ -106.820131142403127, 35.125274661137908 ], [ -106.830847342262359, 35.125243364810139 ], [ -106.833329539978337, 35.125235980801151 ], [ -106.834060527403111, 35.125233796418485 ], [ -106.834166165447968, 35.125233480226356 ], [ -106.851409422652026, 35.12518066646129 ], [ -106.867346827378981, 35.125343564694248 ], [ -106.869352003363375, 35.125193119774082 ], [ -106.871436429045104, 35.125036396797299 ], [ -106.873110056826178, 35.124910535316218 ], [ -106.873145595287468, 35.124907861935995 ], [ -106.870644693511025, 35.126507419746112 ], [ -106.871725146272695, 35.13104167227737 ], [ -106.870147265405052, 35.134068735204281 ], [ -106.870136863625333, 35.134088659682405 ], [ -106.870636290224013, 35.13575266104823 ], [ -106.869080518394469, 35.136639744586766 ], [ -106.869076938990418, 35.13674442043289 ], [ -106.869077596374495, 35.136766752842753 ], [ -106.868659973370995, 35.136836753734478 ], [ -106.864955695960987, 35.138804003889348 ], [ -106.864089325368539, 35.142738000187464 ], [ -106.862863333595442, 35.144960998269632 ], [ -106.862666625871782, 35.145562257398154 ], [ -106.862695298925033, 35.145926659748028 ], [ -106.862226691213664, 35.150372939304326 ], [ -106.862220863193571, 35.150436662265463 ], [ -106.862597658672087, 35.15291668498309 ], [ -106.863055895696561, 35.155932900196177 ], [ -106.863335058776556, 35.156137482762247 ], [ -106.863493369117052, 35.15613615480067 ], [ -106.864282874890009, 35.156129530376013 ], [ -106.868366106011948, 35.156094921010968 ], [ -106.868631284393018, 35.15609266855656 ], [ -106.868659865108611, 35.160121663804652 ], [ -106.868592239276211, 35.162418283356821 ], [ -106.868509854966902, 35.165112009215271 ], [ -106.868214302625589, 35.174774663719163 ], [ -106.868211396620339, 35.175686393717157 ], [ -106.868210479610696, 35.175973922040477 ], [ -106.868207151241791, 35.176196862599141 ], [ -106.868206976904659, 35.176235611444866 ], [ -106.868006997138977, 35.183271671146791 ], [ -106.863812334796179, 35.198160225158624 ], [ -106.863599443247793, 35.199808009506363 ], [ -106.862912926596408, 35.205255000403064 ], [ -106.862822034733568, 35.205976103414571 ], [ -106.862819513258202, 35.205995568941297 ], [ -106.862810802870527, 35.206056098685188 ], [ -106.862736191525585, 35.206571651817775 ], [ -106.862726682122386, 35.206598788679209 ], [ -106.862322541037045, 35.207019458773026 ], [ -106.859014312971183, 35.210462704379317 ], [ -106.858609168968172, 35.217598646246849 ], [ -106.858590580044464, 35.217922670061171 ], [ -106.858395731067461, 35.218020734591668 ], [ -106.842900546252565, 35.217932394861272 ], [ -106.842784883027008, 35.217932321243374 ], [ -106.842247811744585, 35.217932480788782 ], [ -106.838346370746962, 35.217928781577442 ], [ -106.831759993932195, 35.217922291143942 ], [ -106.829776443593246, 35.217920365694027 ], [ -106.828089992858324, 35.217918667893876 ], [ -106.82772399333696, 35.217918295756071 ], [ -106.81158199745181, 35.217900691505257 ], [ -106.810847304265849, 35.217899416178319 ], [ -106.791126969127163, 35.217747853655773 ], [ -106.790960389961057, 35.217746657327389 ], [ -106.788872981780614, 35.217730681511647 ], [ -106.787773973071012, 35.217733037998826 ], [ -106.783650852243838, 35.217741183125597 ], [ -106.783425981449454, 35.217741409725015 ], [ -106.777748978297339, 35.217752161933156 ], [ -106.776649971112604, 35.217754952873989 ], [ -106.775813073253417, 35.21775685894346 ], [ -106.775526957592632, 35.21775745043356 ], [ -106.774372951389481, 35.217759786966845 ], [ -106.772190432895954, 35.217764167952538 ], [ -106.772143217959069, 35.21776426252184 ], [ -106.772095959062199, 35.217764353656598 ], [ -106.77194024546958, 35.217764652781639 ], [ -106.764902776047791, 35.217778857329449 ], [ -106.764862704168948, 35.217778936707546 ], [ -106.764822589491487, 35.217779022564372 ], [ -106.76409001874687, 35.217780585089564 ], [ -106.764038583557365, 35.217780681798587 ], [ -106.763447228270806, 35.217781797607174 ], [ -106.763404539893614, 35.217781877683571 ], [ -106.763371927433866, 35.217781938456199 ], [ -106.763331156708958, 35.217781981529306 ], [ -106.763177900441434, 35.217782144482761 ], [ -106.763108222126817, 35.217782218967521 ], [ -106.755548702083487, 35.217796578598062 ], [ -106.755436971646958, 35.217796787303428 ], [ -106.755065157226326, 35.217797088735168 ], [ -106.754187977731291, 35.217797796417692 ], [ -106.745676145667233, 35.21781189155778 ], [ -106.745496402079297, 35.217812557030662 ], [ -106.745465161882009, 35.217812676773015 ], [ -106.745433921525674, 35.217812770366514 ], [ -106.745346967412914, 35.217812956705657 ], [ -106.74467901830262, 35.217813848890309 ], [ -106.743824972650287, 35.217814406786545 ], [ -106.743385105080023, 35.217815314991377 ], [ -106.732944299567308, 35.217829995789742 ], [ -106.730706984805124, 35.21783285228075 ], [ -106.727654447840706, 35.217836682547521 ], [ -106.727654516644208, 35.21777286548825 ], [ -106.727545232357613, 35.211985562305379 ], [ -106.727584559799951, 35.206928156642924 ], [ -106.727650772685777, 35.206694401947615 ] ] ] } },
{ "type": "Feature", "properties": { "NAME": "SUNSET VIEW", "ID": 393 }, "geometry": { "type": "Polygon", "coordinates": [ [ [ -106.719343965598625, 35.196643681856173 ], [ -106.719417264025978, 35.196320200219645 ], [ -106.719473780737289, 35.196089436607579 ], [ -106.719452912322865, 35.195815309301423 ], [ -106.719302965181839, 35.195280681856488 ], [ -106.718630013335627, 35.193849806833569 ], [ -106.718126964848054, 35.193993681528205 ], [ -106.717674964524022, 35.193024680943225 ], [ -106.706475962468517, 35.196545682219408 ], [ -106.705440962226405, 35.196815682754909 ], [ -106.703265962072919, 35.196839682368328 ], [ -106.703194960982174, 35.188873681566591 ], [ -106.703284522979359, 35.179804572844688 ], [ -106.702410846924636, 35.179810118121338 ], [ -106.701797206725971, 35.179590145658487 ], [ -106.7009141485767, 35.179508183737475 ], [ -106.699284604012973, 35.179002723785167 ], [ -106.699366959287403, 35.178609679893562 ], [ -106.699062959497226, 35.177999680277978 ], [ -106.699607958679763, 35.176975679438875 ], [ -106.69884395924403, 35.175798680053795 ], [ -106.698655507088489, 35.175704088986336 ], [ -106.697815958589118, 35.175282679580356 ], [ -106.697357958760151, 35.174758679221007 ], [ -106.697326958508512, 35.174168679647586 ], [ -106.698236320710478, 35.173259551727952 ], [ -106.698419452981909, 35.173100390212227 ], [ -106.698478927873822, 35.173054227309656 ], [ -106.69898595884419, 35.172660679369883 ], [ -106.700008958853147, 35.172474679095167 ], [ -106.701660959179151, 35.17275967913681 ], [ -106.702791959714105, 35.172413679093367 ], [ -106.703475959733254, 35.171541678420311 ], [ -106.703068959290746, 35.169633678182471 ], [ -106.703923409189628, 35.169461982489416 ], [ -106.704337959690037, 35.16937867871151 ], [ -106.70481637542062, 35.169498171141363 ], [ -106.705248770206936, 35.169606177226349 ], [ -106.705398959662588, 35.1696436786671 ], [ -106.705399959323842, 35.169879678799411 ], [ -106.70645896053442, 35.169430677935267 ], [ -106.708062960851677, 35.168446678507358 ], [ -106.708694336446811, 35.168342719840219 ], [ -106.709483789438906, 35.168212728814687 ], [ -106.709822960177092, 35.168036678117147 ], [ -106.709811454564317, 35.16759032293384 ], [ -106.709793960718358, 35.166911677890099 ], [ -106.709993934231093, 35.166678609773818 ], [ -106.71041120397831, 35.166615693422585 ], [ -106.710944942113599, 35.166644232440369 ], [ -106.711436960430788, 35.166361677354253 ], [ -106.711623573770424, 35.166145125828848 ], [ -106.712243961466527, 35.165862677695458 ], [ -106.712961961298475, 35.164812677291884 ], [ -106.712993101699951, 35.164788438474737 ], [ -106.713017179020156, 35.164760865177897 ], [ -106.713127346943821, 35.164658303792024 ], [ -106.71332996155148, 35.164469677225263 ], [ -106.713323960874874, 35.164094677097246 ], [ -106.713440385747575, 35.163763019530784 ], [ -106.713626206426795, 35.163571825393497 ], [ -106.713708960938149, 35.163486676912207 ], [ -106.713897961260031, 35.163033676852621 ], [ -106.713895498895511, 35.162985311435349 ], [ -106.713891866569313, 35.162913974608749 ], [ -106.713868569080873, 35.162434363691787 ], [ -106.714290874392731, 35.162124176025358 ], [ -106.714601961535976, 35.161895676423796 ], [ -106.714919960917229, 35.161477676805923 ], [ -106.714932934298773, 35.161366721098794 ], [ -106.71495696139489, 35.161160676971591 ], [ -106.717426061828789, 35.160299229740588 ], [ -106.717512736798142, 35.160268988238329 ], [ -106.718351381704821, 35.159976375247993 ], [ -106.718380307829648, 35.159966282681829 ], [ -106.719920633968243, 35.15943644808096 ], [ -106.720519353474685, 35.159925457620105 ], [ -106.721112334890719, 35.160284816173785 ], [ -106.721541912669096, 35.160582621183693 ], [ -106.721845916997452, 35.160932772684433 ], [ -106.723722984161256, 35.16363146863425 ], [ -106.724052808880856, 35.164095275853242 ], [ -106.724394799587088, 35.16451738350608 ], [ -106.724811857187476, 35.164815236420949 ], [ -106.725860219533004, 35.165288507742687 ], [ -106.726040389267339, 35.165354198057997 ], [ -106.724944329697649, 35.167151969630126 ], [ -106.72637007941978, 35.167680851359961 ], [ -106.727718298777603, 35.169785769739889 ], [ -106.727702212114821, 35.169948033391861 ], [ -106.727761709414835, 35.17046539800657 ], [ -106.727770354316505, 35.171943233024159 ], [ -106.72777660928557, 35.173089947632107 ], [ -106.727782318891997, 35.173988384034288 ], [ -106.727729049003869, 35.179822387356452 ], [ -106.727716910595873, 35.189086601261764 ], [ -106.72766153222355, 35.192055172220464 ], [ -106.727660088722246, 35.192132555250993 ], [ -106.727695957027805, 35.193074282969256 ], [ -106.727701331429927, 35.19321614303243 ], [ -106.727710948917533, 35.193469982358572 ], [ -106.727755291476726, 35.194640302658534 ], [ -106.72774932331464, 35.196622319957832 ], [ -106.727708509198862, 35.197636743609955 ], [ -106.727706121140884, 35.197696097115347 ], [ -106.727674062992534, 35.198501730252033 ], [ -106.727673824320334, 35.198721698109992 ], [ -106.727673778711733, 35.198769243500685 ], [ -106.727672895482698, 35.199680067083214 ], [ -106.727665652734842, 35.199913959024073 ], [ -106.727662200570151, 35.200022855875886 ], [ -106.727623098388491, 35.201256362822939 ], [ -106.727631540147073, 35.201641231562292 ], [ -106.727646384623867, 35.202317948220596 ], [ -106.727661400540484, 35.20300250839378 ], [ -106.727665701184378, 35.203196055213567 ], [ -106.72766861050242, 35.203326980467587 ], [ -106.727650772685777, 35.206694401947615 ], [ -106.727584559799951, 35.206928156642924 ], [ -106.727545232357613, 35.211985562305379 ], [ -106.727654516644208, 35.21777286548825 ], [ -106.727654447840706, 35.217836682547521 ], [ -106.727654968893304, 35.217954684081263 ], [ -106.720301069646041, 35.217938062578952 ], [ -106.719667117329777, 35.217929178198844 ], [ -106.71840653145577, 35.21791150186862 ], [ -106.715505438589119, 35.217864852938582 ], [ -106.714731995715468, 35.21785143817327 ], [ -106.713933950129274, 35.217838044238228 ], [ -106.711988878996394, 35.217838351926154 ], [ -106.711982046090029, 35.217753150365297 ], [ -106.712007607603127, 35.216017123740805 ], [ -106.710543213929057, 35.216022079315735 ], [ -106.710525903587651, 35.214401592448837 ], [ -106.712006728904313, 35.214392386440259 ], [ -106.711993964323923, 35.210505683974468 ], [ -106.712365964239652, 35.209093684245737 ], [ -106.713165964261222, 35.209004684053532 ], [ -106.712659964599936, 35.206094683864137 ], [ -106.713348576224021, 35.206014802421237 ], [ -106.713644964412268, 35.205980683540417 ], [ -106.713039097245769, 35.204669823812154 ], [ -106.715298897084438, 35.204421793652514 ], [ -106.715239529242893, 35.204289910417266 ], [ -106.716433748019782, 35.20416588249995 ], [ -106.716403773076394, 35.203403294353144 ], [ -106.716794181291036, 35.203366964883003 ], [ -106.71679406907505, 35.203364435893647 ], [ -106.71677936235551, 35.20303315452955 ], [ -106.716882964538428, 35.202603682724032 ], [ -106.719343965598625, 35.196643681856173 ] ] ] } },
{ "type": "Feature", "properties": { "NAME": "SUSIE RAYOS MARMON", "ID": 280 }, "geometry": { "type": "Polygon", "coordinates": [ [ [ -106.729956091014259, 35.104173324811022 ], [ -106.72929992587278, 35.104190142825068 ], [ -106.728659791721682, 35.104309183046063 ], [ -106.728006486911056, 35.104533970144885 ], [ -106.727363598971053, 35.104873086564538 ], [ -106.721217915945047, 35.108285628037258 ], [ -106.720704197416623, 35.108711443666685 ], [ -106.720205427858446, 35.109412304564856 ], [ -106.719790991836476, 35.109952443911304 ], [ -106.719333262650537, 35.110378380149321 ], [ -106.71871435773437, 35.110759602359174 ], [ -106.715390265423508, 35.112512300074769 ], [ -106.71464215796523, 35.112965125210074 ], [ -106.714228215203164, 35.113143048542199 ], [ -106.713697372701787, 35.11345745771974 ], [ -106.710700178806931, 35.11509615645533 ], [ -106.709244955967634, 35.115847669621665 ], [ -106.708769956772556, 35.116190670301762 ], [ -106.708061955526901, 35.115808669832866 ], [ -106.707599230123392, 35.115679778932154 ], [ -106.707193956071123, 35.115654670398683 ], [ -106.707151955472639, 35.115423669907521 ], [ -106.706968956255579, 35.115358669676972 ], [ -106.705962955691064, 35.115347670538945 ], [ -106.705956956012074, 35.115439670431023 ], [ -106.705576955209267, 35.115440670083494 ], [ -106.703783954776895, 35.11542166990985 ], [ -106.702922743138515, 35.115411255489647 ], [ -106.702690882188378, 35.115357488491277 ], [ -106.701695251111005, 35.115361519852357 ], [ -106.701658224651752, 35.115361669535062 ], [ -106.701623467604378, 35.116883619902019 ], [ -106.701631638967896, 35.117371712962218 ], [ -106.701648306232215, 35.118367271643052 ], [ -106.701651115741129, 35.118876321556513 ], [ -106.701660466540275, 35.120570483961295 ], [ -106.70164195141669, 35.121043816720871 ], [ -106.701631203009242, 35.121318595023048 ], [ -106.70167161059814, 35.12258936078301 ], [ -106.701644941719479, 35.123807586654138 ], [ -106.701682616132061, 35.124582944686047 ], [ -106.70168593950477, 35.125332376142687 ], [ -106.70164517180929, 35.12658710124736 ], [ -106.701614245959107, 35.128018038167617 ], [ -106.701636499947412, 35.132048704585912 ], [ -106.701641758725515, 35.133001062884098 ], [ -106.701621018784621, 35.134015001826825 ], [ -106.701644267968405, 35.134815835737449 ], [ -106.701637768097882, 35.135072501101796 ], [ -106.701632026634201, 35.135299193317913 ], [ -106.701606722668316, 35.135519102042274 ], [ -106.701567227281132, 35.13586234962213 ], [ -106.701494008345094, 35.136221007697799 ], [ -106.701488164951428, 35.136249631382128 ], [ -106.701432479230661, 35.136462632777011 ], [ -106.701352652675538, 35.136723394207422 ], [ -106.701296964895761, 35.136884441719168 ], [ -106.701179103212709, 35.137180074581636 ], [ -106.701003357686815, 35.137622137829851 ], [ -106.700885548068328, 35.137889977774165 ], [ -106.700863537017369, 35.137932387857624 ], [ -106.700848239441683, 35.137961815609074 ], [ -106.700828771066099, 35.137999266398928 ], [ -106.700645247005724, 35.138372037002689 ], [ -106.700516087632067, 35.138605712588976 ], [ -106.700494646652317, 35.138644502989351 ], [ -106.700449591525995, 35.138726016741501 ], [ -106.700383743149018, 35.138836841572051 ], [ -106.700300976020912, 35.138976139129774 ], [ -106.700157924558255, 35.139203150184052 ], [ -106.700095659572114, 35.139296643909347 ], [ -106.699994330631071, 35.139448790857102 ], [ -106.699829049766407, 35.139683993440691 ], [ -106.69967184710508, 35.139892868909094 ], [ -106.6995515239105, 35.140047216068609 ], [ -106.69940411874876, 35.140220379311167 ], [ -106.699367007038788, 35.140263976423036 ], [ -106.699296808044352, 35.140346441142171 ], [ -106.699168986716941, 35.140488736373932 ], [ -106.699150716829422, 35.140509074848744 ], [ -106.698301899781853, 35.139920753827184 ], [ -106.697721024761009, 35.139440855254954 ], [ -106.697468391283081, 35.139552977826284 ], [ -106.697438362327375, 35.139561640699455 ], [ -106.697124814041345, 35.139646132844184 ], [ -106.69676461436265, 35.139703255271222 ], [ -106.696765955247827, 35.139195674447073 ], [ -106.695884582477262, 35.139191846941408 ], [ -106.695860163463365, 35.139191674465977 ], [ -106.695823758263273, 35.139184572513365 ], [ -106.69579556820706, 35.139171443024182 ], [ -106.69537249240858, 35.138967654252902 ], [ -106.695293060811082, 35.138947030851668 ], [ -106.694978766952488, 35.138865454409974 ], [ -106.694951697353702, 35.138858737987185 ], [ -106.694822897833575, 35.138825614017904 ], [ -106.694794232384368, 35.138818241757768 ], [ -106.694759736049249, 35.138809370155109 ], [ -106.694715609888647, 35.138797020053765 ], [ -106.69465963287638, 35.13874366887952 ], [ -106.694675690873339, 35.138727312754014 ], [ -106.694754351385811, 35.138647190421125 ], [ -106.694886140333381, 35.138508545081443 ], [ -106.694826127227614, 35.138468103051515 ], [ -106.694758840705759, 35.13842281357838 ], [ -106.694535472062128, 35.138641462559015 ], [ -106.694479217480946, 35.138567086138821 ], [ -106.694182322446508, 35.138174543902579 ], [ -106.694126038942912, 35.138099572463304 ], [ -106.693988337701029, 35.137917850134983 ], [ -106.693726991956069, 35.137825766600926 ], [ -106.693616493035691, 35.137787139520157 ], [ -106.693599816063355, 35.137770516640707 ], [ -106.693455470128526, 35.137626701200041 ], [ -106.693390337417554, 35.137561856160509 ], [ -106.693347750317542, 35.137540133920162 ], [ -106.693307649600271, 35.137520586768403 ], [ -106.693064774988898, 35.13740062377039 ], [ -106.692851868993259, 35.137295438120518 ], [ -106.692659306035381, 35.137200301907058 ], [ -106.69261538724794, 35.137140284612371 ], [ -106.692514932367089, 35.13700300904997 ], [ -106.692484801927748, 35.136961812189497 ], [ -106.692456251981483, 35.136922286236988 ], [ -106.692393252525363, 35.13683690246819 ], [ -106.692347134203288, 35.136816902801456 ], [ -106.692248611903935, 35.137020396522217 ], [ -106.692237881080729, 35.137038510539419 ], [ -106.69164138716836, 35.136663400728501 ], [ -106.691023489002248, 35.136561502567979 ], [ -106.690923710873236, 35.136545047388637 ], [ -106.690911779681755, 35.136393482282372 ], [ -106.690448553058658, 35.136264267082183 ], [ -106.690324798709781, 35.136010461690184 ], [ -106.69004944015704, 35.13592531351479 ], [ -106.68989642870865, 35.135962564116838 ], [ -106.689657523663129, 35.136020725975484 ], [ -106.689516685297235, 35.136055013058701 ], [ -106.688205627339514, 35.134494930430321 ], [ -106.688172613288017, 35.134456053298592 ], [ -106.687642992788199, 35.134193749029023 ], [ -106.68761233551021, 35.134177305600815 ], [ -106.687617023524382, 35.134148844482901 ], [ -106.687629239935418, 35.134116627803763 ], [ -106.690875404947747, 35.125554547885628 ], [ -106.690075499747493, 35.123454545951297 ], [ -106.692224371505475, 35.117654187394621 ], [ -106.692370902915158, 35.117258632299205 ], [ -106.691144451863465, 35.114478671563973 ], [ -106.690242483162308, 35.111684519100848 ], [ -106.690778253701083, 35.109145977187318 ], [ -106.691645710923638, 35.106286907522779 ], [ -106.691857454358185, 35.106308259328472 ], [ -106.691900061732312, 35.106312450817043 ], [ -106.698981953586227, 35.107023669081464 ], [ -106.703220954109781, 35.107271668690686 ], [ -106.704740047522762, 35.105263048670878 ], [ -106.704784954260248, 35.10520366858497 ], [ -106.704879764569526, 35.105059527363203 ], [ -106.705197276937525, 35.104576804414613 ], [ -106.705569202028201, 35.104011348544766 ], [ -106.705800497353749, 35.103383731748423 ], [ -106.706245635713017, 35.102282428844383 ], [ -106.70633019851951, 35.102080833305692 ], [ -106.706357918477309, 35.102016734217386 ], [ -106.70684766355869, 35.100884249357819 ], [ -106.706951397614375, 35.100568584774834 ], [ -106.707010404282642, 35.100393921171531 ], [ -106.707634098308574, 35.098896481045976 ], [ -106.70769873058245, 35.098741299591808 ], [ -106.708287512114367, 35.097400327757256 ], [ -106.708640495545367, 35.09656480795374 ], [ -106.70872538275303, 35.096363875545258 ], [ -106.708736447638771, 35.096337082266139 ], [ -106.709534954984463, 35.094357667143647 ], [ -106.710126330067766, 35.092652002344025 ], [ -106.710219896823276, 35.092286253487217 ], [ -106.710511457244763, 35.091062121163652 ], [ -106.710705886431953, 35.088704796527189 ], [ -106.71082230313165, 35.087414131260957 ], [ -106.710819636938311, 35.087325588277864 ], [ -106.710786820072158, 35.086235866104687 ], [ -106.710677115564337, 35.084486036326638 ], [ -106.710738447174975, 35.083135029024177 ], [ -106.710727075225563, 35.081295595459451 ], [ -106.710669843669024, 35.080666425593066 ], [ -106.710537038176653, 35.079996759162256 ], [ -106.718803745096565, 35.078075804062969 ], [ -106.719016031032851, 35.078026466230064 ], [ -106.722868725177051, 35.077134108008735 ], [ -106.723264196776711, 35.078316944860909 ], [ -106.723705958209393, 35.079532015535733 ], [ -106.723904739104867, 35.080168355857452 ], [ -106.724043508482865, 35.080522320916707 ], [ -106.724370176227836, 35.081385269261816 ], [ -106.724530600397017, 35.081837343123652 ], [ -106.724756204472556, 35.082534538314569 ], [ -106.726107360905289, 35.084473497176447 ], [ -106.727577380979511, 35.086556939647132 ], [ -106.728404851356416, 35.087769215705286 ], [ -106.729284958382166, 35.089251664870055 ], [ -106.729366381304956, 35.089555136954473 ], [ -106.729533631359132, 35.090050427978326 ], [ -106.729612418456981, 35.090472115543484 ], [ -106.729638791230002, 35.090627694255474 ], [ -106.729817264669194, 35.091650403638262 ], [ -106.729842959333155, 35.091807665257392 ], [ -106.729902178658222, 35.0926865944746 ], [ -106.729981958840412, 35.093870665557034 ], [ -106.729942540962043, 35.095538123337519 ], [ -106.729907751268826, 35.097549184569296 ], [ -106.729887827982964, 35.098700844748436 ], [ -106.729888558850035, 35.09981891433187 ], [ -106.729911546786525, 35.100878049992509 ], [ -106.729915166820518, 35.101177374061365 ], [ -106.729956091014259, 35.104173324811022 ] ] ] } },
{ "type": "Feature", "properties": { "NAME": "CARLOS REY", "ID": 339 }, "geometry": { "type": "Polygon", "coordinates": [ [ [ -106.747896960689587, 35.062458659911989 ], [ -106.747299960644909, 35.062427659636946 ], [ -106.745261475747725, 35.062929450623216 ], [ -106.745205129744761, 35.058443352862092 ], [ -106.745070984527445, 35.058443190964432 ], [ -106.743279779661975, 35.058455975134422 ], [ -106.74326899468376, 35.063392760881321 ], [ -106.741778751203228, 35.063720720762511 ], [ -106.741776644474783, 35.063690824505819 ], [ -106.741483125971826, 35.059525175611633 ], [ -106.741347659145163, 35.057602468500427 ], [ -106.740743674860994, 35.055627912143819 ], [ -106.739692957936697, 35.052246658599543 ], [ -106.737893956866998, 35.048986658177192 ], [ -106.736631352709622, 35.046843329200534 ], [ -106.734753683872285, 35.04365566523856 ], [ -106.735344574370487, 35.043580998965062 ], [ -106.737175588962316, 35.043279369455156 ], [ -106.74085412536374, 35.042661681811218 ], [ -106.745477205351264, 35.041875720873996 ], [ -106.747523327795875, 35.041520398257546 ], [ -106.748346820471781, 35.04139638407306 ], [ -106.751889424737158, 35.040798399248089 ], [ -106.753063818805231, 35.040600145493315 ], [ -106.753221166726419, 35.041172453750868 ], [ -106.752953852404687, 35.041212184105603 ], [ -106.752915505376606, 35.041806424863928 ], [ -106.752589812157836, 35.041805127750528 ], [ -106.75267339920191, 35.042220219986568 ], [ -106.75258604960284, 35.042219872401006 ], [ -106.752584352189388, 35.042508276691962 ], [ -106.752267075487566, 35.042507012370841 ], [ -106.752257688473847, 35.043926297237455 ], [ -106.753453325421944, 35.043931059473309 ], [ -106.7526835893933, 35.044671644174116 ], [ -106.754712621233793, 35.044685897456993 ], [ -106.754714053657395, 35.044942310392621 ], [ -106.755153338031803, 35.04533287292243 ], [ -106.755233280993536, 35.045624633081047 ], [ -106.755150389402118, 35.046042413154886 ], [ -106.754797145910487, 35.046373677974927 ], [ -106.754294487177191, 35.046550051140741 ], [ -106.755008829481525, 35.047517106380958 ], [ -106.75522174021917, 35.048064877667983 ], [ -106.755275703127793, 35.05076461963241 ], [ -106.757206602373898, 35.050757959481906 ], [ -106.757174003485545, 35.056175823332588 ], [ -106.75704247391991, 35.05617592784872 ], [ -106.757033395110227, 35.057661974387607 ], [ -106.756966662231534, 35.058494121339479 ], [ -106.757160025315983, 35.058499017464548 ], [ -106.761763004495776, 35.058521531171181 ], [ -106.76260888806145, 35.062118742707227 ], [ -106.764440567865137, 35.067639583944171 ], [ -106.764397091758653, 35.067652091172661 ], [ -106.76383591124835, 35.067813530014782 ], [ -106.76184948518997, 35.068239056674933 ], [ -106.760443793296602, 35.068540158120115 ], [ -106.756803828099819, 35.069400974534112 ], [ -106.755435658706844, 35.069723582620362 ], [ -106.754723626056233, 35.069891469161441 ], [ -106.753256777037478, 35.070237308797672 ], [ -106.751297578179418, 35.070642965041841 ], [ -106.749733367823552, 35.071012517512528 ], [ -106.749734863442342, 35.070966834805837 ], [ -106.749734671835952, 35.070937741249978 ], [ -106.749689960766574, 35.064142659876424 ], [ -106.749134961309963, 35.063129659685842 ], [ -106.74876196098846, 35.06276666004586 ], [ -106.748380961114748, 35.062588660280511 ], [ -106.747896960689587, 35.062458659911989 ] ] ] } },
{ "type": "Feature", "properties": { "NAME": "RUDOLFO ANAYA", "ID": 392 }, "geometry": { "type": "Polygon", "coordinates": [ [ [ -106.717671652538897, 35.037411783771098 ], [ -106.716406887623876, 35.037282050761597 ], [ -106.713854224276673, 35.036814377818203 ], [ -106.712999545514222, 35.036641509768394 ], [ -106.713101525830027, 35.036227947140596 ], [ -106.713680047884765, 35.036333184398821 ], [ -106.713692287021701, 35.034968993237776 ], [ -106.713987921125749, 35.035005276375543 ], [ -106.714700220080118, 35.035137873003848 ], [ -106.714868303292405, 35.034440334247691 ], [ -106.716803743391836, 35.034370066098774 ], [ -106.7275599544529, 35.035474657274605 ], [ -106.727554952899126, 35.029603655862161 ], [ -106.728834156976845, 35.029534001144476 ], [ -106.729744929563395, 35.02954104201909 ], [ -106.730416202505552, 35.029448051194144 ], [ -106.730983233354578, 35.029448239870192 ], [ -106.73113405868159, 35.02946380331084 ], [ -106.732351940705627, 35.029589487930508 ], [ -106.733178131843729, 35.029597655926004 ], [ -106.733441755591556, 35.029597368601664 ], [ -106.734092815275972, 35.02959665535861 ], [ -106.734391391044554, 35.02959632749733 ], [ -106.735000581181964, 35.029595655711802 ], [ -106.735341477898743, 35.029595278057094 ], [ -106.735901923818716, 35.029594656063203 ], [ -106.736210278373974, 35.029594312515414 ], [ -106.736798174729643, 35.029593655721754 ], [ -106.737031587247756, 35.029593394346477 ], [ -106.737688406771483, 35.029592655821915 ], [ -106.737853835235327, 35.029592469547374 ], [ -106.738572850084253, 35.029591655569639 ], [ -106.73888282868019, 35.029591303198963 ], [ -106.739451163840457, 35.029590655564689 ], [ -106.739516445325265, 35.02959058064549 ], [ -106.740320713458644, 35.029589658472297 ], [ -106.745590746647963, 35.02954625093993 ], [ -106.745604777905854, 35.029751075147708 ], [ -106.745308048890053, 35.030366775214716 ], [ -106.745276778258614, 35.030567279752653 ], [ -106.745274439894345, 35.032871622773875 ], [ -106.745275789399741, 35.033035180376658 ], [ -106.746421824727335, 35.033037674733968 ], [ -106.746827390629605, 35.03309354857803 ], [ -106.747258355338062, 35.033199041359794 ], [ -106.747711205449647, 35.033329469993141 ], [ -106.748046460033947, 35.033421051780145 ], [ -106.748277386033422, 35.033455901501277 ], [ -106.74832156515896, 35.03354660587938 ], [ -106.748340748396899, 35.036777162558046 ], [ -106.748299099648648, 35.036778778638471 ], [ -106.748302130025721, 35.037171436151198 ], [ -106.748476075790748, 35.037220025938957 ], [ -106.752322130745753, 35.037186022028727 ], [ -106.754636599627474, 35.037165966879265 ], [ -106.754644960548006, 35.039101655746457 ], [ -106.754649432173736, 35.040324104999783 ], [ -106.753063818805231, 35.040600145493315 ], [ -106.751889424737158, 35.040798399248089 ], [ -106.748346820471781, 35.04139638407306 ], [ -106.747523327795875, 35.041520398257546 ], [ -106.745477205351264, 35.041875720873996 ], [ -106.74085412536374, 35.042661681811218 ], [ -106.737175588962316, 35.043279369455156 ], [ -106.735344574370487, 35.043580998965062 ], [ -106.734753683872285, 35.04365566523856 ], [ -106.732856249783509, 35.043945671156543 ], [ -106.732680091546626, 35.043986208349345 ], [ -106.729218955496322, 35.044467658113696 ], [ -106.728926574034702, 35.044472786232838 ], [ -106.728616549123274, 35.044491030928349 ], [ -106.72780671450839, 35.044492412775959 ], [ -106.726990259604122, 35.044392780011023 ], [ -106.726316274307507, 35.0441897605793 ], [ -106.726342946298587, 35.044136723242552 ], [ -106.726465500110294, 35.043921540327496 ], [ -106.726624293083972, 35.043644481380923 ], [ -106.726970827855325, 35.042803817505082 ], [ -106.727128017674559, 35.0424224818534 ], [ -106.727201900098081, 35.042243244921288 ], [ -106.727214129864635, 35.042213576754961 ], [ -106.727324154008471, 35.041793810618231 ], [ -106.727574811208399, 35.040837483732645 ], [ -106.727826826384415, 35.039036251167005 ], [ -106.727896610018988, 35.038537470500629 ], [ -106.727901339842134, 35.038498572922158 ], [ -106.726584341952474, 35.038368352286277 ], [ -106.725978086794939, 35.038306181361428 ], [ -106.724678003361731, 35.038139169007444 ], [ -106.724379680390314, 35.038110134172641 ], [ -106.723711520520141, 35.038035482460103 ], [ -106.720441888857948, 35.037676719885908 ], [ -106.717671652538897, 35.037411783771098 ] ] ] } },
{ "type": "Feature", "properties": { "NAME": "MOUNTAIN VIEW", "ID": 324 }, "geometry": { "type": "Polygon", "coordinates": [ [ [ -106.657089841055821, 35.047502665741234 ], [ -106.657107938849819, 35.044298661593956 ], [ -106.657043824991433, 35.044299223768242 ], [ -106.657011804235495, 35.044299505172027 ], [ -106.655054934620011, 35.044316661446281 ], [ -106.654685268715411, 35.044255691609322 ], [ -106.654243876110385, 35.044262972958407 ], [ -106.654169879220802, 35.044264124545357 ], [ -106.651650794305311, 35.044303813006124 ], [ -106.651560749003934, 35.04430496835095 ], [ -106.651396879458858, 35.044307182807586 ], [ -106.650944202842439, 35.044314264119755 ], [ -106.650298675609363, 35.04432435821947 ], [ -106.649901888072208, 35.044330561618665 ], [ -106.649691759323574, 35.044333806961603 ], [ -106.649451888351976, 35.044337509547702 ], [ -106.648907005010244, 35.04434632012002 ], [ -106.648420929476231, 35.044354177017503 ], [ -106.6479857045546, 35.044361210716552 ], [ -106.647841044956238, 35.044363547564217 ], [ -106.647739497618858, 35.044353566899971 ], [ -106.646430936748374, 35.044213662896809 ], [ -106.646402763560729, 35.044204908021058 ], [ -106.646265271800232, 35.044160953048902 ], [ -106.646213851065042, 35.044144720723025 ], [ -106.645928936297864, 35.044053662250256 ], [ -106.645848290193015, 35.044009554640525 ], [ -106.645777818287343, 35.0439713417883 ], [ -106.645670654348763, 35.04391254292721 ], [ -106.645588634200763, 35.043867569715118 ], [ -106.645475110157832, 35.043805213521921 ], [ -106.645385503126192, 35.04375596403532 ], [ -106.64528373745496, 35.043700440269518 ], [ -106.645188688469688, 35.043647782817786 ], [ -106.643736863862344, 35.042624285932554 ], [ -106.643701935734612, 35.042599662307893 ], [ -106.643688278988392, 35.042562103114506 ], [ -106.643668749103455, 35.04250621285324 ], [ -106.643643745040634, 35.042435181395099 ], [ -106.643616913974142, 35.042359381725028 ], [ -106.643592912909739, 35.042291088340846 ], [ -106.643563688172804, 35.042195426436813 ], [ -106.64343747897145, 35.04185286260396 ], [ -106.643426654521477, 35.041823482154776 ], [ -106.643388531909423, 35.041720007248841 ], [ -106.643376926793451, 35.041688509091045 ], [ -106.643356336299718, 35.041630785032673 ], [ -106.643291774280513, 35.041551601816593 ], [ -106.643247439967041, 35.04149766511032 ], [ -106.643150048475917, 35.041379184483212 ], [ -106.643100935666695, 35.041318662712321 ], [ -106.643033827881595, 35.041220928335854 ], [ -106.642802489473524, 35.040884006662786 ], [ -106.642422862692527, 35.04071529445045 ], [ -106.641750173691804, 35.040505044473115 ], [ -106.639632400870084, 35.040540185706355 ], [ -106.637876228460854, 35.04054581247847 ], [ -106.637876174625234, 35.04031594920238 ], [ -106.637875864920304, 35.038675848681173 ], [ -106.637884566006576, 35.037790935966726 ], [ -106.637957182476526, 35.031016758596273 ], [ -106.637966314950944, 35.030123365136774 ], [ -106.637967602546979, 35.029997400612409 ], [ -106.637977075064484, 35.029070699587855 ], [ -106.637901992801147, 35.026799921222548 ], [ -106.637882556265424, 35.026212070108123 ], [ -106.637864613219861, 35.025669354910725 ], [ -106.637825771032027, 35.024494527608887 ], [ -106.637246931211521, 35.023341837067754 ], [ -106.637526778210756, 35.021008548881156 ], [ -106.6376666978598, 35.019841837083469 ], [ -106.637806613692192, 35.018675124926268 ], [ -106.639129149530362, 35.015001649910509 ], [ -106.640451568540769, 35.011328158136649 ], [ -106.641773869667531, 35.007654651417177 ], [ -106.643096055124317, 35.003981127948045 ], [ -106.644063090459483, 35.00130241169083 ], [ -106.645030063543857, 34.99862368696806 ], [ -106.645996974389504, 34.995944953782001 ], [ -106.646963823004143, 34.993266211233561 ], [ -106.646982632097576, 34.99320820161131 ], [ -106.64699317100667, 34.993175689086215 ], [ -106.649166634396877, 34.986470397762069 ], [ -106.65133821012698, 34.979764724148694 ], [ -106.653508666172129, 34.973058837985384 ], [ -106.655678774649687, 34.966352908042673 ], [ -106.656116529563008, 34.964708102942481 ], [ -106.656554268387382, 34.963063295034267 ], [ -106.656991990034342, 34.961418485223511 ], [ -106.657429694505907, 34.959773673510483 ], [ -106.658002945429928, 34.958234080555208 ], [ -106.658576175178098, 34.956694484652367 ], [ -106.659513514613806, 34.954995126647873 ], [ -106.66047970037998, 34.953014174235371 ], [ -106.661445841156763, 34.95103321290992 ], [ -106.662411935860177, 34.949052243578386 ], [ -106.66336819543605, 34.947072097357655 ], [ -106.673171934583323, 34.94685664642823 ], [ -106.673971934860276, 34.946956646517997 ], [ -106.678698570535161, 34.946858176234578 ], [ -106.678771936574535, 34.946856646223125 ], [ -106.68125294495907, 34.946955886366794 ], [ -106.679471752375079, 34.95022140694914 ], [ -106.679372378176524, 34.952221532878156 ], [ -106.679371958881148, 34.952256187848768 ], [ -106.681371937855843, 34.95585664743669 ], [ -106.681971937238103, 34.958856647731935 ], [ -106.683426277999843, 34.960985067656743 ], [ -106.686071938858476, 34.964856648618003 ], [ -106.688271939547974, 34.967456648713814 ], [ -106.688871940235032, 34.977756649948063 ], [ -106.68737194039808, 34.981756651027069 ], [ -106.685271940544723, 34.98615665174809 ], [ -106.684071940606231, 34.992956652914309 ], [ -106.687271941626818, 34.996556652989284 ], [ -106.686071941935097, 35.00025665393138 ], [ -106.683971942023334, 35.004056654063533 ], [ -106.680171941504597, 35.005956655057162 ], [ -106.673571940030001, 35.012056656603022 ], [ -106.672371939782892, 35.013956656384714 ], [ -106.67158048977187, 35.016656570163022 ], [ -106.6716872976736, 35.017734574877345 ], [ -106.672619726249607, 35.026717579964227 ], [ -106.672680438918547, 35.027254811628758 ], [ -106.67256002133513, 35.030901189071095 ], [ -106.672475441011855, 35.033554659494165 ], [ -106.671081406532707, 35.037854483549147 ], [ -106.670590574054302, 35.038178357701014 ], [ -106.668676198593715, 35.039455033240237 ], [ -106.662061625549129, 35.047535420239925 ], [ -106.662057191679665, 35.047555526108432 ], [ -106.661821792524904, 35.047850018807971 ], [ -106.661657784774818, 35.047851809507115 ], [ -106.658271480343231, 35.047888739192935 ], [ -106.658086955938799, 35.047890643685676 ], [ -106.657825967767437, 35.047893366563393 ], [ -106.657758942847437, 35.047894346369915 ], [ -106.657088014733418, 35.047901656650666 ], [ -106.657089718561693, 35.047531664281124 ], [ -106.657089841055821, 35.047502665741234 ] ] ] } },
{ "type": "Feature", "properties": { "NAME": "ARMIJO", "ID": 215 }, "geometry": { "type": "Polygon", "coordinates": [ [ [ -106.665776986314768, 35.073953973164848 ], [ -106.661475441800008, 35.071754666286722 ], [ -106.659975441594227, 35.070354666501004 ], [ -106.659575441083291, 35.069254666490949 ], [ -106.659175441371858, 35.066154666063916 ], [ -106.659175440988761, 35.063654665666064 ], [ -106.65787544060943, 35.062854665317495 ], [ -106.658115303820296, 35.056803325091117 ], [ -106.660575587595503, 35.049555101049577 ], [ -106.660596844772982, 35.049526146380316 ], [ -106.661042811002545, 35.048918704697833 ], [ -106.661175823960491, 35.048737527763329 ], [ -106.661197754655888, 35.048707655723334 ], [ -106.661216318889799, 35.048682143725792 ], [ -106.661239562259482, 35.048650199282868 ], [ -106.661821792524904, 35.047850018807971 ], [ -106.662057191679665, 35.047555526108432 ], [ -106.665262940980242, 35.048988661983856 ], [ -106.665595667247572, 35.048996868075406 ], [ -106.666750789507887, 35.049540053790686 ], [ -106.667564433664992, 35.050013320629681 ], [ -106.668033089271503, 35.050249485169772 ], [ -106.668426581428761, 35.050429468659701 ], [ -106.668839854759312, 35.050596682831198 ], [ -106.66933557834524, 35.050747691778177 ], [ -106.6695218252854, 35.050815204401566 ], [ -106.669942812227774, 35.051008932443651 ], [ -106.67029473344364, 35.051204881510849 ], [ -106.671638956946907, 35.051957511890663 ], [ -106.672086622090802, 35.052216324091681 ], [ -106.673133502040159, 35.052705641977489 ], [ -106.673693917443046, 35.052948094566339 ], [ -106.674076634691019, 35.053063597913557 ], [ -106.674437943082751, 35.053161662339463 ], [ -106.675260969012442, 35.053272035552475 ], [ -106.675402791891202, 35.053227814032127 ], [ -106.675453404567222, 35.0532232185002 ], [ -106.675779314477936, 35.05328139728578 ], [ -106.676074442883845, 35.053366909118935 ], [ -106.676623537133864, 35.053568638388931 ], [ -106.67714936051496, 35.053502958611276 ], [ -106.67972874073817, 35.053495883718519 ], [ -106.680905945005023, 35.053465662213497 ], [ -106.683121945158149, 35.053288661944251 ], [ -106.683841397533243, 35.053094342275259 ], [ -106.685478657751659, 35.052560722637594 ], [ -106.686316145360053, 35.052313384368418 ], [ -106.688362527949224, 35.051735510269715 ], [ -106.688022179913858, 35.052919565566718 ], [ -106.687883263656076, 35.054196137681537 ], [ -106.68774089220851, 35.054565537462651 ], [ -106.686874516921762, 35.056393023747141 ], [ -106.686537676524395, 35.057139181830166 ], [ -106.686335531825449, 35.057538932394714 ], [ -106.68463535650524, 35.061125964482528 ], [ -106.683986765546948, 35.060984310686784 ], [ -106.683284115960376, 35.061924156242767 ], [ -106.682816968398171, 35.062527514090704 ], [ -106.682578013451788, 35.062846791253691 ], [ -106.681397698695392, 35.064308969247428 ], [ -106.681582409343051, 35.065015699524949 ], [ -106.680705915667815, 35.065124799096544 ], [ -106.678738293501439, 35.065550356181298 ], [ -106.675698203305814, 35.066226903062024 ], [ -106.674541178325455, 35.066489380282007 ], [ -106.674612623580558, 35.066733988907707 ], [ -106.674626833503382, 35.068988695786587 ], [ -106.674645305983049, 35.069656674137576 ], [ -106.674633066718073, 35.070192142412942 ], [ -106.674664537262686, 35.072548572597704 ], [ -106.674222397955177, 35.072538038593962 ], [ -106.66959094436146, 35.072227665373845 ], [ -106.669334384046152, 35.07226690507116 ], [ -106.668877032654066, 35.072447080771028 ], [ -106.668535205741719, 35.072540313790213 ], [ -106.665838251053614, 35.073923496785774 ], [ -106.665813387469427, 35.073936247469305 ], [ -106.665776986314768, 35.073953973164848 ] ] ] } },
{ "type": "Feature", "properties": { "NAME": "EDWARD GONZALES", "ID": 262 }, "geometry": { "type": "Polygon", "coordinates": [ [ [ -106.710265624811825, 35.066116874128149 ], [ -106.708793219030312, 35.062501206928225 ], [ -106.708057445042357, 35.060694297466171 ], [ -106.707906196374935, 35.060322835379708 ], [ -106.708944104359574, 35.0601030045935 ], [ -106.71512695298037, 35.058813660742445 ], [ -106.722416284289892, 35.058117752973111 ], [ -106.722443725055982, 35.058115132849089 ], [ -106.725955955662869, 35.057779660535964 ], [ -106.73735295779835, 35.056809659672389 ], [ -106.738320958469046, 35.056478659847954 ], [ -106.738845957913611, 35.056150659778687 ], [ -106.740743674860994, 35.055627912143819 ], [ -106.741347659145163, 35.057602468500427 ], [ -106.741483125971826, 35.059525175611633 ], [ -106.741776644474783, 35.063690824505819 ], [ -106.741778751203228, 35.063720720762511 ], [ -106.74326899468376, 35.063392760881321 ], [ -106.743279779661975, 35.058455975134422 ], [ -106.745070984527445, 35.058443190964432 ], [ -106.745205129744761, 35.058443352862092 ], [ -106.745261475747725, 35.062929450623216 ], [ -106.747299960644909, 35.062427659636946 ], [ -106.747896960689587, 35.062458659911989 ], [ -106.748380961114748, 35.062588660280511 ], [ -106.74876196098846, 35.06276666004586 ], [ -106.749134961309963, 35.063129659685842 ], [ -106.749689960766574, 35.064142659876424 ], [ -106.749734671835952, 35.070937741249978 ], [ -106.749734863442342, 35.070966834805837 ], [ -106.749733367823552, 35.071012517512528 ], [ -106.748312569542321, 35.071336797397606 ], [ -106.74826019973321, 35.071348749449598 ], [ -106.748134441889377, 35.071377387695513 ], [ -106.747956586542898, 35.071417889173453 ], [ -106.747573392686107, 35.071505149295454 ], [ -106.745503835566268, 35.071976058493867 ], [ -106.745391066881027, 35.072002320496878 ], [ -106.737387892735995, 35.07382427688399 ], [ -106.737271133208381, 35.0738507520173 ], [ -106.736318925094579, 35.074067469757665 ], [ -106.735787346900722, 35.074188520524793 ], [ -106.734169067900922, 35.074557017342109 ], [ -106.723399635855628, 35.077006825145041 ], [ -106.722868725177051, 35.077134108008735 ], [ -106.719016031032851, 35.078026466230064 ], [ -106.718803745096565, 35.078075804062969 ], [ -106.710537038176653, 35.079996759162256 ], [ -106.710447753871733, 35.07943946453679 ], [ -106.710519561212919, 35.078832623758224 ], [ -106.710571207026817, 35.078401791353798 ], [ -106.711039258070983, 35.077884294866273 ], [ -106.711337382461892, 35.077556423511993 ], [ -106.711355515445007, 35.077543598082713 ], [ -106.712375246950884, 35.07687405343146 ], [ -106.712908043051996, 35.07642308331139 ], [ -106.713154287591479, 35.076098036809761 ], [ -106.713438453068534, 35.075442539218784 ], [ -106.713546420334325, 35.074762368340615 ], [ -106.71353268822341, 35.074690185631283 ], [ -106.713398453446857, 35.073984538500298 ], [ -106.713141457918553, 35.073317850204255 ], [ -106.713118320195946, 35.073257826983244 ], [ -106.711829452934097, 35.069888538816897 ], [ -106.711794739977776, 35.069804440992471 ], [ -106.711496070639086, 35.069080868743931 ], [ -106.711213050712587, 35.068398232451955 ], [ -106.711091037497695, 35.068104437559363 ], [ -106.710265624811825, 35.066116874128149 ] ] ] } },
{ "type": "Feature", "properties": { "NAME": "HELEN CORDERO", "ID": 395 }, "geometry": { "type": "Polygon", "coordinates": [ [ [ -106.710265624811825, 35.066116874128149 ], [ -106.708793219030312, 35.062501206928225 ], [ -106.708057445042357, 35.060694297466171 ], [ -106.707906196374935, 35.060322835379708 ], [ -106.708944104359574, 35.0601030045935 ], [ -106.71512695298037, 35.058813660742445 ], [ -106.722416284289892, 35.058117752973111 ], [ -106.722443725055982, 35.058115132849089 ], [ -106.725955955662869, 35.057779660535964 ], [ -106.73735295779835, 35.056809659672389 ], [ -106.738320958469046, 35.056478659847954 ], [ -106.738845957913611, 35.056150659778687 ], [ -106.740743674860994, 35.055627912143819 ], [ -106.741347659145163, 35.057602468500427 ], [ -106.741483125971826, 35.059525175611633 ], [ -106.741776644474783, 35.063690824505819 ], [ -106.741778751203228, 35.063720720762511 ], [ -106.74326899468376, 35.063392760881321 ], [ -106.743279779661975, 35.058455975134422 ], [ -106.745070984527445, 35.058443190964432 ], [ -106.745205129744761, 35.058443352862092 ], [ -106.745261475747725, 35.062929450623216 ], [ -106.747299960644909, 35.062427659636946 ], [ -106.747896960689587, 35.062458659911989 ], [ -106.748380961114748, 35.062588660280511 ], [ -106.74876196098846, 35.06276666004586 ], [ -106.749134961309963, 35.063129659685842 ], [ -106.749689960766574, 35.064142659876424 ], [ -106.749734671835952, 35.070937741249978 ], [ -106.749734863442342, 35.070966834805837 ], [ -106.749733367823552, 35.071012517512528 ], [ -106.748312569542321, 35.071336797397606 ], [ -106.74826019973321, 35.071348749449598 ], [ -106.748134441889377, 35.071377387695513 ], [ -106.747956586542898, 35.071417889173453 ], [ -106.747573392686107, 35.071505149295454 ], [ -106.745503835566268, 35.071976058493867 ], [ -106.745391066881027, 35.072002320496878 ], [ -106.737387892735995, 35.07382427688399 ], [ -106.737271133208381, 35.0738507520173 ], [ -106.736318925094579, 35.074067469757665 ], [ -106.735787346900722, 35.074188520524793 ], [ -106.734169067900922, 35.074557017342109 ], [ -106.723399635855628, 35.077006825145041 ], [ -106.722868725177051, 35.077134108008735 ], [ -106.719016031032851, 35.078026466230064 ], [ -106.718803745096565, 35.078075804062969 ], [ -106.710537038176653, 35.079996759162256 ], [ -106.710447753871733, 35.07943946453679 ], [ -106.710519561212919, 35.078832623758224 ], [ -106.710571207026817, 35.078401791353798 ], [ -106.711039258070983, 35.077884294866273 ], [ -106.711337382461892, 35.077556423511993 ], [ -106.711355515445007, 35.077543598082713 ], [ -106.712375246950884, 35.07687405343146 ], [ -106.712908043051996, 35.07642308331139 ], [ -106.713154287591479, 35.076098036809761 ], [ -106.713438453068534, 35.075442539218784 ], [ -106.713546420334325, 35.074762368340615 ], [ -106.71353268822341, 35.074690185631283 ], [ -106.713398453446857, 35.073984538500298 ], [ -106.713141457918553, 35.073317850204255 ], [ -106.713118320195946, 35.073257826983244 ], [ -106.711829452934097, 35.069888538816897 ], [ -106.711794739977776, 35.069804440992471 ], [ -106.711496070639086, 35.069080868743931 ], [ -106.711213050712587, 35.068398232451955 ], [ -106.711091037497695, 35.068104437559363 ], [ -106.710265624811825, 35.066116874128149 ] ] ] } },
{ "type": "Feature", "properties": { "NAME": "NAVAJO", "ID": 327 }, "geometry": { "type": "Polygon", "coordinates": [ [ [ -106.702292778876966, 35.045315811233117 ], [ -106.699471602373578, 35.044977149314811 ], [ -106.69826244837752, 35.044239660033305 ], [ -106.698258331796907, 35.044148240388118 ], [ -106.698253304187091, 35.044004416961023 ], [ -106.698249263594221, 35.043768577189169 ], [ -106.698227704618745, 35.042510199133282 ], [ -106.698404948147342, 35.042453659233814 ], [ -106.699374103824482, 35.042567166694553 ], [ -106.699397948319046, 35.042440659725642 ], [ -106.699842947839912, 35.042090659384293 ], [ -106.700274948604843, 35.042133659278228 ], [ -106.700849948132799, 35.041665659574598 ], [ -106.700862500752052, 35.041282632108746 ], [ -106.700865340389839, 35.039298140732853 ], [ -106.700875404027585, 35.038924773380437 ], [ -106.700882177074035, 35.038413301278688 ], [ -106.700880700687335, 35.038062334727485 ], [ -106.700912233513151, 35.036297982792377 ], [ -106.700865181103836, 35.036224858220393 ], [ -106.700850256490156, 35.036206862864752 ], [ -106.700744766167674, 35.036142367775362 ], [ -106.70073395631735, 35.035896481855765 ], [ -106.700728603453911, 35.035774731779192 ], [ -106.701399176415649, 35.035739946976264 ], [ -106.701349495877565, 35.034998300542135 ], [ -106.702063740852054, 35.034962300336787 ], [ -106.702066260037341, 35.034499688367198 ], [ -106.703131631076133, 35.034737435407322 ], [ -106.703536933141763, 35.034727585408731 ], [ -106.703597577694879, 35.033136804650454 ], [ -106.703599182069084, 35.033094730260821 ], [ -106.704401139859939, 35.033091228596362 ], [ -106.704699948684564, 35.032732657306028 ], [ -106.704672949014792, 35.030657657819781 ], [ -106.704748948281747, 35.030495657526075 ], [ -106.704700948810711, 35.028794656967186 ], [ -106.704576948553935, 35.028296656660622 ], [ -106.704630948461983, 35.027017656913316 ], [ -106.704544238629254, 35.016537686522469 ], [ -106.704541947450423, 35.016260655237517 ], [ -106.704279947439986, 35.016189655361003 ], [ -106.703042946833861, 35.016193655241693 ], [ -106.702787582228638, 35.01609010263163 ], [ -106.702744366812851, 35.011886506860073 ], [ -106.702739946450663, 35.011439654954117 ], [ -106.703173946850853, 35.010009654593446 ], [ -106.706825947388936, 35.00516265332395 ], [ -106.707252188498089, 35.004466691979445 ], [ -106.711604110186684, 35.00450608005859 ], [ -106.712463617410052, 35.004604324103795 ], [ -106.712558436605121, 35.004571654393096 ], [ -106.712635333137527, 35.004546410657333 ], [ -106.713359985128051, 35.004616392046593 ], [ -106.713376025396428, 35.004551443516952 ], [ -106.713543809829602, 35.004579072792211 ], [ -106.713891006351801, 35.004635656433592 ], [ -106.714324268738267, 35.004545848574132 ], [ -106.717065982569437, 35.004509376204368 ], [ -106.717394260602205, 35.004571403439449 ], [ -106.744998815281491, 35.004558672648322 ], [ -106.745055955505634, 35.00455863975089 ], [ -106.745109125182296, 35.015186654281763 ], [ -106.745072746158726, 35.015186707122155 ], [ -106.739060161855789, 35.01519536379972 ], [ -106.73854079382987, 35.015195849053448 ], [ -106.736357760349293, 35.015197865464629 ], [ -106.732188015099396, 35.01520405303647 ], [ -106.731239507816284, 35.015205440432815 ], [ -106.730475518918226, 35.015206552549948 ], [ -106.730220899667032, 35.015469572465356 ], [ -106.730220954432525, 35.016010704566199 ], [ -106.730220983173268, 35.016285529993759 ], [ -106.730221122632244, 35.01765365413894 ], [ -106.730292859006923, 35.017655151560859 ], [ -106.730990954011929, 35.020734654344473 ], [ -106.731603226365692, 35.0218280621717 ], [ -106.731683181852674, 35.021966341553082 ], [ -106.731477710668983, 35.022455089873723 ], [ -106.731425603781005, 35.022615811358357 ], [ -106.731356744021284, 35.022836992539247 ], [ -106.731309455996296, 35.022993761785159 ], [ -106.731272953372724, 35.023103654719968 ], [ -106.731259218474349, 35.023203379943205 ], [ -106.731253310130356, 35.023246274075412 ], [ -106.731192957556317, 35.023648314543124 ], [ -106.731188641680177, 35.023806648638896 ], [ -106.73116599104317, 35.024603485958643 ], [ -106.731164362927785, 35.02466077293105 ], [ -106.731170425979457, 35.025694963130753 ], [ -106.731184745575987, 35.028256795471727 ], [ -106.731154814036501, 35.028549633082058 ], [ -106.731135507613487, 35.028738561591695 ], [ -106.731071698907272, 35.029089402600952 ], [ -106.731043679081296, 35.029203042457524 ], [ -106.730983233354578, 35.029448239870192 ], [ -106.730416202505552, 35.029448051194144 ], [ -106.729744929563395, 35.02954104201909 ], [ -106.728834156976845, 35.029534001144476 ], [ -106.727554952899126, 35.029603655862161 ], [ -106.7275599544529, 35.035474657274605 ], [ -106.716803743391836, 35.034370066098774 ], [ -106.714868303292405, 35.034440334247691 ], [ -106.714700220080118, 35.035137873003848 ], [ -106.713987921125749, 35.035005276375543 ], [ -106.713692287021701, 35.034968993237776 ], [ -106.713680047884765, 35.036333184398821 ], [ -106.713101525830027, 35.036227947140596 ], [ -106.712999545514222, 35.036641509768394 ], [ -106.712953061696979, 35.036810084023799 ], [ -106.713672768185688, 35.036954852349965 ], [ -106.713527549486756, 35.037619964777797 ], [ -106.713207401002208, 35.03914922344088 ], [ -106.713037242267802, 35.039962871518341 ], [ -106.715949843412076, 35.040563443299661 ], [ -106.716091701839673, 35.039897300075992 ], [ -106.716173916521541, 35.03991836680283 ], [ -106.719205952032326, 35.040580657843627 ], [ -106.71767559697922, 35.043927892849673 ], [ -106.715055197862412, 35.043930591326117 ], [ -106.711926277467768, 35.043876670276127 ], [ -106.711980011782543, 35.04377532940223 ], [ -106.710267065225565, 35.04356208151944 ], [ -106.710270383768432, 35.043540303244292 ], [ -106.710286174194394, 35.043494939703749 ], [ -106.710481941509627, 35.04293253215905 ], [ -106.710668424007366, 35.042385861997261 ], [ -106.710751613072674, 35.042125588323671 ], [ -106.710878477775211, 35.041704350303725 ], [ -106.710832997432874, 35.041701539228214 ], [ -106.709542842226796, 35.041621793794782 ], [ -106.706428174193803, 35.041428948544244 ], [ -106.70630184425201, 35.043793973108485 ], [ -106.706278107214501, 35.044232279743106 ], [ -106.70579024424579, 35.044187749717274 ], [ -106.705611722025481, 35.04417877374236 ], [ -106.705102030973293, 35.043925020723663 ], [ -106.704867799751838, 35.043872028902676 ], [ -106.70485711440584, 35.043957185477026 ], [ -106.70480090836881, 35.044121848159428 ], [ -106.704493514313512, 35.045022395789623 ], [ -106.704271540563653, 35.045010986219424 ], [ -106.704221960842133, 35.045357014135703 ], [ -106.703792457952048, 35.045494208642609 ], [ -106.702292778876966, 35.045315811233117 ] ], [ [ -106.718528617876572, 35.015421915092247 ], [ -106.718508415524525, 35.014494458970944 ], [ -106.718498665524365, 35.014347237506307 ], [ -106.718478027822684, 35.014269645462242 ], [ -106.718473773167105, 35.013940309402244 ], [ -106.717061221803149, 35.01394411894865 ], [ -106.717051696157796, 35.012506778901766 ], [ -106.716086645406193, 35.012537884879173 ], [ -106.715882037754241, 35.014252610127706 ], [ -106.715789930449773, 35.015092669439525 ], [ -106.715638496942688, 35.016130894516806 ], [ -106.718762281381586, 35.01610458894401 ], [ -106.718662128842823, 35.015924743016384 ], [ -106.718652416806464, 35.015888166778218 ], [ -106.718528617876572, 35.015421915092247 ] ] ] } },
{ "type": "Feature", "properties": { "NAME": "BARCELONA", "ID": 225 }, "geometry": { "type": "Polygon", "coordinates": [ [ [ -106.698227704618745, 35.042510199133282 ], [ -106.698127194948128, 35.042321766340784 ], [ -106.697600116741924, 35.041687901843801 ], [ -106.697513580995945, 35.0415838331012 ], [ -106.697435447366885, 35.041483660061701 ], [ -106.696934447407912, 35.04119065942519 ], [ -106.696777514955116, 35.040954264759364 ], [ -106.696742947664859, 35.040902659153979 ], [ -106.696435957347077, 35.040709788059246 ], [ -106.694160176022763, 35.04083044756716 ], [ -106.694162951920873, 35.040957753073982 ], [ -106.691864405759461, 35.041047711350195 ], [ -106.691553840712857, 35.041008187081005 ], [ -106.691554931582772, 35.040831404401743 ], [ -106.691556911951537, 35.040510492391547 ], [ -106.691200145320536, 35.040489726112703 ], [ -106.69108945563795, 35.040056407988949 ], [ -106.69067218636367, 35.040104481814872 ], [ -106.690348642463306, 35.038950127907597 ], [ -106.689911652688821, 35.038915782684775 ], [ -106.690021558674275, 35.039281453961067 ], [ -106.687837067874739, 35.03991537259833 ], [ -106.687396726604419, 35.039998879040205 ], [ -106.687207139271351, 35.040598457262561 ], [ -106.68708700406053, 35.040562408058939 ], [ -106.686915803603526, 35.040511034835447 ], [ -106.686886892679013, 35.040450527558519 ], [ -106.686721029530517, 35.040103396868808 ], [ -106.685917434750905, 35.040303415813256 ], [ -106.686016816766852, 35.040549825847783 ], [ -106.686030192798, 35.040581103471162 ], [ -106.685640578993386, 35.040557861606267 ], [ -106.685598458147041, 35.040451528013719 ], [ -106.68549953781779, 35.04020180581346 ], [ -106.685244022449865, 35.04026833173041 ], [ -106.685176205848251, 35.040053429207383 ], [ -106.684827312032354, 35.040113058520447 ], [ -106.68418300189586, 35.040116025701707 ], [ -106.684190671683041, 35.039936718813919 ], [ -106.684007477270782, 35.039972278718885 ], [ -106.683920968032396, 35.039949443169618 ], [ -106.683902886108456, 35.040335447627776 ], [ -106.681595976576006, 35.039767397048642 ], [ -106.680283762720279, 35.039745675483353 ], [ -106.680276289365224, 35.040003591400158 ], [ -106.680027169155807, 35.039993763437913 ], [ -106.680007020390292, 35.040276012264528 ], [ -106.679998530763584, 35.040394939388271 ], [ -106.679495412824664, 35.040384929373552 ], [ -106.679496153196496, 35.038351236622475 ], [ -106.678754899305716, 35.038603437110304 ], [ -106.678595232026836, 35.038650735561795 ], [ -106.677612230327796, 35.038941928012044 ], [ -106.676911554492463, 35.039149481815791 ], [ -106.676374077633454, 35.039300436114935 ], [ -106.676348446732391, 35.039307680160618 ], [ -106.676287541995279, 35.039324524273866 ], [ -106.676132409599475, 35.039357898546477 ], [ -106.675851402802849, 35.03941835168991 ], [ -106.675654184000265, 35.03942474724262 ], [ -106.67531189891551, 35.039435846448221 ], [ -106.674783671334211, 35.039255176588533 ], [ -106.674727841146236, 35.039209133474287 ], [ -106.674480860749952, 35.039007834666904 ], [ -106.67440184326253, 35.038943432260872 ], [ -106.674086903234311, 35.038820263634264 ], [ -106.674036473062941, 35.038801625522964 ], [ -106.673817578486165, 35.038763130837644 ], [ -106.6736100862515, 35.038726962280279 ], [ -106.67353496001104, 35.038657756263568 ], [ -106.673169519039647, 35.03861435948577 ], [ -106.673038689306523, 35.038575422810979 ], [ -106.671081406532707, 35.037854483549147 ], [ -106.672475441011855, 35.033554659494165 ], [ -106.67256002133513, 35.030901189071095 ], [ -106.672680438918547, 35.027254811628758 ], [ -106.67447194126963, 35.027266658071781 ], [ -106.68037194285192, 35.026836658495618 ], [ -106.689792594134261, 35.026880576686729 ], [ -106.698530202908714, 35.026848596696396 ], [ -106.702189661762375, 35.026818247049803 ], [ -106.703361130435852, 35.026864632981791 ], [ -106.704282271674529, 35.026953957487152 ], [ -106.704630948461983, 35.027017656913316 ], [ -106.704576948553935, 35.028296656660622 ], [ -106.704700948810711, 35.028794656967186 ], [ -106.704748948281747, 35.030495657526075 ], [ -106.704672949014792, 35.030657657819781 ], [ -106.704699948684564, 35.032732657306028 ], [ -106.704401139859939, 35.033091228596362 ], [ -106.703599182069084, 35.033094730260821 ], [ -106.703597577694879, 35.033136804650454 ], [ -106.703536933141763, 35.034727585408731 ], [ -106.703131631076133, 35.034737435407322 ], [ -106.702066260037341, 35.034499688367198 ], [ -106.702063740852054, 35.034962300336787 ], [ -106.701349495877565, 35.034998300542135 ], [ -106.701399176415649, 35.035739946976264 ], [ -106.700728603453911, 35.035774731779192 ], [ -106.70073395631735, 35.035896481855765 ], [ -106.700744766167674, 35.036142367775362 ], [ -106.700850256490156, 35.036206862864752 ], [ -106.700865181103836, 35.036224858220393 ], [ -106.700912233513151, 35.036297982792377 ], [ -106.700880700687335, 35.038062334727485 ], [ -106.700882177074035, 35.038413301278688 ], [ -106.700875404027585, 35.038924773380437 ], [ -106.700865340389839, 35.039298140732853 ], [ -106.700862500752052, 35.041282632108746 ], [ -106.700849948132799, 35.041665659574598 ], [ -106.700274948604843, 35.042133659278228 ], [ -106.699842947839912, 35.042090659384293 ], [ -106.699397948319046, 35.042440659725642 ], [ -106.699374103824482, 35.042567166694553 ], [ -106.698404948147342, 35.042453659233814 ], [ -106.698227704618745, 35.042510199133282 ] ] ] } },
{ "type": "Feature", "properties": { "NAME": "PAINTED SKY", "ID": 275 }, "geometry": { "type": "Polygon", "coordinates": [ [ [ -106.920954581826038, 35.037940915931713 ], [ -106.908113322301958, 35.040892448002737 ], [ -106.862715669247734, 35.051170991794336 ], [ -106.838622195724241, 35.054899437753292 ], [ -106.796637458221781, 35.061317374097555 ], [ -106.795550535953538, 35.061618659862127 ], [ -106.792074385769638, 35.063103633017256 ], [ -106.789354572974517, 35.064401102253939 ], [ -106.784405486951584, 35.066922205593549 ], [ -106.778855657970965, 35.069702728101795 ], [ -106.772731871914132, 35.072738128812595 ], [ -106.768642816295994, 35.074640966599794 ], [ -106.761201146816447, 35.078450547081935 ], [ -106.755358494121054, 35.081384845126159 ], [ -106.746599548541852, 35.086048841936829 ], [ -106.749127626022045, 35.093195923901028 ], [ -106.748543552578539, 35.093283451440975 ], [ -106.747393953534171, 35.093791684703227 ], [ -106.746482572041856, 35.094285936620899 ], [ -106.746090099785874, 35.094464663164452 ], [ -106.745406184622581, 35.094620104348735 ], [ -106.744595841287719, 35.09469576096857 ], [ -106.742448344892665, 35.094685420888624 ], [ -106.741667489796029, 35.094767296998391 ], [ -106.740621734188878, 35.095144362104769 ], [ -106.740060966120438, 35.095456750628664 ], [ -106.737137086378453, 35.098423784814244 ], [ -106.732980438757608, 35.102638826278699 ], [ -106.732553701055338, 35.103139743554607 ], [ -106.732273787382056, 35.103439661041683 ], [ -106.731807596916383, 35.103764005634119 ], [ -106.731533937700746, 35.103915878883534 ], [ -106.731056851936771, 35.104089842038825 ], [ -106.730552528056663, 35.104156611101942 ], [ -106.729956019834432, 35.10416810571212 ], [ -106.729915166820518, 35.101177374061365 ], [ -106.729911546786525, 35.100878049992509 ], [ -106.729888558850035, 35.09981891433187 ], [ -106.729887827982964, 35.098700844748436 ], [ -106.729907751268826, 35.097549184569296 ], [ -106.729942540962043, 35.095538123337519 ], [ -106.729981958840412, 35.093870665557034 ], [ -106.729902178658222, 35.0926865944746 ], [ -106.729842959333155, 35.091807665257392 ], [ -106.729817264669194, 35.091650403638262 ], [ -106.729638791230002, 35.090627694255474 ], [ -106.729612418456981, 35.090472115543484 ], [ -106.729533631359132, 35.090050427978326 ], [ -106.729366381304956, 35.089555136954473 ], [ -106.729284958382166, 35.089251664870055 ], [ -106.728404851356416, 35.087769215705286 ], [ -106.727577380979511, 35.086556939647132 ], [ -106.726107360905289, 35.084473497176447 ], [ -106.724756204472556, 35.082534538314569 ], [ -106.724530600397017, 35.081837343123652 ], [ -106.724370176227836, 35.081385269261816 ], [ -106.724043508482865, 35.080522320916707 ], [ -106.723904739104867, 35.080168355857452 ], [ -106.723705958209393, 35.079532015535733 ], [ -106.723264196776711, 35.078316944860909 ], [ -106.722868725177051, 35.077134108008735 ], [ -106.723399635855628, 35.077006825145041 ], [ -106.734169067900922, 35.074557017342109 ], [ -106.735787346900722, 35.074188520524793 ], [ -106.736318925094579, 35.074067469757665 ], [ -106.737271133208381, 35.0738507520173 ], [ -106.737387892735995, 35.07382427688399 ], [ -106.745391066881027, 35.072002320496878 ], [ -106.745503835566268, 35.071976058493867 ], [ -106.747573392686107, 35.071505149295454 ], [ -106.747956586542898, 35.071417889173453 ], [ -106.748134441889377, 35.071377387695513 ], [ -106.74826019973321, 35.071348749449598 ], [ -106.748312569542321, 35.071336797397606 ], [ -106.749733367823552, 35.071012517512528 ], [ -106.751297578179418, 35.070642965041841 ], [ -106.753256777037478, 35.070237308797672 ], [ -106.754723626056233, 35.069891469161441 ], [ -106.755435658706844, 35.069723582620362 ], [ -106.756803828099819, 35.069400974534112 ], [ -106.760443793296602, 35.068540158120115 ], [ -106.76184948518997, 35.068239056674933 ], [ -106.76383591124835, 35.067813530014782 ], [ -106.764397091758653, 35.067652091172661 ], [ -106.764440567865137, 35.067639583944171 ], [ -106.76260888806145, 35.062118742707227 ], [ -106.761763004495776, 35.058521531171181 ], [ -106.762627929973391, 35.05852256037921 ], [ -106.762829425423448, 35.04766694344373 ], [ -106.762192633161732, 35.045968095931833 ], [ -106.76223088984564, 35.043902431285026 ], [ -106.762898565348266, 35.04390004329403 ], [ -106.762900922080505, 35.043723633946769 ], [ -106.762931276750479, 35.041888973539834 ], [ -106.779123324713638, 35.042964678382347 ], [ -106.779863130562077, 35.042838430135014 ], [ -106.780105949672745, 35.042799165834374 ], [ -106.780446352310932, 35.042873424564831 ], [ -106.780502002878023, 35.042885723179879 ], [ -106.780665919632526, 35.042921948843343 ], [ -106.781157931997527, 35.043030682848162 ], [ -106.781607613236403, 35.04312826635244 ], [ -106.782744233469728, 35.043380953347366 ], [ -106.784507028509978, 35.043602321815747 ], [ -106.784854175709313, 35.043806844462743 ], [ -106.785162682836003, 35.043797324100659 ], [ -106.786344180051074, 35.043471369654824 ], [ -106.787544184469482, 35.043300566482223 ], [ -106.872108748887698, 35.037981575351381 ], [ -106.91945156314371, 35.037942459892406 ], [ -106.920954581826038, 35.037940915931713 ] ] ] } },
{ "type": "Feature", "properties": { "NAME": "GEORGE I SANCHEZ CCS", "ID": 496 }, "geometry": { "type": "MultiPolygon", "coordinates": [ [ [ [ -106.716086645406193, 35.012537884879173 ], [ -106.717051696157796, 35.012506778901766 ], [ -106.717061221803149, 35.01394411894865 ], [ -106.718473773167105, 35.013940309402244 ], [ -106.718478027822684, 35.014269645462242 ], [ -106.718498665524365, 35.014347237506307 ], [ -106.718508415524525, 35.014494458970944 ], [ -106.718528617876572, 35.015421915092247 ], [ -106.718652416806464, 35.015888166778218 ], [ -106.718662128842823, 35.015924743016384 ], [ -106.718762281381586, 35.01610458894401 ], [ -106.715638496942688, 35.016130894516806 ], [ -106.715789930449773, 35.015092669439525 ], [ -106.715882037754241, 35.014252610127706 ], [ -106.716086645406193, 35.012537884879173 ] ] ], [ [ [ -106.757033395110227, 35.057661974387607 ], [ -106.75704247391991, 35.05617592784872 ], [ -106.757174003485545, 35.056175823332588 ], [ -106.757206602373898, 35.050757959481906 ], [ -106.755275703127793, 35.05076461963241 ], [ -106.75522174021917, 35.048064877667983 ], [ -106.755008829481525, 35.047517106380958 ], [ -106.754294487177191, 35.046550051140741 ], [ -106.754797145910487, 35.046373677974927 ], [ -106.755150389402118, 35.046042413154886 ], [ -106.755233280993536, 35.045624633081047 ], [ -106.755153338031803, 35.04533287292243 ], [ -106.754714053657395, 35.044942310392621 ], [ -106.754712621233793, 35.044685897456993 ], [ -106.7526835893933, 35.044671644174116 ], [ -106.753453325421944, 35.043931059473309 ], [ -106.752257688473847, 35.043926297237455 ], [ -106.752267075487566, 35.042507012370841 ], [ -106.752584352189388, 35.042508276691962 ], [ -106.75258604960284, 35.042219872401006 ], [ -106.75267339920191, 35.042220219986568 ], [ -106.752589812157836, 35.041805127750528 ], [ -106.752915505376606, 35.041806424863928 ], [ -106.752953852404687, 35.041212184105603 ], [ -106.753221166726419, 35.041172453750868 ], [ -106.753063818805231, 35.040600145493315 ], [ -106.754649432173736, 35.040324104999783 ], [ -106.754644960548006, 35.039101655746457 ], [ -106.754636599627474, 35.037165966879265 ], [ -106.752322130745753, 35.037186022028727 ], [ -106.748476075790748, 35.037220025938957 ], [ -106.748302130025721, 35.037171436151198 ], [ -106.748299099648648, 35.036778778638471 ], [ -106.748340748396899, 35.036777162558046 ], [ -106.74832156515896, 35.03354660587938 ], [ -106.748277386033422, 35.033455901501277 ], [ -106.748046460033947, 35.033421051780145 ], [ -106.747711205449647, 35.033329469993141 ], [ -106.747258355338062, 35.033199041359794 ], [ -106.746827390629605, 35.03309354857803 ], [ -106.746421824727335, 35.033037674733968 ], [ -106.745275789399741, 35.033035180376658 ], [ -106.745274439894345, 35.032871622773875 ], [ -106.745276778258614, 35.030567279752653 ], [ -106.745308048890053, 35.030366775214716 ], [ -106.745604777905854, 35.029751075147708 ], [ -106.745590746647963, 35.02954625093993 ], [ -106.740320713458644, 35.029589658472297 ], [ -106.739516445325265, 35.02959058064549 ], [ -106.739451163840457, 35.029590655564689 ], [ -106.73888282868019, 35.029591303198963 ], [ -106.738572850084253, 35.029591655569639 ], [ -106.737853835235327, 35.029592469547374 ], [ -106.737688406771483, 35.029592655821915 ], [ -106.737031587247756, 35.029593394346477 ], [ -106.736798174729643, 35.029593655721754 ], [ -106.736210278373974, 35.029594312515414 ], [ -106.735901923818716, 35.029594656063203 ], [ -106.735341477898743, 35.029595278057094 ], [ -106.735000581181964, 35.029595655711802 ], [ -106.734391391044554, 35.02959632749733 ], [ -106.734092815275972, 35.02959665535861 ], [ -106.733441755591556, 35.029597368601664 ], [ -106.733178131843729, 35.029597655926004 ], [ -106.732351940705627, 35.029589487930508 ], [ -106.73113405868159, 35.02946380331084 ], [ -106.730983233354578, 35.029448239870192 ], [ -106.731043679081296, 35.029203042457524 ], [ -106.731071698907272, 35.029089402600952 ], [ -106.731135507613487, 35.028738561591695 ], [ -106.731154814036501, 35.028549633082058 ], [ -106.731184745575987, 35.028256795471727 ], [ -106.731170425979457, 35.025694963130753 ], [ -106.731164362927785, 35.02466077293105 ], [ -106.73116599104317, 35.024603485958643 ], [ -106.731188641680177, 35.023806648638896 ], [ -106.731192957556317, 35.023648314543124 ], [ -106.731253310130356, 35.023246274075412 ], [ -106.731259218474349, 35.023203379943205 ], [ -106.731272953372724, 35.023103654719968 ], [ -106.731309455996296, 35.022993761785159 ], [ -106.731356744021284, 35.022836992539247 ], [ -106.731425603781005, 35.022615811358357 ], [ -106.731477710668983, 35.022455089873723 ], [ -106.731683181852674, 35.021966341553082 ], [ -106.731603226365692, 35.0218280621717 ], [ -106.730990954011929, 35.020734654344473 ], [ -106.730292859006923, 35.017655151560859 ], [ -106.730221122632244, 35.01765365413894 ], [ -106.730220983173268, 35.016285529993759 ], [ -106.730220954432525, 35.016010704566199 ], [ -106.730220899667032, 35.015469572465356 ], [ -106.730475518918226, 35.015206552549948 ], [ -106.731239507816284, 35.015205440432815 ], [ -106.732188015099396, 35.01520405303647 ], [ -106.736357760349293, 35.015197865464629 ], [ -106.73854079382987, 35.015195849053448 ], [ -106.739060161855789, 35.01519536379972 ], [ -106.745072746158726, 35.015186707122155 ], [ -106.745109125182296, 35.015186654281763 ], [ -106.745055955505634, 35.00455863975089 ], [ -106.760404694887967, 35.004498999240845 ], [ -106.762545347310123, 35.004469416227629 ], [ -106.765168573693813, 35.004483314508576 ], [ -106.765381121494215, 35.00448343452549 ], [ -106.76547417177494, 35.004483599228308 ], [ -106.765700672318232, 35.004482918433716 ], [ -106.765876385652732, 35.00448238004595 ], [ -106.766328451040124, 35.004480663534764 ], [ -106.766629425681771, 35.004479721897916 ], [ -106.767016511678946, 35.004478508332404 ], [ -106.780173407928714, 35.004440033290088 ], [ -106.797855987636979, 35.004499052857604 ], [ -106.875165001383394, 35.004403233855818 ], [ -106.875204578752829, 35.00440275056598 ], [ -106.87557810216488, 35.004398184876806 ], [ -106.876221330577977, 35.004390320372273 ], [ -106.876285525454549, 35.004389534845309 ], [ -106.886123882196088, 35.004268611103996 ], [ -106.903601984846773, 35.004166671935856 ], [ -106.926489274319763, 35.004029382804788 ], [ -106.927110865833725, 35.00402559612877 ], [ -106.927151596155937, 35.005583385112374 ], [ -106.927153959184949, 35.005673775767093 ], [ -106.927309289513161, 35.011613840104481 ], [ -106.927364298331938, 35.013667489126981 ], [ -106.927370134839819, 35.013861336813719 ], [ -106.927373726475807, 35.014057333459036 ], [ -106.934371099847553, 35.023409177247359 ], [ -106.941305193454809, 35.032675179994705 ], [ -106.941392827722538, 35.032792282478766 ], [ -106.941689734332641, 35.033189013385204 ], [ -106.940671567159782, 35.033465180234558 ], [ -106.940581696290707, 35.033489556635786 ], [ -106.94045653699807, 35.033523504309443 ], [ -106.938587964920757, 35.034030192084458 ], [ -106.938450548317036, 35.034060679894267 ], [ -106.920954581826038, 35.037940915931713 ], [ -106.91945156314371, 35.037942459892406 ], [ -106.872108748887698, 35.037981575351381 ], [ -106.787544184469482, 35.043300566482223 ], [ -106.786344180051074, 35.043471369654824 ], [ -106.785162682836003, 35.043797324100659 ], [ -106.784854175709313, 35.043806844462743 ], [ -106.784507028509978, 35.043602321815747 ], [ -106.782744233469728, 35.043380953347366 ], [ -106.781607613236403, 35.04312826635244 ], [ -106.781157931997527, 35.043030682848162 ], [ -106.780665919632526, 35.042921948843343 ], [ -106.780502002878023, 35.042885723179879 ], [ -106.780446352310932, 35.042873424564831 ], [ -106.780105949672745, 35.042799165834374 ], [ -106.779863130562077, 35.042838430135014 ], [ -106.779123324713638, 35.042964678382347 ], [ -106.762931276750479, 35.041888973539834 ], [ -106.762900922080505, 35.043723633946769 ], [ -106.762898565348266, 35.04390004329403 ], [ -106.76223088984564, 35.043902431285026 ], [ -106.762192633161732, 35.045968095931833 ], [ -106.762829425423448, 35.04766694344373 ], [ -106.762627929973391, 35.05852256037921 ], [ -106.761763004495776, 35.058521531171181 ], [ -106.757160025315983, 35.058499017464548 ], [ -106.756966662231534, 35.058494121339479 ], [ -106.757033395110227, 35.057661974387607 ] ] ] ] } },
{ "type": "Feature", "properties": { "NAME": "TRES VOLCANES COM. COLLABORATIVE", "ID": 497 }, "geometry": { "type": "Polygon", "coordinates": [ [ [ -106.858395731067461, 35.218020734591668 ], [ -106.858590580044464, 35.217922670061171 ], [ -106.858609168968172, 35.217598646246849 ], [ -106.859014312971183, 35.210462704379317 ], [ -106.862322541037045, 35.207019458773026 ], [ -106.862726682122386, 35.206598788679209 ], [ -106.862736191525585, 35.206571651817775 ], [ -106.862810802870527, 35.206056098685188 ], [ -106.862819513258202, 35.205995568941297 ], [ -106.862822034733568, 35.205976103414571 ], [ -106.862912926596408, 35.205255000403064 ], [ -106.863599443247793, 35.199808009506363 ], [ -106.863800160889667, 35.198211085867911 ], [ -106.868006997138977, 35.183271671146791 ], [ -106.868206976904659, 35.176235611444866 ], [ -106.868207151241791, 35.176196862599141 ], [ -106.868210479610696, 35.175973922040477 ], [ -106.868211396620339, 35.175686393717157 ], [ -106.868214302625589, 35.174774663719163 ], [ -106.868509854966902, 35.165112009215271 ], [ -106.868592239276211, 35.162418283356821 ], [ -106.868659865108611, 35.160121663804652 ], [ -106.868631284393018, 35.15609266855656 ], [ -106.868366106011948, 35.156094921010968 ], [ -106.864282874890009, 35.156129530376013 ], [ -106.863493369117052, 35.15613615480067 ], [ -106.863335058776556, 35.156137482762247 ], [ -106.863055895696561, 35.155932900196177 ], [ -106.862597658672087, 35.15291668498309 ], [ -106.862220863193571, 35.150436662265463 ], [ -106.862226691213664, 35.150372939304326 ], [ -106.862695298925033, 35.145926659748028 ], [ -106.862666625871782, 35.145562257398154 ], [ -106.862863333595442, 35.144960998269632 ], [ -106.864089325368539, 35.142738000187464 ], [ -106.864955695960987, 35.138804003889348 ], [ -106.868659973370995, 35.136836753734478 ], [ -106.869077596374495, 35.136766752842753 ], [ -106.869076938990418, 35.13674442043289 ], [ -106.869080518394469, 35.136639744586766 ], [ -106.870636290224013, 35.13575266104823 ], [ -106.870136863625333, 35.134088659682405 ], [ -106.870147265405052, 35.134068735204281 ], [ -106.871725146272695, 35.13104167227737 ], [ -106.870644693511025, 35.126507419746112 ], [ -106.873145595287468, 35.124907861935995 ], [ -106.873110056826178, 35.124910535316218 ], [ -106.871436429045104, 35.125036396797299 ], [ -106.869352003363375, 35.125193119774082 ], [ -106.867346827378981, 35.125343564694248 ], [ -106.851409422652026, 35.12518066646129 ], [ -106.834166165447968, 35.125233480226356 ], [ -106.834060527403111, 35.125233796418485 ], [ -106.833329539978337, 35.125235980801151 ], [ -106.830847342262359, 35.125243364810139 ], [ -106.820131142403127, 35.125274661137908 ], [ -106.820125071259326, 35.125173373260466 ], [ -106.813370669200708, 35.125133616854328 ], [ -106.8106090407598, 35.125117562183831 ], [ -106.79786697049623, 35.125042667034876 ], [ -106.797739852559104, 35.125042006592615 ], [ -106.796466948070758, 35.125034358745246 ], [ -106.796357157122188, 35.125033705268351 ], [ -106.79635140640211, 35.125173641168246 ], [ -106.79635119374889, 35.125197659223169 ], [ -106.780901133520715, 35.125170662246035 ], [ -106.780903789737707, 35.125137675865524 ], [ -106.780900325243408, 35.125104437749421 ], [ -106.780898262394814, 35.124911666213087 ], [ -106.763164663744689, 35.124988353579234 ], [ -106.750330857380291, 35.125042271260625 ], [ -106.745360695060256, 35.125062787041955 ], [ -106.725521504329294, 35.12540155956799 ], [ -106.727029381675223, 35.123827780683115 ], [ -106.727667355287124, 35.122692909357731 ], [ -106.727904434011862, 35.121415024060326 ], [ -106.727854582140608, 35.119644779694191 ], [ -106.727995591641928, 35.117915272233695 ], [ -106.728560704612462, 35.116690293778461 ], [ -106.72875461821252, 35.116472167880033 ], [ -106.728948661103956, 35.11627631047147 ], [ -106.729198918622927, 35.116114937998937 ], [ -106.729393164005018, 35.115953787439359 ], [ -106.729701287278672, 35.115753690631927 ], [ -106.729947931312125, 35.115470354482511 ], [ -106.730314701244069, 35.115171452603498 ], [ -106.73044753734753, 35.115055923339433 ], [ -106.730668794998962, 35.114734281125315 ], [ -106.730887906560184, 35.114344739289386 ], [ -106.73102760757584, 35.114045258335651 ], [ -106.731178355239209, 35.11359786106523 ], [ -106.731194542666358, 35.112589909796327 ], [ -106.715390265423508, 35.112512300074769 ], [ -106.71871435773437, 35.110759602359174 ], [ -106.719333262650537, 35.110378380149321 ], [ -106.719790991836476, 35.109952443911304 ], [ -106.720205427858446, 35.109412304564856 ], [ -106.720704197416623, 35.108711443666685 ], [ -106.721217915945047, 35.108285628037258 ], [ -106.727363598971053, 35.104873086564538 ], [ -106.728006486911056, 35.104533970144885 ], [ -106.728659791721682, 35.104309183046063 ], [ -106.72929992587278, 35.104190142825068 ], [ -106.729956091014259, 35.104173324811022 ], [ -106.729956019834432, 35.10416810571212 ], [ -106.730552528056663, 35.104156611101942 ], [ -106.731056851936771, 35.104089842038825 ], [ -106.731533937700746, 35.103915878883534 ], [ -106.731807596916383, 35.103764005634119 ], [ -106.732273787382056, 35.103439661041683 ], [ -106.732553701055338, 35.103139743554607 ], [ -106.732980438757608, 35.102638826278699 ], [ -106.737137086378453, 35.098423784814244 ], [ -106.740060966120438, 35.095456750628664 ], [ -106.740621734188878, 35.095144362104769 ], [ -106.741667489796029, 35.094767296998391 ], [ -106.742448344892665, 35.094685420888624 ], [ -106.744595841287719, 35.09469576096857 ], [ -106.745406184622581, 35.094620104348735 ], [ -106.746090099785874, 35.094464663164452 ], [ -106.746482572041856, 35.094285936620899 ], [ -106.747393953534171, 35.093791684703227 ], [ -106.748543552578539, 35.093283451440975 ], [ -106.749127626022045, 35.093195923901028 ], [ -106.746599548541852, 35.086048841936829 ], [ -106.755358494121054, 35.081384845126159 ], [ -106.761201146816447, 35.078450547081935 ], [ -106.768642816295994, 35.074640966599794 ], [ -106.772731871914132, 35.072738128812595 ], [ -106.778855657970965, 35.069702728101795 ], [ -106.784405486951584, 35.066922205593549 ], [ -106.789354572974517, 35.064401102253939 ], [ -106.792074385769638, 35.063103633017256 ], [ -106.795550535953538, 35.061618659862127 ], [ -106.796637458221781, 35.061317374097555 ], [ -106.838622195724241, 35.054899437753292 ], [ -106.862715669247734, 35.051170991794336 ], [ -106.908113322301958, 35.040892448002737 ], [ -106.920954581826038, 35.037940915931713 ], [ -106.938450548317036, 35.034060679894267 ], [ -106.938587964920757, 35.034030192084458 ], [ -106.94045653699807, 35.033523504309443 ], [ -106.940581696290707, 35.033489556635786 ], [ -106.940671567159782, 35.033465180234558 ], [ -106.941689734332641, 35.033189013385204 ], [ -106.941392827722538, 35.032792282478766 ], [ -106.941305193454809, 35.032675179994705 ], [ -106.934371099847553, 35.023409177247359 ], [ -106.927373726475807, 35.014057333459036 ], [ -106.927370134839819, 35.013861336813719 ], [ -106.927364298331938, 35.013667489126981 ], [ -106.927309289513161, 35.011613840104481 ], [ -106.927153959184949, 35.005673775767093 ], [ -106.927151596155937, 35.005583385112374 ], [ -106.927110865833725, 35.00402559612877 ], [ -106.926910074848251, 34.996335938421467 ], [ -106.926897363406496, 34.995846135605106 ], [ -106.929656436885509, 34.98816572251625 ], [ -106.931463133839529, 34.98313583306534 ], [ -106.93207502387834, 34.981432942224117 ], [ -106.932496322039626, 34.980258451435049 ], [ -106.932626029935577, 34.979897295503896 ], [ -106.933186559439633, 34.97833511220302 ], [ -106.933992362908683, 34.976085131729626 ], [ -106.936363088470713, 34.964456316285094 ], [ -106.936392648723, 34.964435129954381 ], [ -106.940324713144747, 34.961616914882633 ], [ -106.942883832044117, 34.95978222491447 ], [ -106.944074438011114, 34.958928701793745 ], [ -106.94529529992397, 34.958053479655483 ], [ -106.947613656990725, 34.956391456027461 ], [ -106.963158625902565, 34.956367563145122 ], [ -107.065953872715554, 34.957146476873326 ], [ -107.065983947181635, 34.957146692194797 ], [ -107.066113193483716, 34.957147618578908 ], [ -107.073886596485039, 34.973005201897166 ], [ -107.075567076976455, 34.976432454650137 ], [ -107.076532815962523, 34.978402030891658 ], [ -107.196450942885193, 35.219341652021456 ], [ -107.196451281910313, 35.21946565490331 ], [ -107.196608447171727, 35.276830681053326 ], [ -107.196608512940188, 35.276854658445224 ], [ -107.018412264803814, 35.277029997239779 ], [ -106.990940147394056, 35.277066666177696 ], [ -106.864938562739866, 35.275699244060803 ], [ -106.865234095854802, 35.268676936232637 ], [ -106.865011725439629, 35.268452565795684 ], [ -106.864887981121484, 35.268334354728815 ], [ -106.86512652847037, 35.264545386092649 ], [ -106.863317575001687, 35.257479912119607 ], [ -106.86499400226613, 35.252055841864092 ], [ -106.866128659569696, 35.245664084545865 ], [ -106.859503787852063, 35.237545980768004 ], [ -106.858848329821939, 35.234656514763948 ], [ -106.858800307375915, 35.22753879800149 ], [ -106.857948424373433, 35.225119072101812 ], [ -106.858395731067461, 35.218020734591668 ] ] ] } },
{ "type": "Feature", "properties": { "NAME": "MACARTHUR", "ID": 303 }, "geometry": { "type": "Polygon", "coordinates": [ [ [ -106.642029941000345, 35.110295673081708 ], [ -106.642849936545531, 35.110398582910044 ], [ -106.643040997972534, 35.110408601621934 ], [ -106.644197941483682, 35.110535672550725 ], [ -106.645364294169553, 35.110710183809879 ], [ -106.646559030995036, 35.110928510517354 ], [ -106.647595019409081, 35.111082074904196 ], [ -106.648340748029042, 35.111182672430708 ], [ -106.649430133593526, 35.111374180563232 ], [ -106.649990885922605, 35.111432103164127 ], [ -106.650465943429367, 35.11150067295759 ], [ -106.650190393867121, 35.113095050000766 ], [ -106.650130331929716, 35.11356970811601 ], [ -106.650120434915706, 35.113647922582956 ], [ -106.650068356101329, 35.113767638367023 ], [ -106.649860224275557, 35.113951337317388 ], [ -106.649583942566252, 35.114136673139591 ], [ -106.649028042385439, 35.114850927722529 ], [ -106.648940007745693, 35.115001864058755 ], [ -106.648916625950733, 35.11527152568631 ], [ -106.648896950937797, 35.115611396181485 ], [ -106.648900293028873, 35.115987824901616 ], [ -106.648805444568609, 35.115966409358123 ], [ -106.646850198140882, 35.115729762187371 ], [ -106.646791986335771, 35.116159321073553 ], [ -106.646920692181254, 35.116175413353666 ], [ -106.646864038790611, 35.116484483069222 ], [ -106.647092768964697, 35.116514347213013 ], [ -106.646979940002879, 35.117112838984056 ], [ -106.646864935600533, 35.11709406788313 ], [ -106.646702598428107, 35.117897389978268 ], [ -106.646574391789912, 35.118531608214006 ], [ -106.646780357309524, 35.118560649550901 ], [ -106.64670812650337, 35.118949262517766 ], [ -106.646371884425704, 35.118906863083048 ], [ -106.646273904554405, 35.119407285516267 ], [ -106.646611737279684, 35.119445382802503 ], [ -106.64654403434146, 35.119801483584901 ], [ -106.646617963255324, 35.119819285102757 ], [ -106.646454755187605, 35.120374669590845 ], [ -106.647815372996135, 35.120729951859332 ], [ -106.64875432197843, 35.121000302041921 ], [ -106.650753892486463, 35.1215466197743 ], [ -106.652203531654806, 35.121926503094237 ], [ -106.652990525210043, 35.122153035398135 ], [ -106.652639809251156, 35.123818458453975 ], [ -106.652411537821649, 35.124732109882807 ], [ -106.652292945050164, 35.125340674169962 ], [ -106.652079944716888, 35.126560675143608 ], [ -106.652160944811754, 35.126651674344551 ], [ -106.651890944124617, 35.127100674869325 ], [ -106.651679032382091, 35.127889283687992 ], [ -106.652574944524133, 35.128051675366883 ], [ -106.652609945168109, 35.127937674785329 ], [ -106.653236599456022, 35.128072127414242 ], [ -106.65333659616239, 35.128126949723445 ], [ -106.65339069423834, 35.128264801058044 ], [ -106.654117178844601, 35.128425440985644 ], [ -106.654267518586721, 35.127942092142696 ], [ -106.65539738642515, 35.128174853393162 ], [ -106.655274979180632, 35.12838158594424 ], [ -106.655320945853518, 35.128461674530783 ], [ -106.658226945910059, 35.129222674640914 ], [ -106.65828394565473, 35.129157674931108 ], [ -106.658857946494877, 35.129235674828259 ], [ -106.659452946792896, 35.1301076745495 ], [ -106.659338289372073, 35.130862800624719 ], [ -106.658704947001539, 35.132207674851713 ], [ -106.658562946782922, 35.132720675390424 ], [ -106.658531079398486, 35.132910828401535 ], [ -106.658455946417931, 35.133214675179829 ], [ -106.658449129448528, 35.133399816421651 ], [ -106.658441946471584, 35.133442675544714 ], [ -106.658446706002238, 35.133465621138733 ], [ -106.658436946732053, 35.133730675564493 ], [ -106.658430572702883, 35.133806546517818 ], [ -106.658385425231742, 35.133802957659348 ], [ -106.658371744060304, 35.1343264914765 ], [ -106.65832794634315, 35.134439675864897 ], [ -106.658144946160405, 35.134668675432167 ], [ -106.657005998217713, 35.135718826641224 ], [ -106.656339874601102, 35.136369973980543 ], [ -106.65592494572364, 35.136670676033262 ], [ -106.655608080479496, 35.137192549910523 ], [ -106.655203945751055, 35.137766675881664 ], [ -106.655073094498576, 35.137896002014912 ], [ -106.654588945873414, 35.13827367627762 ], [ -106.653998802882782, 35.138525432023187 ], [ -106.653854681535847, 35.138558187751592 ], [ -106.651786390225695, 35.139441713085894 ], [ -106.6516970713501, 35.139501239563558 ], [ -106.651633344743786, 35.139574384932509 ], [ -106.651469719655907, 35.139551904198008 ], [ -106.650773944880171, 35.139657676935961 ], [ -106.650551598513502, 35.139874568765627 ], [ -106.650492863627179, 35.139985324268459 ], [ -106.649626945408414, 35.140994677301947 ], [ -106.646856955740319, 35.140640225602674 ], [ -106.646679909888718, 35.140604473416865 ], [ -106.645045944316266, 35.140405676883482 ], [ -106.644703911840992, 35.140344703431083 ], [ -106.64443551611528, 35.140267594165266 ], [ -106.644161944199752, 35.140223677041426 ], [ -106.641030942720562, 35.139878677029991 ], [ -106.641270943510861, 35.138628676890605 ], [ -106.640745958650299, 35.138589803893417 ], [ -106.640171100345867, 35.138591656076144 ], [ -106.638906942609054, 35.138486677056264 ], [ -106.638165768536652, 35.138392366040492 ], [ -106.637580899554195, 35.138345257018905 ], [ -106.636691575202718, 35.138227771177299 ], [ -106.636190192028835, 35.138204938999557 ], [ -106.634932941466616, 35.138087677363693 ], [ -106.634126089509635, 35.137957356234907 ], [ -106.632208677786068, 35.137473100345929 ], [ -106.633526205476301, 35.133878859804994 ], [ -106.635501189493112, 35.128489659025874 ], [ -106.640506009721392, 35.114862501151606 ], [ -106.641177941559803, 35.113032673555253 ], [ -106.642029941000345, 35.110295673081708 ] ] ] } },
{ "type": "Feature", "properties": { "NAME": "BELLEHAVEN", "ID": 229 }, "geometry": { "type": "Polygon", "coordinates": [ [ [ -106.532372015583846, 35.083154387377547 ], [ -106.532422515191556, 35.083173179658218 ], [ -106.543514472842588, 35.087270979608313 ], [ -106.550677510647375, 35.089982131323069 ], [ -106.550678972471559, 35.090119251791961 ], [ -106.550687652542223, 35.090933612859423 ], [ -106.550688490534768, 35.091012216840191 ], [ -106.550726634433062, 35.094590877009814 ], [ -106.550736681279162, 35.097327122967478 ], [ -106.550769288833351, 35.09954161107148 ], [ -106.55078013341948, 35.100278019420678 ], [ -106.550794512269036, 35.101254474428828 ], [ -106.550795633856268, 35.101505463599466 ], [ -106.550801764901024, 35.102019201651437 ], [ -106.550847574774536, 35.102837250578609 ], [ -106.55085576070735, 35.103686211657312 ], [ -106.55090373479625, 35.109231203591349 ], [ -106.549689565579911, 35.109239526128412 ], [ -106.548388715732727, 35.109246334419502 ], [ -106.547163929537135, 35.109175873474278 ], [ -106.545923590865016, 35.109179087757028 ], [ -106.545028466505343, 35.109145680055555 ], [ -106.544441810854323, 35.109123734337395 ], [ -106.541988354669613, 35.109093981623388 ], [ -106.540862534348406, 35.109113867858198 ], [ -106.539470229333233, 35.109138481844248 ], [ -106.536988808053593, 35.109034143595117 ], [ -106.536128108822268, 35.109002550225263 ], [ -106.536085973771691, 35.109001748210424 ], [ -106.535266727070947, 35.108986143646774 ], [ -106.533241988339213, 35.108947553701846 ], [ -106.533119089173084, 35.108945416767988 ], [ -106.53310483982122, 35.108643281829451 ], [ -106.533098613315801, 35.108433598374994 ], [ -106.533084552615335, 35.107958822824756 ], [ -106.533003631264435, 35.104327588260347 ], [ -106.532939973563884, 35.101709764660399 ], [ -106.532853037025163, 35.099820962248863 ], [ -106.532714844064145, 35.094522776813356 ], [ -106.532705692304205, 35.09351158266476 ], [ -106.532703639155258, 35.093360644037688 ], [ -106.532700905865383, 35.093159769928761 ], [ -106.532672304271472, 35.092795941292501 ], [ -106.532668177505457, 35.092730585422707 ], [ -106.532666871157971, 35.092709900949679 ], [ -106.532646014752729, 35.092379611834581 ], [ -106.532622867721201, 35.091727399052346 ], [ -106.532615590982687, 35.090246358207438 ], [ -106.532600145779256, 35.08896133437446 ], [ -106.532601908439446, 35.087461342991944 ], [ -106.532565826651464, 35.087252054671154 ], [ -106.532555240283841, 35.086047470322463 ], [ -106.532439787621456, 35.084307488527728 ], [ -106.532372015583846, 35.083154387377547 ] ] ] } },
{ "type": "Feature", "properties": { "NAME": "APACHE", "ID": 214 }, "geometry": { "type": "Polygon", "coordinates": [ [ [ -106.479787901343329, 35.057389674065234 ], [ -106.479855462096438, 35.043187035601441 ], [ -106.479857558828158, 35.042746331597698 ], [ -106.479857728231039, 35.042712499298943 ], [ -106.479846653056043, 35.042690158541198 ], [ -106.494420902906171, 35.042781670251408 ], [ -106.508711912664424, 35.042779484847912 ], [ -106.508712169998162, 35.042882671302991 ], [ -106.508712952482469, 35.043117669631911 ], [ -106.508713303933391, 35.043241668885173 ], [ -106.5087143012383, 35.043557668702221 ], [ -106.508721995913533, 35.045983670233099 ], [ -106.508722024466408, 35.046120663814541 ], [ -106.508723236972799, 35.046386669649102 ], [ -106.508723979429362, 35.04661067007082 ], [ -106.508724597062752, 35.046833669224334 ], [ -106.508725356261721, 35.0470636697355 ], [ -106.508726112316822, 35.047292670521571 ], [ -106.508726713109695, 35.047510669267702 ], [ -106.508727522512473, 35.047758669167649 ], [ -106.508728248425754, 35.047975669710155 ], [ -106.50872899107442, 35.048198670349763 ], [ -106.508729292282041, 35.048308791577014 ], [ -106.508729672245849, 35.04844666869208 ], [ -106.508730454808415, 35.048682669232264 ], [ -106.508731181852383, 35.048899670640722 ], [ -106.508731924397551, 35.049123670969315 ], [ -106.50873297752338, 35.049458670501188 ], [ -106.508733533952778, 35.04965666940128 ], [ -106.508734185479142, 35.049848670657596 ], [ -106.508735906779009, 35.050382671214429 ], [ -106.510909906896771, 35.050422671107384 ], [ -106.510936907536703, 35.053945671107563 ], [ -106.51137990703144, 35.053961671257127 ], [ -106.511387783701608, 35.054239674330617 ], [ -106.511388769551701, 35.054275207856662 ], [ -106.51139238753322, 35.054404663590567 ], [ -106.511400907768532, 35.054704671756063 ], [ -106.511120631376798, 35.055043516659602 ], [ -106.510921907639499, 35.05528367192035 ], [ -106.510799907232411, 35.05809367177087 ], [ -106.508241455879769, 35.058898704006211 ], [ -106.507382541045445, 35.059168885610511 ], [ -106.504664906326326, 35.060023673017177 ], [ -106.504172073480291, 35.060234583172665 ], [ -106.503842242957518, 35.060360925866313 ], [ -106.502042905962611, 35.061097673440095 ], [ -106.499404905188285, 35.062274673578329 ], [ -106.498914904952869, 35.062273673401286 ], [ -106.498177905289722, 35.063413673480021 ], [ -106.498205366076249, 35.063440719730472 ], [ -106.498389905495841, 35.06362467371406 ], [ -106.498069904990331, 35.063786673923019 ], [ -106.498060943034048, 35.064298411279438 ], [ -106.498142766459239, 35.064300003573358 ], [ -106.501877641470188, 35.064342358374539 ], [ -106.504259722277283, 35.064384449392762 ], [ -106.505001216585626, 35.064420938121799 ], [ -106.508562907820249, 35.064412673508158 ], [ -106.508777950254469, 35.064281133483718 ], [ -106.508936907601367, 35.064205672810978 ], [ -106.509312382391329, 35.064070112199204 ], [ -106.509652908045695, 35.064003672651225 ], [ -106.510784907923338, 35.064004673386457 ], [ -106.510734147255377, 35.069576590665143 ], [ -106.510733914676251, 35.069599305257732 ], [ -106.5099756684982, 35.069518177898836 ], [ -106.509820932814677, 35.069491826236515 ], [ -106.509628058036753, 35.069458978966203 ], [ -106.50932938927842, 35.069434950347969 ], [ -106.509079547969307, 35.069418745952603 ], [ -106.509007960031823, 35.069413620793576 ], [ -106.508964638522556, 35.06940974416549 ], [ -106.508874896033944, 35.069401714419648 ], [ -106.508433421470173, 35.069368129932464 ], [ -106.507550881266127, 35.06926465165602 ], [ -106.506415184889747, 35.069131480034137 ], [ -106.505483509980479, 35.069029852015092 ], [ -106.505100440274902, 35.068988064281271 ], [ -106.50494783922835, 35.068971416943576 ], [ -106.504903659971589, 35.068966597739106 ], [ -106.504509820388265, 35.068919174106959 ], [ -106.504484984000015, 35.068916183789888 ], [ -106.50438243121701, 35.068903834357442 ], [ -106.503453739590256, 35.068792000675863 ], [ -106.502849906628384, 35.068739378845308 ], [ -106.502451911650368, 35.06869946725417 ], [ -106.502264382734722, 35.068679173408484 ], [ -106.502138795721407, 35.068665582695715 ], [ -106.502032133275094, 35.068654039412486 ], [ -106.5015099004506, 35.068597521896749 ], [ -106.501471576783075, 35.068592743386475 ], [ -106.501328668827327, 35.068577909472495 ], [ -106.501181937386107, 35.068562651508323 ], [ -106.49984551162359, 35.068415844060958 ], [ -106.499489890186112, 35.068376775674935 ], [ -106.498861324355374, 35.068319722612181 ], [ -106.498695009378523, 35.06829988002638 ], [ -106.49866390637915, 35.069819674695147 ], [ -106.499657906409311, 35.070483674985049 ], [ -106.515106910179099, 35.076489674256301 ], [ -106.515138464386112, 35.077397346541673 ], [ -106.515231872216972, 35.078367386070219 ], [ -106.515206764518524, 35.078630602932591 ], [ -106.515209185527681, 35.07949058200677 ], [ -106.515110481571966, 35.081916315072014 ], [ -106.51511045208504, 35.082802083448165 ], [ -106.515094691143617, 35.083242432403303 ], [ -106.515086074296946, 35.083641281513025 ], [ -106.51501836816702, 35.086772958569853 ], [ -106.513816880042313, 35.086756392675497 ], [ -106.509733409340313, 35.086608592886634 ], [ -106.508702609828092, 35.086602141429928 ], [ -106.507255338444537, 35.08654959317635 ], [ -106.506478307783695, 35.086524779502419 ], [ -106.506367074363595, 35.086521226785187 ], [ -106.506205833302658, 35.086516076776519 ], [ -106.506189585656344, 35.085247045000393 ], [ -106.506245908234575, 35.082911676118755 ], [ -106.497260814527067, 35.082709332540752 ], [ -106.497255411058205, 35.081240152513438 ], [ -106.497171902272683, 35.079092472395182 ], [ -106.497215211292385, 35.075710367322444 ], [ -106.497183626756268, 35.075524352402553 ], [ -106.497125188040414, 35.075311075256828 ], [ -106.49666638138001, 35.074268378466748 ], [ -106.496364429276355, 35.073580087527993 ], [ -106.496275835305894, 35.073364199219476 ], [ -106.496083797257256, 35.072519916434985 ], [ -106.496076062075559, 35.071597794255126 ], [ -106.496193990918727, 35.070936124673082 ], [ -106.496242905342839, 35.070661674929603 ], [ -106.496261206877136, 35.070629969469145 ], [ -106.496941729562309, 35.069450977413567 ], [ -106.492671904724446, 35.067846674670612 ], [ -106.490071903864902, 35.066766674312518 ], [ -106.487965902856899, 35.066047674798448 ], [ -106.486017207031296, 35.065172202168192 ], [ -106.486073902277326, 35.064681674265159 ], [ -106.485415902697127, 35.061346673738278 ], [ -106.484475902316547, 35.061371673651763 ], [ -106.484943902475663, 35.058498673387724 ], [ -106.483323901390108, 35.058131674013801 ], [ -106.482277901289279, 35.057720673569158 ], [ -106.481780901589872, 35.057379673251162 ], [ -106.479787901343329, 35.057389674065234 ] ] ] } }
]
}
