{
"type": "FeatureCollection",
"name": "HSBoundaries2526",
"crs": { "type": "name", "properties": { "name": "urn:ogc:def:crs:OGC:1.3:CRS84" } },
"features": [
{ "type": "Feature", "properties": { "NAME": "SANDIA", "ID": 550 }, "geometry": { "type": "Polygon", "coordinates": [ [ [ -106.561930859186972, 35.158001281926936 ], [ -106.561305551127077, 35.15783052749255 ], [ -106.560778823764167, 35.157844959709131 ], [ -106.559899248941932, 35.157842206060138 ], [ -106.559895315858327, 35.157810891781189 ], [ -106.556789486105629, 35.155683741841294 ], [ -106.554020191615621, 35.15407270534682 ], [ -106.550000894937426, 35.153431314089318 ], [ -106.545472971108296, 35.153138937788981 ], [ -106.544984983757359, 35.153107417810652 ], [ -106.540203109542418, 35.15347414978929 ], [ -106.539992750752418, 35.153525164217712 ], [ -106.539937395414555, 35.152587542974643 ], [ -106.539934832822226, 35.152533159393826 ], [ -106.539911856000685, 35.15204546115082 ], [ -106.539874548885436, 35.151313983603444 ], [ -106.539854904249736, 35.15073353366769 ], [ -106.539663421413223, 35.149956685159346 ], [ -106.539427792876268, 35.149501885591846 ], [ -106.538970975155777, 35.148858378622577 ], [ -106.539497932584837, 35.148569853744043 ], [ -106.539991921694849, 35.148050684426593 ], [ -106.540101945385373, 35.147801038238995 ], [ -106.54013041041361, 35.14754218154237 ], [ -106.540110096310869, 35.147177489944788 ], [ -106.539843019299042, 35.145802770908659 ], [ -106.539373747132558, 35.144750512366755 ], [ -106.538993288556796, 35.14405855268496 ], [ -106.538722770819319, 35.143227710474385 ], [ -106.538593922880978, 35.141779339851816 ], [ -106.53827971452553, 35.140973786832788 ], [ -106.537975002338086, 35.140203304622297 ], [ -106.537782742792999, 35.139767221124245 ], [ -106.537768708346618, 35.139726452162087 ], [ -106.537644118917754, 35.139213933378841 ], [ -106.537652289543516, 35.138922698123871 ], [ -106.533363439471984, 35.138898919605168 ], [ -106.533342299227641, 35.130640456280467 ], [ -106.533316360776126, 35.123404676338204 ], [ -106.533233563892239, 35.11617210087249 ], [ -106.533266317700509, 35.115191101293796 ], [ -106.533282005413426, 35.114721213872315 ], [ -106.533270416996757, 35.114304679546493 ], [ -106.533161308393588, 35.11219173539655 ], [ -106.533081013992373, 35.110594185989477 ], [ -106.533102389554131, 35.109288934886344 ], [ -106.533104696464321, 35.109198824691326 ], [ -106.533112110357663, 35.109090453538926 ], [ -106.53311618655222, 35.108945423546601 ], [ -106.533101937211072, 35.108643288607674 ], [ -106.533095710713084, 35.108433605153039 ], [ -106.533000728807252, 35.104327595035414 ], [ -106.532937071199484, 35.101709771433512 ], [ -106.532850134727681, 35.099820969019575 ], [ -106.532711941954375, 35.094522783579876 ], [ -106.532698003803915, 35.093159776694726 ], [ -106.532643112718858, 35.092379618599111 ], [ -106.532619965710452, 35.091727405816215 ], [ -106.532612689024404, 35.090246364970881 ], [ -106.532597243866491, 35.088961341137313 ], [ -106.532599006579801, 35.087461349754584 ], [ -106.532562924799208, 35.087252061432892 ], [ -106.532552338474247, 35.086047477083746 ], [ -106.53243688587348, 35.084307495285984 ], [ -106.532372015583846, 35.083154387377547 ], [ -106.543514472842588, 35.087270979608313 ], [ -106.550677510647375, 35.089982131323069 ], [ -106.568726993778498, 35.097410628024434 ], [ -106.56874912629705, 35.097709211789898 ], [ -106.568768129018949, 35.101865846156961 ], [ -106.568851667134595, 35.103778695992403 ], [ -106.568849730675652, 35.109123820594576 ], [ -106.568870926773272, 35.112812164886506 ], [ -106.568916389267272, 35.116421356931937 ], [ -106.568857041619296, 35.119119367058758 ], [ -106.568838265336851, 35.119433331515573 ], [ -106.568671706967933, 35.130759874160191 ], [ -106.568659503903433, 35.138402100306884 ], [ -106.568461322344703, 35.139167137800321 ], [ -106.567490468206771, 35.142761118234922 ], [ -106.566834385508429, 35.144274518089162 ], [ -106.566389990385773, 35.145302132242456 ], [ -106.566368419962743, 35.145743839196051 ], [ -106.566091257502364, 35.14641567201005 ], [ -106.566034171053317, 35.146905888198788 ], [ -106.566035217325606, 35.147176526058892 ], [ -106.566037490802699, 35.147764590881955 ], [ -106.566011350759467, 35.148629492003217 ], [ -106.56588101962096, 35.149253160738169 ], [ -106.565872574092424, 35.149281843356235 ], [ -106.565779511481622, 35.149597901511036 ], [ -106.564998188253568, 35.151390291281302 ], [ -106.564399494432564, 35.15272755825368 ], [ -106.563092931238856, 35.155632436324282 ], [ -106.562693733234028, 35.156452960031181 ], [ -106.562569273510107, 35.156815246849341 ], [ -106.562360902915074, 35.157229317087776 ], [ -106.562307083753439, 35.157215330172157 ], [ -106.562259668145586, 35.157211084879691 ], [ -106.562149134101389, 35.15747672379127 ], [ -106.562074205126407, 35.15765679309952 ], [ -106.561930859186972, 35.158001281926936 ] ] ] } },
{ "type": "Feature", "properties": { "NAME": "DEL NORTE", "ID": 514 }, "geometry": { "type": "Polygon", "coordinates": [ [ [ -106.595644947403969, 35.174427763213473 ], [ -106.595292892613372, 35.174423416308791 ], [ -106.594948586203259, 35.174434825160809 ], [ -106.593455178362461, 35.17446816367319 ], [ -106.593158624257498, 35.174493891167884 ], [ -106.592944536472189, 35.174500772411569 ], [ -106.590988879561877, 35.174489107385824 ], [ -106.588836088734652, 35.174476230702204 ], [ -106.588338758799665, 35.174474136753403 ], [ -106.587771081212821, 35.174458917229465 ], [ -106.585584118900726, 35.174380529631641 ], [ -106.58476220194494, 35.174351058665287 ], [ -106.583729485741245, 35.174314021240136 ], [ -106.583572252981028, 35.174305600355723 ], [ -106.582608020192836, 35.174265207906757 ], [ -106.580378834049853, 35.174114429332747 ], [ -106.58010505937267, 35.174113407987022 ], [ -106.577595909257511, 35.174211521516277 ], [ -106.57298074027112, 35.174451281429207 ], [ -106.571313437174894, 35.17445571554218 ], [ -106.568849085341213, 35.17442968164039 ], [ -106.567316305643956, 35.174438394967979 ], [ -106.566171723889909, 35.174441387872903 ], [ -106.564369929697733, 35.174401562307033 ], [ -106.563776345388362, 35.174377954690108 ], [ -106.560712966954455, 35.174255022889668 ], [ -106.560417560431347, 35.174242703023808 ], [ -106.560374052677076, 35.17424088812507 ], [ -106.560127086394971, 35.174230587056982 ], [ -106.5599287158133, 35.174222491390225 ], [ -106.559930535189878, 35.174041453474452 ], [ -106.559942649149519, 35.172833739764705 ], [ -106.55994385823476, 35.172603852339201 ], [ -106.559951912919416, 35.171072624164921 ], [ -106.559953382879286, 35.170793454070754 ], [ -106.559954452560632, 35.170751034795252 ], [ -106.559971169777214, 35.170088776011369 ], [ -106.559969862970178, 35.169856087822915 ], [ -106.559966736922675, 35.16929935047397 ], [ -106.559966448705467, 35.169033049305632 ], [ -106.559966028370411, 35.16898534866354 ], [ -106.559956071797927, 35.168552675543594 ], [ -106.559945450378663, 35.168036466353307 ], [ -106.559940234413133, 35.167782918750383 ], [ -106.559945691817646, 35.167029616428778 ], [ -106.559956074088092, 35.166353655267535 ], [ -106.559957321495247, 35.166272449053572 ], [ -106.559956517111104, 35.166204531774589 ], [ -106.559954960950151, 35.166073013196204 ], [ -106.559953307905985, 35.165933317859192 ], [ -106.559948178932629, 35.165499835291101 ], [ -106.559939062558655, 35.164729434408905 ], [ -106.559940392774152, 35.163027699611895 ], [ -106.559938107860475, 35.162425391433388 ], [ -106.55992584739036, 35.160921734688657 ], [ -106.559923551291988, 35.160284569238193 ], [ -106.559923554801713, 35.160207647991157 ], [ -106.559923557101897, 35.160138510727457 ], [ -106.559923557622113, 35.160110576735306 ], [ -106.559923560324464, 35.160046465027776 ], [ -106.559923564293314, 35.159954326475912 ], [ -106.559923367724622, 35.15974883347031 ], [ -106.559908179314505, 35.159452214720083 ], [ -106.559899408014871, 35.158928986767862 ], [ -106.5598967103153, 35.158076419877617 ], [ -106.559899248941932, 35.157842206060138 ], [ -106.560778823764167, 35.157844959709131 ], [ -106.561305551127077, 35.15783052749255 ], [ -106.561930859186972, 35.158001281926936 ], [ -106.562074205126407, 35.15765679309952 ], [ -106.562149134101389, 35.15747672379127 ], [ -106.562259668145586, 35.157211084879691 ], [ -106.562307083753439, 35.157215330172157 ], [ -106.562360902915074, 35.157229317087776 ], [ -106.562569273510107, 35.156815246849341 ], [ -106.562693733234028, 35.156452960031181 ], [ -106.563092931238856, 35.155632436324282 ], [ -106.564399494432564, 35.15272755825368 ], [ -106.564998188253568, 35.151390291281302 ], [ -106.565779511481622, 35.149597901511036 ], [ -106.565872574092424, 35.149281843356235 ], [ -106.56588101962096, 35.149253160738169 ], [ -106.566011164866296, 35.148635631341776 ], [ -106.566037490802699, 35.147764590881955 ], [ -106.566035217325606, 35.147176526058892 ], [ -106.566034171053317, 35.146905888198788 ], [ -106.566091257502364, 35.14641567201005 ], [ -106.566368419962743, 35.145743839196051 ], [ -106.566389990385773, 35.145302132242456 ], [ -106.566834385508429, 35.144274518089162 ], [ -106.567490468206771, 35.142761118234922 ], [ -106.568461322344703, 35.139167137800321 ], [ -106.568659503903433, 35.138402100306884 ], [ -106.568671706967933, 35.130759874160191 ], [ -106.568838265336851, 35.119433331515573 ], [ -106.568857041619296, 35.119119367058758 ], [ -106.568916389267272, 35.116421356931937 ], [ -106.568870926773272, 35.112812164886506 ], [ -106.568849730675652, 35.109123820594576 ], [ -106.568851667134595, 35.103778695992403 ], [ -106.568768129018949, 35.101865846156961 ], [ -106.56874912629705, 35.097709211789898 ], [ -106.568726993778498, 35.097410628024434 ], [ -106.572923412807626, 35.099303025077305 ], [ -106.577627736492943, 35.101180868420116 ], [ -106.582322440184058, 35.103079142699521 ], [ -106.582364408405567, 35.103090303934536 ], [ -106.584975427571877, 35.103784674805624 ], [ -106.587674635453169, 35.104018267987932 ], [ -106.597006130244552, 35.10427127436575 ], [ -106.598765843832965, 35.104205931311384 ], [ -106.600270035469009, 35.104303440972174 ], [ -106.603830306461305, 35.10488635655534 ], [ -106.604205635779437, 35.10493768723591 ], [ -106.604662410533521, 35.105047155666533 ], [ -106.60673570852866, 35.105530764099356 ], [ -106.607038977804834, 35.105601498931378 ], [ -106.607520694708981, 35.105723022955047 ], [ -106.608162193282624, 35.105871320412938 ], [ -106.611854934079304, 35.106724674014714 ], [ -106.613198515304745, 35.107001553146461 ], [ -106.614193934508222, 35.107206674241176 ], [ -106.614685386459456, 35.107245037441018 ], [ -106.616136285784478, 35.107358285660055 ], [ -106.618370935771168, 35.107532673674086 ], [ -106.620648936438769, 35.107262673458237 ], [ -106.622710346118268, 35.106950501935472 ], [ -106.623853936343735, 35.106777672910688 ], [ -106.629121297484872, 35.105869020165429 ], [ -106.6277520120384, 35.109123740316846 ], [ -106.62769457867735, 35.109257529599439 ], [ -106.623602077552135, 35.120630168642613 ], [ -106.622137909335251, 35.123727240645849 ], [ -106.622085896219744, 35.123815583658676 ], [ -106.621757586895484, 35.124434337698077 ], [ -106.621656626714554, 35.124626986727613 ], [ -106.621640953871363, 35.12465515187148 ], [ -106.619973774957145, 35.1262574606356 ], [ -106.619948689758161, 35.126280399742903 ], [ -106.615670155068088, 35.129100924916784 ], [ -106.615640690349309, 35.129120321930891 ], [ -106.614086813467097, 35.130082071866688 ], [ -106.609762880913692, 35.132764969701924 ], [ -106.60647757210333, 35.134787617842044 ], [ -106.60541913394033, 35.135440990365694 ], [ -106.605389468095282, 35.13546013757334 ], [ -106.604213310253471, 35.136216123848406 ], [ -106.603017821816678, 35.136984405662105 ], [ -106.60289767619841, 35.137061615702393 ], [ -106.602538566510887, 35.137292392082486 ], [ -106.602180750705074, 35.137533084966513 ], [ -106.601487044987451, 35.137968504965308 ], [ -106.601455380296755, 35.137988470110372 ], [ -106.595055687434908, 35.14173370389932 ], [ -106.595021970837564, 35.141754195140372 ], [ -106.592568358236278, 35.143384144783333 ], [ -106.592536678562169, 35.143406530724299 ], [ -106.590532576880179, 35.145321463370991 ], [ -106.590483316101029, 35.145368530208181 ], [ -106.588577942186134, 35.1531479362677 ], [ -106.589791242732261, 35.154037634289956 ], [ -106.591543933084594, 35.155309682010802 ], [ -106.592476933889301, 35.155892682094603 ], [ -106.593029933960977, 35.156046682774459 ], [ -106.593604486386639, 35.156165585141288 ], [ -106.594156934432561, 35.156300682529306 ], [ -106.594820934377537, 35.156328682010781 ], [ -106.595484934622135, 35.156276682728596 ], [ -106.59614234778256, 35.156136724817216 ], [ -106.596752567508645, 35.155947100795643 ], [ -106.597409980481245, 35.155763829697428 ], [ -106.597960934874934, 35.155650682236335 ], [ -106.59927507389088, 35.155250543826142 ], [ -106.599882934802494, 35.155024681778336 ], [ -106.601040397436364, 35.154700376134663 ], [ -106.601575860088289, 35.154563503157561 ], [ -106.60219768455444, 35.154362188518107 ], [ -106.603417649825616, 35.153991442469369 ], [ -106.604198643376165, 35.153779415477487 ], [ -106.605282614620535, 35.15344238808617 ], [ -106.60639053251073, 35.153129974756155 ], [ -106.609056870506933, 35.152384379059356 ], [ -106.60967293748206, 35.152169681028838 ], [ -106.610645517521291, 35.151913208185938 ], [ -106.611517548052717, 35.151655746635669 ], [ -106.613803938286551, 35.151047680923746 ], [ -106.612737240365419, 35.153907875184473 ], [ -106.61269131434824, 35.153908503054588 ], [ -106.612234357591646, 35.15506446105821 ], [ -106.612278937733933, 35.155136681313259 ], [ -106.612683938206061, 35.156541681470706 ], [ -106.613117938308804, 35.157262681757615 ], [ -106.61662693925075, 35.157751681021182 ], [ -106.616628917454349, 35.15991068168065 ], [ -106.61662893952419, 35.15993468165005 ], [ -106.613509142822565, 35.159920714287679 ], [ -106.613706939107502, 35.161041682467705 ], [ -106.617121939508849, 35.16445268207665 ], [ -106.617220658411995, 35.165002550629872 ], [ -106.616406541784102, 35.165613915074886 ], [ -106.61355645034584, 35.167725798437175 ], [ -106.611081350712126, 35.169559674252774 ], [ -106.611259867883149, 35.173440234393638 ], [ -106.611265138183896, 35.173551305155655 ], [ -106.611463022612611, 35.174131228008406 ], [ -106.611419688728787, 35.174207128895645 ], [ -106.611406771453119, 35.17422975395953 ], [ -106.610990393758215, 35.174044051837996 ], [ -106.61039835827053, 35.173811668824314 ], [ -106.610244364758373, 35.173779851667881 ], [ -106.610075606987138, 35.173744966426369 ], [ -106.609730177874013, 35.173673557379935 ], [ -106.609667515233724, 35.173672531914974 ], [ -106.609569278292824, 35.173670924220367 ], [ -106.609065938356665, 35.173662684405514 ], [ -106.608571939017679, 35.173699684360201 ], [ -106.608086938901579, 35.173822683904731 ], [ -106.607335886656301, 35.17410400172195 ], [ -106.60682992069404, 35.174262179161083 ], [ -106.606325969248317, 35.174384557714838 ], [ -106.606023322329449, 35.174423942782646 ], [ -106.605406748849504, 35.17442847034436 ], [ -106.605390490481497, 35.174603042601852 ], [ -106.60538313157015, 35.174645706899206 ], [ -106.603561676935684, 35.174551241139717 ], [ -106.603107284742038, 35.174528457504593 ], [ -106.603071937705451, 35.1745266846372 ], [ -106.601871168949572, 35.174510950881334 ], [ -106.601318093803229, 35.174500318240518 ], [ -106.600139900769705, 35.174467069755345 ], [ -106.600010443502057, 35.174463043950468 ], [ -106.599773246967729, 35.174457787689029 ], [ -106.598472287509367, 35.174442689002731 ], [ -106.598357119325001, 35.174441539192593 ], [ -106.598313506775028, 35.174441103910176 ], [ -106.598219074487204, 35.174440567718754 ], [ -106.596489455113172, 35.17443857557398 ], [ -106.595709805395941, 35.174428594052969 ], [ -106.59567737584517, 35.174428177286984 ], [ -106.595644947403969, 35.174427763213473 ] ] ] } },
{ "type": "Feature", "properties": { "NAME": "VALLEY", "ID": 560 }, "geometry": { "type": "Polygon", "coordinates": [ [ [ -106.690624565542876, 35.109874185892679 ], [ -106.690242483162308, 35.111684519100848 ], [ -106.691144451863465, 35.114478671563973 ], [ -106.692370902915158, 35.117258632299205 ], [ -106.690075499747493, 35.123454545951297 ], [ -106.690875404947747, 35.125554547885628 ], [ -106.687617023524382, 35.134148844482901 ], [ -106.68761233551021, 35.134177305600815 ], [ -106.686391805110375, 35.135508571173624 ], [ -106.686113600469511, 35.135814639540875 ], [ -106.685976337259731, 35.135965649432912 ], [ -106.685441756491997, 35.136553760088688 ], [ -106.685182664082646, 35.136838791821809 ], [ -106.685066489318004, 35.13696659657878 ], [ -106.685001735371756, 35.137037833108899 ], [ -106.684831881461392, 35.137224690125592 ], [ -106.684510507649208, 35.137580088860446 ], [ -106.683616605137445, 35.13856861351892 ], [ -106.68250851556806, 35.139785229543648 ], [ -106.682304374916612, 35.140009828916597 ], [ -106.681784444858877, 35.140583432545576 ], [ -106.681050875817689, 35.141389066711383 ], [ -106.680594830928101, 35.14189793869074 ], [ -106.680478760680742, 35.142026632856734 ], [ -106.680043686699591, 35.142510556497058 ], [ -106.680027870479748, 35.142528301658345 ], [ -106.67922384947461, 35.143430387525662 ], [ -106.677460143382049, 35.145367800991089 ], [ -106.677433090531508, 35.145394026565 ], [ -106.677128662086773, 35.14578083943713 ], [ -106.677080065225653, 35.145835387602631 ], [ -106.67697448846998, 35.145953890228782 ], [ -106.676956655014578, 35.145983645713585 ], [ -106.670332083872609, 35.157638432224573 ], [ -106.666868337505534, 35.16182845996849 ], [ -106.66391701070205, 35.16429351270353 ], [ -106.663276299267338, 35.164828628576224 ], [ -106.658497261843308, 35.168817932905483 ], [ -106.658474663566977, 35.168832375369604 ], [ -106.656412766790808, 35.174139752647093 ], [ -106.655704949625814, 35.175946682093617 ], [ -106.655181944809215, 35.176968785045496 ], [ -106.654589949751042, 35.17812568207777 ], [ -106.654569539298478, 35.178216499076953 ], [ -106.654153949416539, 35.180065683218174 ], [ -106.65357294989073, 35.181412683196257 ], [ -106.653538949366663, 35.181438683108176 ], [ -106.653039763211112, 35.182014503340298 ], [ -106.652726313215041, 35.182393227301382 ], [ -106.652708656350953, 35.182423654589137 ], [ -106.652095283657857, 35.183727349545528 ], [ -106.652086852756781, 35.183745525301823 ], [ -106.652061259996671, 35.183764547689357 ], [ -106.647550435763407, 35.187702428795809 ], [ -106.647376546091962, 35.18785449700993 ], [ -106.645095948335907, 35.191861684748282 ], [ -106.645063533501627, 35.191888916563748 ], [ -106.643309729595018, 35.193408740434101 ], [ -106.642405948297892, 35.197130686127146 ], [ -106.639605948176452, 35.201830686834413 ], [ -106.639572613523839, 35.201854862440847 ], [ -106.637797806021581, 35.203137522688387 ], [ -106.630577946717295, 35.206061687805452 ], [ -106.625810945470676, 35.207436688532297 ], [ -106.621805944411804, 35.208430689054076 ], [ -106.621778167504857, 35.208456179524369 ], [ -106.618896035431177, 35.211136171000213 ], [ -106.618378534366855, 35.211361662400222 ], [ -106.612405942508161, 35.213830690290756 ], [ -106.612371942854523, 35.213856690306692 ], [ -106.606732649532148, 35.216464899356794 ], [ -106.60571064348845, 35.216937537208423 ], [ -106.605680978401551, 35.216951255871784 ], [ -106.605582725231443, 35.217019070119974 ], [ -106.604994113404757, 35.21744059058161 ], [ -106.598727939756216, 35.217912691959626 ], [ -106.586216307757027, 35.217985933015534 ], [ -106.586398792187978, 35.217505654786038 ], [ -106.587156997820898, 35.215897564077082 ], [ -106.588173994987557, 35.214693988291735 ], [ -106.589671179916749, 35.214126725706571 ], [ -106.592110521564337, 35.210129860670129 ], [ -106.592642756038956, 35.209990294280374 ], [ -106.594035922702787, 35.209525097358593 ], [ -106.595995962122473, 35.207957242444188 ], [ -106.592081005206822, 35.207550092975211 ], [ -106.595430937902691, 35.202600689687557 ], [ -106.596351938536515, 35.202092689276512 ], [ -106.597395938418359, 35.201954689391975 ], [ -106.598181938630674, 35.200562689234886 ], [ -106.59973034816673, 35.197219127912447 ], [ -106.601253938377454, 35.193929687432657 ], [ -106.601268220501822, 35.193895970044245 ], [ -106.601759543077065, 35.192735993538385 ], [ -106.603729938340294, 35.188083686718073 ], [ -106.60471493872798, 35.184660686067247 ], [ -106.60522593915212, 35.181374685864618 ], [ -106.605293936535986, 35.178867090289714 ], [ -106.60538313157015, 35.174645706899206 ], [ -106.605390490481497, 35.174603042601852 ], [ -106.605406748849504, 35.17442847034436 ], [ -106.606023322329449, 35.174423942782646 ], [ -106.606325969248317, 35.174384557714838 ], [ -106.60682992069404, 35.174262179161083 ], [ -106.607335886656301, 35.17410400172195 ], [ -106.608086938901579, 35.173822683904731 ], [ -106.608571939017679, 35.173699684360201 ], [ -106.609065938356665, 35.173662684405514 ], [ -106.609569278292824, 35.173670924220367 ], [ -106.609667515233724, 35.173672531914974 ], [ -106.609730177874013, 35.173673557379935 ], [ -106.610075606987138, 35.173744966426369 ], [ -106.610244364758373, 35.173779851667881 ], [ -106.61039835827053, 35.173811668824314 ], [ -106.610990393758215, 35.174044051837996 ], [ -106.611406771453119, 35.17422975395953 ], [ -106.611419688728787, 35.174207128895645 ], [ -106.611463022612611, 35.174131228008406 ], [ -106.611265138183896, 35.173551305155655 ], [ -106.611259867883149, 35.173440234393638 ], [ -106.611081350712126, 35.169559674252774 ], [ -106.61355645034584, 35.167725798437175 ], [ -106.616406541784102, 35.165613915074886 ], [ -106.617220658411995, 35.165002550629872 ], [ -106.617121939508849, 35.16445268207665 ], [ -106.613706939107502, 35.161041682467705 ], [ -106.613509142822565, 35.159920714287679 ], [ -106.61662893952419, 35.15993468165005 ], [ -106.616628917454349, 35.15991068168065 ], [ -106.61662693925075, 35.157751681021182 ], [ -106.613117938308804, 35.157262681757615 ], [ -106.612683938206061, 35.156541681470706 ], [ -106.612278937733933, 35.155136681313259 ], [ -106.612234357591646, 35.15506446105821 ], [ -106.61269131434824, 35.153908503054588 ], [ -106.612737240365419, 35.153907875184473 ], [ -106.613803938286551, 35.151047680923746 ], [ -106.611517548052717, 35.151655746635669 ], [ -106.610645517521291, 35.151913208185938 ], [ -106.60967293748206, 35.152169681028838 ], [ -106.609056870506933, 35.152384379059356 ], [ -106.60639053251073, 35.153129974756155 ], [ -106.605282614620535, 35.15344238808617 ], [ -106.604198643376165, 35.153779415477487 ], [ -106.603417649825616, 35.153991442469369 ], [ -106.60219768455444, 35.154362188518107 ], [ -106.601575860088289, 35.154563503157561 ], [ -106.601040397436364, 35.154700376134663 ], [ -106.599882934802494, 35.155024681778336 ], [ -106.59927507389088, 35.155250543826142 ], [ -106.597960934874934, 35.155650682236335 ], [ -106.597409980481245, 35.155763829697428 ], [ -106.596752567508645, 35.155947100795643 ], [ -106.59614234778256, 35.156136724817216 ], [ -106.595484934622135, 35.156276682728596 ], [ -106.594820934377537, 35.156328682010781 ], [ -106.594156934432561, 35.156300682529306 ], [ -106.593604486386639, 35.156165585141288 ], [ -106.593029933960977, 35.156046682774459 ], [ -106.592476933889301, 35.155892682094603 ], [ -106.591543933084594, 35.155309682010802 ], [ -106.589791242732261, 35.154037634289956 ], [ -106.588577942186134, 35.1531479362677 ], [ -106.590483316101029, 35.145368530208181 ], [ -106.590532576880179, 35.145321463370991 ], [ -106.592536678562169, 35.143406530724299 ], [ -106.592568358236278, 35.143384144783333 ], [ -106.595021970837564, 35.141754195140372 ], [ -106.595055687434908, 35.14173370389932 ], [ -106.601455380296755, 35.137988470110372 ], [ -106.601487044987451, 35.137968504965308 ], [ -106.602180750705074, 35.137533084966513 ], [ -106.602538566510887, 35.137292392082486 ], [ -106.60289767619841, 35.137061615702393 ], [ -106.603017821816678, 35.136984405662105 ], [ -106.604213310253471, 35.136216123848406 ], [ -106.605389468095282, 35.13546013757334 ], [ -106.60541913394033, 35.135440990365694 ], [ -106.60647757210333, 35.134787617842044 ], [ -106.609762880913692, 35.132764969701924 ], [ -106.614086813467097, 35.130082071866688 ], [ -106.615640690349309, 35.129120321930891 ], [ -106.615670155068088, 35.129100924916784 ], [ -106.619948689758161, 35.126280399742903 ], [ -106.619973774957145, 35.1262574606356 ], [ -106.621640953871363, 35.12465515187148 ], [ -106.621656626714554, 35.124626986727613 ], [ -106.621757586895484, 35.124434337698077 ], [ -106.622085896219744, 35.123815583658676 ], [ -106.622137909335251, 35.123727240645849 ], [ -106.623602077552135, 35.120630168642613 ], [ -106.62769457867735, 35.109257529599439 ], [ -106.6277520120384, 35.109123740316846 ], [ -106.627822871524174, 35.109124059468094 ], [ -106.628642937375588, 35.109127750660548 ], [ -106.630588938901226, 35.109158673298914 ], [ -106.631575938590572, 35.10923267358465 ], [ -106.632882675875976, 35.109394241066227 ], [ -106.634246608557078, 35.109529277291898 ], [ -106.634835382009641, 35.109583808950944 ], [ -106.636214915690658, 35.109699033518353 ], [ -106.639682827932219, 35.110083620162271 ], [ -106.641338639500702, 35.110235915725049 ], [ -106.642029941000345, 35.110295673081708 ], [ -106.642025790594801, 35.110274509636795 ], [ -106.642037673170506, 35.110215369435331 ], [ -106.642961353833442, 35.105618000525659 ], [ -106.642982103721366, 35.105475868227145 ], [ -106.645121440966349, 35.10563767173268 ], [ -106.647390440959143, 35.105973672163302 ], [ -106.650329442575469, 35.106622672000221 ], [ -106.651783441986723, 35.106881672321883 ], [ -106.652800004408505, 35.106946308050979 ], [ -106.656651543021766, 35.106214755421576 ], [ -106.657076395581555, 35.106176551346223 ], [ -106.657397983110357, 35.10614763162004 ], [ -106.658016307458183, 35.106134533792982 ], [ -106.6581464916258, 35.106135024080224 ], [ -106.65850619427404, 35.106124560092333 ], [ -106.65860414102832, 35.106121710462858 ], [ -106.660274066849595, 35.106084438825533 ], [ -106.662562945325945, 35.106199671489691 ], [ -106.664462945586067, 35.106107671211824 ], [ -106.666615469782755, 35.105824850786128 ], [ -106.670433402425601, 35.104909888185745 ], [ -106.670625564475813, 35.10488471301904 ], [ -106.671056966256856, 35.107202988924527 ], [ -106.672210521470461, 35.109699143782002 ], [ -106.674644038704812, 35.109439228992471 ], [ -106.675519225808884, 35.109387245789172 ], [ -106.675519257611739, 35.109387243874657 ], [ -106.675884603690491, 35.109365541324962 ], [ -106.676542744123708, 35.109234050726869 ], [ -106.676935259864521, 35.109157096964999 ], [ -106.67748591348078, 35.109154916689505 ], [ -106.677750338361705, 35.109214075460166 ], [ -106.677750394373163, 35.109214087882826 ], [ -106.6781421050988, 35.109303108730792 ], [ -106.678801542560763, 35.109484327432511 ], [ -106.678982026486068, 35.109534318779026 ], [ -106.67898224852587, 35.109533985358681 ], [ -106.679254128522558, 35.109070936694522 ], [ -106.679340739396821, 35.108943403099616 ], [ -106.679456065235968, 35.108854447993295 ], [ -106.679934619785186, 35.108854834122866 ], [ -106.67989263660688, 35.10905383180922 ], [ -106.679962537246823, 35.109124942605334 ], [ -106.679864568121417, 35.10960245573159 ], [ -106.681235709760614, 35.109769600503753 ], [ -106.683776051752687, 35.109945792258657 ], [ -106.68377720281326, 35.109943365947672 ], [ -106.684076087301662, 35.109312198870107 ], [ -106.684538014540266, 35.109299244346644 ], [ -106.686597484435651, 35.109551512489048 ], [ -106.687412867662616, 35.109732984317539 ], [ -106.687660197528402, 35.109791612496103 ], [ -106.688825902081248, 35.109897650101942 ], [ -106.68972523397737, 35.109885921332328 ], [ -106.690624565542876, 35.109874185892679 ] ] ] } },
{ "type": "Feature", "properties": { "NAME": "ALBUQUERQUE", "ID": 590 }, "geometry": { "type": "Polygon", "coordinates": [ [ [ -106.670625564475813, 35.10488471301904 ], [ -106.670433402425601, 35.104909888185745 ], [ -106.666615469782755, 35.105824850786128 ], [ -106.664462945586067, 35.106107671211824 ], [ -106.662562945325945, 35.106199671489691 ], [ -106.660274066849595, 35.106084438825533 ], [ -106.65860414102832, 35.106121710462858 ], [ -106.65850619427404, 35.106124560092333 ], [ -106.6581464916258, 35.106135024080224 ], [ -106.658016307458183, 35.106134533792982 ], [ -106.657397983110357, 35.10614763162004 ], [ -106.657076395581555, 35.106176551346223 ], [ -106.656651543021766, 35.106214755421576 ], [ -106.652800004408505, 35.106946308050979 ], [ -106.651783441986723, 35.106881672321883 ], [ -106.650329442575469, 35.106622672000221 ], [ -106.647390440959143, 35.105973672163302 ], [ -106.645121440966349, 35.10563767173268 ], [ -106.642982103721366, 35.105475868227145 ], [ -106.64295585567163, 35.105645369265069 ], [ -106.642037673170506, 35.110215369435331 ], [ -106.642025790594801, 35.110274509636795 ], [ -106.642029941000345, 35.110295673081708 ], [ -106.641338639500702, 35.110235915725049 ], [ -106.639682827932219, 35.110083620162271 ], [ -106.636214915690658, 35.109699033518353 ], [ -106.634835382009641, 35.109583808950944 ], [ -106.634246608557078, 35.109529277291898 ], [ -106.632882675875976, 35.109394241066227 ], [ -106.631575938590572, 35.10923267358465 ], [ -106.630588938901226, 35.109158673298914 ], [ -106.6277520120384, 35.109123740316846 ], [ -106.629121297484872, 35.105869020165429 ], [ -106.623853936343735, 35.106777672910688 ], [ -106.622710346118268, 35.106950501935472 ], [ -106.620648936438769, 35.107262673458237 ], [ -106.618370935771168, 35.107532673674086 ], [ -106.616136285784478, 35.107358285660055 ], [ -106.614685386459456, 35.107245037441018 ], [ -106.614193934508222, 35.107206674241176 ], [ -106.613198515304745, 35.107001553146461 ], [ -106.611854934079304, 35.106724674014714 ], [ -106.608162193282624, 35.105871320412938 ], [ -106.607520694708981, 35.105723022955047 ], [ -106.607038977804834, 35.105601498931378 ], [ -106.60673570852866, 35.105530764099356 ], [ -106.604662410533521, 35.105047155666533 ], [ -106.604205635779437, 35.10493768723591 ], [ -106.603830306461305, 35.10488635655534 ], [ -106.600270035469009, 35.104303440972174 ], [ -106.598765843832965, 35.104205931311384 ], [ -106.597006130244552, 35.10427127436575 ], [ -106.587674635453169, 35.104018267987932 ], [ -106.587657526865968, 35.103987450791045 ], [ -106.586753427688492, 35.102676175098821 ], [ -106.586491294571474, 35.101977171488336 ], [ -106.586482427132424, 35.101942174639227 ], [ -106.586364784832597, 35.100879101632273 ], [ -106.586348987708888, 35.100090806353926 ], [ -106.586172163540212, 35.087423808548479 ], [ -106.587487708808951, 35.087398365324745 ], [ -106.588560777536657, 35.087407364387964 ], [ -106.589715333631915, 35.087434336898461 ], [ -106.590810490579173, 35.087425404453477 ], [ -106.591942397611859, 35.087422217953907 ], [ -106.593045060785485, 35.087412972823756 ], [ -106.594132809995202, 35.087428101986525 ], [ -106.595108363258873, 35.087436653627599 ], [ -106.595323229271045, 35.08742129233314 ], [ -106.597773146042329, 35.087442779620304 ], [ -106.598039428390777, 35.087462300194773 ], [ -106.599002181000202, 35.08747070850508 ], [ -106.599048353993169, 35.087478077516707 ], [ -106.59985374713871, 35.087452767668744 ], [ -106.602090023288554, 35.087477022223325 ], [ -106.604247441184043, 35.087488887025728 ], [ -106.604291610057061, 35.083790875549433 ], [ -106.604283770732096, 35.081977715331632 ], [ -106.604304938209737, 35.080869387586098 ], [ -106.604324869194755, 35.080688298995817 ], [ -106.604462980957948, 35.080325499321518 ], [ -106.604472438108459, 35.080300655500288 ], [ -106.604512954007689, 35.080126145917298 ], [ -106.604526329565488, 35.079782982034956 ], [ -106.607043689835351, 35.080109828731885 ], [ -106.607703777006307, 35.080207143775944 ], [ -106.608307491410699, 35.080278386721311 ], [ -106.609547387068673, 35.080440059385111 ], [ -106.610810860595706, 35.080614000951392 ], [ -106.612051166164633, 35.080784302532471 ], [ -106.613170219931391, 35.081033352355924 ], [ -106.61318742814386, 35.081013333582952 ], [ -106.61330284744264, 35.080866746548196 ], [ -106.613299172801092, 35.079113669724435 ], [ -106.613299115083038, 35.079086301700009 ], [ -106.613315111131328, 35.075456343594674 ], [ -106.613297259184279, 35.073668302316598 ], [ -106.613341176550293, 35.071986250868804 ], [ -106.613364277870886, 35.07126052870391 ], [ -106.613360602854911, 35.070431390385416 ], [ -106.613337372963755, 35.06961817708148 ], [ -106.613373133516617, 35.068932535166681 ], [ -106.613361223586963, 35.068224678037879 ], [ -106.613405930905017, 35.067726668262686 ], [ -106.613166923814092, 35.066083266101998 ], [ -106.613166890745887, 35.066042381487883 ], [ -106.613166603212221, 35.065680654400268 ], [ -106.613067372230731, 35.065683561182034 ], [ -106.612021247881657, 35.06567387824385 ], [ -106.60923203221482, 35.065648017338873 ], [ -106.609225839507161, 35.064838615667568 ], [ -106.609224992577609, 35.064727880366149 ], [ -106.60884566297473, 35.064729178947111 ], [ -106.608677692831435, 35.064729754178266 ], [ -106.608678136602279, 35.064667280019009 ], [ -106.608679673346771, 35.064450875051911 ], [ -106.608408046105609, 35.064451677951574 ], [ -106.608327270249788, 35.064451916598607 ], [ -106.608326745496171, 35.064386778784957 ], [ -106.608325798323435, 35.064269382887169 ], [ -106.608179317921113, 35.064269093446072 ], [ -106.608125647945101, 35.064268986886276 ], [ -106.606841257923108, 35.064266436713766 ], [ -106.60680692628533, 35.064266368233078 ], [ -106.606806523630212, 35.064304351456975 ], [ -106.606802968772456, 35.06463939154505 ], [ -106.606500786031035, 35.064638077789681 ], [ -106.606440365711933, 35.064637815441429 ], [ -106.606202313571998, 35.06463677942962 ], [ -106.606204095093801, 35.064383852076681 ], [ -106.606204928424376, 35.064265495378642 ], [ -106.606093864393529, 35.064265366241798 ], [ -106.604761934706175, 35.064263805312741 ], [ -106.604718806788313, 35.064263754755537 ], [ -106.604718032801884, 35.06430432264073 ], [ -106.604711910371861, 35.064625412023076 ], [ -106.604374493076151, 35.06462137894443 ], [ -106.604298455547919, 35.06462996569666 ], [ -106.604295929351295, 35.064831168631876 ], [ -106.603425436242489, 35.064824652966294 ], [ -106.602634002356112, 35.064828565490579 ], [ -106.602635622910398, 35.064986139285409 ], [ -106.602491270596843, 35.064984103287919 ], [ -106.602442439360885, 35.064983414938979 ], [ -106.602189511431519, 35.064979846923592 ], [ -106.602090696574805, 35.06497845257455 ], [ -106.601992822491837, 35.064977071641216 ], [ -106.60199403455627, 35.064850769314432 ], [ -106.601993426763428, 35.064816709477384 ], [ -106.600450034190246, 35.064812354048172 ], [ -106.600341130739579, 35.064812045732381 ], [ -106.600340216795118, 35.064920187312325 ], [ -106.600339494969603, 35.065005548484258 ], [ -106.600245987362342, 35.065007133750889 ], [ -106.600120072682444, 35.065009070308498 ], [ -106.600014039529398, 35.065010344488705 ], [ -106.600006262773519, 35.064432668244265 ], [ -106.600005928078531, 35.063677668007692 ], [ -106.599848927772101, 35.062952667636026 ], [ -106.598439946859017, 35.062941449749552 ], [ -106.595796171746642, 35.062942484199738 ], [ -106.595697077109747, 35.062876979994321 ], [ -106.595274333623422, 35.062861581875246 ], [ -106.595282926634937, 35.062696667981179 ], [ -106.595284056018599, 35.062633682543463 ], [ -106.595287179149139, 35.062478910300079 ], [ -106.595292926251446, 35.062194034743186 ], [ -106.595329362785677, 35.060140004386234 ], [ -106.595246555185881, 35.060093361511285 ], [ -106.595243940400593, 35.058223644934394 ], [ -106.594597928588755, 35.05822130621376 ], [ -106.590869921159324, 35.058209514395443 ], [ -106.588669679397015, 35.058202856466544 ], [ -106.587666933462145, 35.058199764373271 ], [ -106.58707992420392, 35.058197667584864 ], [ -106.586484924625069, 35.058353668297997 ], [ -106.585353208790337, 35.058366435186223 ], [ -106.583156127475036, 35.058352925604197 ], [ -106.581995275428142, 35.058331587570315 ], [ -106.580959355942099, 35.058326662992705 ], [ -106.579864871494124, 35.058316572023443 ], [ -106.57760092214447, 35.058262668073269 ], [ -106.577603029776498, 35.058194179364207 ], [ -106.577663258456965, 35.056353447769339 ], [ -106.577657335915887, 35.056246866083626 ], [ -106.577615211244037, 35.055488788569974 ], [ -106.577618751790681, 35.055365166244435 ], [ -106.577618199344471, 35.055296290748331 ], [ -106.577560724865563, 35.055276491222152 ], [ -106.5770510678215, 35.055100923122673 ], [ -106.576903663510677, 35.055054787934601 ], [ -106.576763373893328, 35.055021245737301 ], [ -106.575700076097519, 35.054633284102827 ], [ -106.573229668885745, 35.05387508042547 ], [ -106.572713653611245, 35.0537167000086 ], [ -106.569767686760457, 35.05278304206356 ], [ -106.569081855305271, 35.052577762400446 ], [ -106.568914920128108, 35.052550668023663 ], [ -106.56907664873178, 35.049992430995133 ], [ -106.569077557461029, 35.049702666414809 ], [ -106.569077981668414, 35.048176039959401 ], [ -106.569078186507895, 35.047757130115073 ], [ -106.569078710298911, 35.046680287393478 ], [ -106.569072797483472, 35.045505587857356 ], [ -106.569037596727554, 35.043765102739336 ], [ -106.56901850407813, 35.042819563841235 ], [ -106.569045599188513, 35.042277210545656 ], [ -106.569080894620598, 35.042196559420866 ], [ -106.569117435312577, 35.042112849051328 ], [ -106.569143896755847, 35.041795328458797 ], [ -106.56906237976213, 35.041145329462417 ], [ -106.568980864096602, 35.040495329433242 ], [ -106.568918777935139, 35.040406473172361 ], [ -106.568921118495439, 35.038570541906296 ], [ -106.568922461535195, 35.036733953737595 ], [ -106.568923803748575, 35.034897365917367 ], [ -106.568925147320584, 35.033060776637001 ], [ -106.568927835266393, 35.029387597310318 ], [ -106.568930524273043, 35.025714414859038 ], [ -106.56892741059859, 35.021645813001321 ], [ -106.568924299925783, 35.017577207508751 ], [ -106.568921190069773, 35.01350860019015 ], [ -106.568918083214839, 35.009439989236988 ], [ -106.568914983902076, 35.005379885398142 ], [ -106.56891188648973, 35.001319778840781 ], [ -106.568908790977531, 34.997259669564976 ], [ -106.568905698457172, 34.993199556666589 ], [ -106.568905694599138, 34.993165518974386 ], [ -106.568905691293438, 34.993141508330858 ], [ -106.568905651543673, 34.990806031912449 ], [ -106.568905630941444, 34.988470553644852 ], [ -106.568905610871383, 34.986135075379956 ], [ -106.568905591329937, 34.983799596216322 ], [ -106.568969061560864, 34.974648880933799 ], [ -106.569032526868, 34.965498151896206 ], [ -106.56909598506887, 34.956347409110926 ], [ -106.569159673754925, 34.94719665375834 ], [ -106.571922845189349, 34.947207543610659 ], [ -106.574686254426936, 34.94721837087215 ], [ -106.582673045640647, 34.947249315446314 ], [ -106.590659838442519, 34.947279734867493 ], [ -106.643278535104727, 34.947130744551423 ], [ -106.647646783516393, 34.947118394484789 ], [ -106.647985059030546, 34.947117420109791 ], [ -106.654614418012528, 34.947098127053643 ], [ -106.66124377129826, 34.947078472222493 ], [ -106.66336819543605, 34.947072097357655 ], [ -106.662411935860177, 34.949052243578386 ], [ -106.661445841156763, 34.95103321290992 ], [ -106.66047970037998, 34.953014174235371 ], [ -106.659513514613806, 34.954995126647873 ], [ -106.658576175178098, 34.956694484652367 ], [ -106.658002945429928, 34.958234080555208 ], [ -106.657429694505907, 34.959773673510483 ], [ -106.656991990034342, 34.961418485223511 ], [ -106.656554268387382, 34.963063295034267 ], [ -106.656116529563008, 34.964708102942481 ], [ -106.655678774649687, 34.966352908042673 ], [ -106.653508666172129, 34.973058837985384 ], [ -106.65133821012698, 34.979764724148694 ], [ -106.649166634396877, 34.986470397762069 ], [ -106.64699317100667, 34.993175689086215 ], [ -106.646982632097576, 34.99320820161131 ], [ -106.646963823004143, 34.993266211233561 ], [ -106.645996974389504, 34.995944953782001 ], [ -106.645030063543857, 34.99862368696806 ], [ -106.644063090459483, 35.00130241169083 ], [ -106.643096055124317, 35.003981127948045 ], [ -106.641773869667531, 35.007654651417177 ], [ -106.640451568540769, 35.011328158136649 ], [ -106.639129149530362, 35.015001649910509 ], [ -106.637806613692192, 35.018675124926268 ], [ -106.6376666978598, 35.019841837083469 ], [ -106.637526778210756, 35.021008548881156 ], [ -106.637246931211521, 35.023341837067754 ], [ -106.637825771032027, 35.024494527608887 ], [ -106.637864613219861, 35.025669354910725 ], [ -106.637882556265424, 35.026212070108123 ], [ -106.637901992801147, 35.026799921222548 ], [ -106.637977075064484, 35.029070699587855 ], [ -106.637967602546979, 35.029997400612409 ], [ -106.637966314950944, 35.030123365136774 ], [ -106.637957182476526, 35.031016758596273 ], [ -106.637884566006576, 35.037790935966726 ], [ -106.637875864920304, 35.038675848681173 ], [ -106.637876174625234, 35.04031594920238 ], [ -106.637876228460854, 35.04054581247847 ], [ -106.639632400870084, 35.040540185706355 ], [ -106.641750173691804, 35.040505044473115 ], [ -106.642422862692527, 35.04071529445045 ], [ -106.642802489473524, 35.040884006662786 ], [ -106.643033827881595, 35.041220928335854 ], [ -106.643100935666695, 35.041318662712321 ], [ -106.643150048475917, 35.041379184483212 ], [ -106.643247439967041, 35.04149766511032 ], [ -106.643291774280513, 35.041551601816593 ], [ -106.643356336299718, 35.041630785032673 ], [ -106.643376926793451, 35.041688509091045 ], [ -106.643388531909423, 35.041720007248841 ], [ -106.643426654521477, 35.041823482154776 ], [ -106.64343747897145, 35.04185286260396 ], [ -106.643563688172804, 35.042195426436813 ], [ -106.643592912909739, 35.042291088340846 ], [ -106.643616913974142, 35.042359381725028 ], [ -106.643643745040634, 35.042435181395099 ], [ -106.643668749103455, 35.04250621285324 ], [ -106.643688278988392, 35.042562103114506 ], [ -106.643701935734612, 35.042599662307893 ], [ -106.643736863862344, 35.042624285932554 ], [ -106.645188688469688, 35.043647782817786 ], [ -106.64528373745496, 35.043700440269518 ], [ -106.645385503126192, 35.04375596403532 ], [ -106.645475110157832, 35.043805213521921 ], [ -106.645588634200763, 35.043867569715118 ], [ -106.645670654348763, 35.04391254292721 ], [ -106.645777818287343, 35.0439713417883 ], [ -106.645848290193015, 35.044009554640525 ], [ -106.645928936297864, 35.044053662250256 ], [ -106.646213851065042, 35.044144720723025 ], [ -106.646265271800232, 35.044160953048902 ], [ -106.646402763560729, 35.044204908021058 ], [ -106.646430936748374, 35.044213662896809 ], [ -106.647739497618858, 35.044353566899971 ], [ -106.647841044956238, 35.044363547564217 ], [ -106.6479857045546, 35.044361210716552 ], [ -106.648420929476231, 35.044354177017503 ], [ -106.648907005010244, 35.04434632012002 ], [ -106.649451888351976, 35.044337509547702 ], [ -106.649691759323574, 35.044333806961603 ], [ -106.649901888072208, 35.044330561618665 ], [ -106.650298675609363, 35.04432435821947 ], [ -106.650944202842439, 35.044314264119755 ], [ -106.651396879458858, 35.044307182807586 ], [ -106.651560749003934, 35.04430496835095 ], [ -106.651650794305311, 35.044303813006124 ], [ -106.654169879220802, 35.044264124545357 ], [ -106.654243876110385, 35.044262972958407 ], [ -106.654685268715411, 35.044255691609322 ], [ -106.655054934620011, 35.044316661446281 ], [ -106.657011804235495, 35.044299505172027 ], [ -106.657043824991433, 35.044299223768242 ], [ -106.657107938849819, 35.044298661593956 ], [ -106.657089841055821, 35.047502665741234 ], [ -106.657089718561693, 35.047531664281124 ], [ -106.657088014733418, 35.047901656650666 ], [ -106.657758942847437, 35.047894346369915 ], [ -106.657825967767437, 35.047893366563393 ], [ -106.658086955938799, 35.047890643685676 ], [ -106.658271480343231, 35.047888739192935 ], [ -106.661657784774818, 35.047851809507115 ], [ -106.661821792524904, 35.047850018807971 ], [ -106.661239562259482, 35.048650199282868 ], [ -106.661216318889799, 35.048682143725792 ], [ -106.661197754655888, 35.048707655723334 ], [ -106.661175823960491, 35.048737527763329 ], [ -106.661042811002545, 35.048918704697833 ], [ -106.660596844772982, 35.049526146380316 ], [ -106.660575587595503, 35.049555101049577 ], [ -106.658115303820296, 35.056803325091117 ], [ -106.65787544060943, 35.062854665317495 ], [ -106.659175440988761, 35.063654665666064 ], [ -106.659175441371858, 35.066154666063916 ], [ -106.659575441083291, 35.069254666490949 ], [ -106.659975441594227, 35.070354666501004 ], [ -106.661475441800008, 35.071754666286722 ], [ -106.665776986314768, 35.073953973164848 ], [ -106.668975444617232, 35.076354666569564 ], [ -106.671872463547459, 35.078756695267579 ], [ -106.675673040180229, 35.083456433845832 ], [ -106.676975446993893, 35.084454667215397 ], [ -106.680875150293645, 35.089425937259804 ], [ -106.684676354328943, 35.091053607331979 ], [ -106.684792712103786, 35.091120660187414 ], [ -106.687975450114024, 35.09295466832075 ], [ -106.688075450115321, 35.096454668781305 ], [ -106.690375450031794, 35.098554669310822 ], [ -106.690507526749641, 35.09901874273649 ], [ -106.690644975806137, 35.099501679121992 ], [ -106.691478489621957, 35.102430170011104 ], [ -106.691506725624308, 35.102529374456665 ], [ -106.691572242000333, 35.102759549907624 ], [ -106.691573548090801, 35.102821324175835 ], [ -106.691643794231481, 35.106142875608064 ], [ -106.691644178375554, 35.106173214271024 ], [ -106.691645710923638, 35.106286907522779 ], [ -106.690778253701083, 35.109145977187318 ], [ -106.690624565542876, 35.109874185892679 ], [ -106.68972523397737, 35.109885921332328 ], [ -106.688825902081248, 35.109897650101942 ], [ -106.687660197528402, 35.109791612496103 ], [ -106.687412867662616, 35.109732984317539 ], [ -106.686597484435651, 35.109551512489048 ], [ -106.684538014540266, 35.109299244346644 ], [ -106.684076087301662, 35.109312198870107 ], [ -106.68377720281326, 35.109943365947672 ], [ -106.683776051752687, 35.109945792258657 ], [ -106.681235709760614, 35.109769600503753 ], [ -106.679864568121417, 35.10960245573159 ], [ -106.679962537246823, 35.109124942605334 ], [ -106.67989263660688, 35.10905383180922 ], [ -106.679934619785186, 35.108854834122866 ], [ -106.679456065235968, 35.108854447993295 ], [ -106.679340739396821, 35.108943403099616 ], [ -106.679254128522558, 35.109070936694522 ], [ -106.67898224852587, 35.109533985358681 ], [ -106.678982026486068, 35.109534318779026 ], [ -106.678801542560763, 35.109484327432511 ], [ -106.6781421050988, 35.109303108730792 ], [ -106.677750394373163, 35.109214087882826 ], [ -106.677750338361705, 35.109214075460166 ], [ -106.67748591348078, 35.109154916689505 ], [ -106.676935259864521, 35.109157096964999 ], [ -106.676542744123708, 35.109234050726869 ], [ -106.675884603690491, 35.109365541324962 ], [ -106.675519257611739, 35.109387243874657 ], [ -106.675519225808884, 35.109387245789172 ], [ -106.674644038704812, 35.109439228992471 ], [ -106.672210521470461, 35.109699143782002 ], [ -106.671056966256856, 35.107202988924527 ], [ -106.670625564475813, 35.10488471301904 ] ] ] } },
{ "type": "Feature", "properties": { "NAME": "LA CUEVA", "ID": 525 }, "geometry": { "type": "Polygon", "coordinates": [ [ [ -106.569072229625121, 35.217777219667113 ], [ -106.568456933925361, 35.21776969282228 ], [ -106.567322386494254, 35.217772785391197 ], [ -106.562739374188808, 35.217785167841498 ], [ -106.562687193682962, 35.21778529540962 ], [ -106.561220292392093, 35.217788880427776 ], [ -106.55981918085395, 35.217777193785381 ], [ -106.524017857560509, 35.217840800259346 ], [ -106.509631688504456, 35.217863763952479 ], [ -106.506277495222093, 35.217864714057747 ], [ -106.459360204825117, 35.217928303245692 ], [ -106.458497953532657, 35.216768937460458 ], [ -106.458038908560354, 35.216151699296667 ], [ -106.456537908596445, 35.214502699139665 ], [ -106.451635906496591, 35.21047069806837 ], [ -106.444738826741713, 35.205742058291676 ], [ -106.441373904030755, 35.204220697637247 ], [ -106.437004903038599, 35.202497698287871 ], [ -106.436150232517306, 35.20222694102435 ], [ -106.432787901430601, 35.200079697570203 ], [ -106.431366901727145, 35.198597697364683 ], [ -106.430901225969706, 35.19820368550721 ], [ -106.430642783848327, 35.197984139105351 ], [ -106.430539151168105, 35.197941629264804 ], [ -106.429792900710055, 35.197630697866884 ], [ -106.429476900873254, 35.197349697392319 ], [ -106.426832900542038, 35.195694697525688 ], [ -106.424914900170876, 35.194831697218611 ], [ -106.421484898971201, 35.192949697557758 ], [ -106.419310898367797, 35.191316697178124 ], [ -106.41603645933499, 35.188573486285364 ], [ -106.416054464636971, 35.188504017029118 ], [ -106.416063518409786, 35.188473366323436 ], [ -106.418193896822174, 35.181260695476681 ], [ -106.418262079417204, 35.181136531236589 ], [ -106.418864897263745, 35.179920695184833 ], [ -106.41901201685576, 35.1797053022988 ], [ -106.419101189553402, 35.17957474676605 ], [ -106.419190169313779, 35.179444473587225 ], [ -106.419215672672522, 35.179398549868459 ], [ -106.419241506346808, 35.179352030728296 ], [ -106.419288742353572, 35.179278072313778 ], [ -106.419307503263454, 35.179261322471049 ], [ -106.420006667162994, 35.178835246619627 ], [ -106.420036897068186, 35.178810695679751 ], [ -106.421414897625624, 35.178344695458605 ], [ -106.427588691149055, 35.176998784990495 ], [ -106.428027829618657, 35.176731329509572 ], [ -106.429841845984441, 35.174799612055672 ], [ -106.429865899470272, 35.174777694636902 ], [ -106.430460899768235, 35.174544694500163 ], [ -106.431650339082879, 35.174439031319153 ], [ -106.432363136422026, 35.173851887744433 ], [ -106.432581310892189, 35.173672030654657 ], [ -106.432601595975513, 35.173655262924285 ], [ -106.432656396978189, 35.173610101677198 ], [ -106.432680131434864, 35.173590842543327 ], [ -106.432720772030635, 35.173570669980165 ], [ -106.433624470937943, 35.173122096835691 ], [ -106.433653900064968, 35.173096693633433 ], [ -106.435254741318801, 35.173019751495929 ], [ -106.438476462565973, 35.171075215011577 ], [ -106.438511737647275, 35.171033191472993 ], [ -106.439754511068088, 35.169555577477695 ], [ -106.43978286332478, 35.169531109263666 ], [ -106.44091363545968, 35.1685505640163 ], [ -106.441756366645805, 35.168318882652855 ], [ -106.443010689345329, 35.168282296784525 ], [ -106.445264692559434, 35.167848828776854 ], [ -106.445294747366063, 35.167824332186257 ], [ -106.446862635434698, 35.16653184538405 ], [ -106.44792432775084, 35.166118561586899 ], [ -106.449555204054732, 35.166244055716064 ], [ -106.44965349293085, 35.166209686558311 ], [ -106.450446147245415, 35.165927630046113 ], [ -106.45174585425643, 35.165464247172665 ], [ -106.453018332163623, 35.165010553182405 ], [ -106.453566624555336, 35.164815057535598 ], [ -106.453870548444598, 35.164706384515817 ], [ -106.453908320167884, 35.16469253331109 ], [ -106.455738280206148, 35.165250309083653 ], [ -106.455760642094987, 35.165257124808612 ], [ -106.458942929358003, 35.164070423543471 ], [ -106.460230587964844, 35.164185169517893 ], [ -106.460288862519249, 35.164171564700574 ], [ -106.460341674668825, 35.164158793262025 ], [ -106.468673906658566, 35.162102690407835 ], [ -106.470908907756296, 35.161171689990766 ], [ -106.471554907249683, 35.161003690304163 ], [ -106.471979907887487, 35.160942690259169 ], [ -106.472922224980579, 35.161215274137597 ], [ -106.473386908170852, 35.161349689430935 ], [ -106.4736733532134, 35.161337515137333 ], [ -106.474512716365325, 35.161300613244507 ], [ -106.474547458190884, 35.161294912108218 ], [ -106.475244354760349, 35.161172783956374 ], [ -106.478880585503106, 35.160535446298802 ], [ -106.478923033774578, 35.160527864254625 ], [ -106.478957908648141, 35.16052168924422 ], [ -106.47897947407985, 35.160513561603423 ], [ -106.479328369957742, 35.160383900967815 ], [ -106.479357702506618, 35.160368333335029 ], [ -106.479385731625655, 35.160350644352825 ], [ -106.479415283387524, 35.16033184189768 ], [ -106.479450825810687, 35.160306612488682 ], [ -106.479477589917096, 35.160287594443027 ], [ -106.479498294991643, 35.160276852338932 ], [ -106.479526187995035, 35.160259184315215 ], [ -106.479564787084868, 35.16023462426589 ], [ -106.479927075191597, 35.1600052598776 ], [ -106.479970646401853, 35.159977534294725 ], [ -106.48000781005878, 35.159953966617586 ], [ -106.48011593893753, 35.159885682176714 ], [ -106.480138581921807, 35.159874796557702 ], [ -106.480161646840358, 35.159864064280441 ], [ -106.480191286910951, 35.159851018110999 ], [ -106.480215494345757, 35.159845686027438 ], [ -106.480305444719107, 35.159804818326194 ], [ -106.480565710606314, 35.159686569025141 ], [ -106.482834565203774, 35.159161789256927 ], [ -106.483072501518762, 35.159162626245134 ], [ -106.483739476545026, 35.159161015910058 ], [ -106.483766999294815, 35.159160949287497 ], [ -106.483837238617156, 35.159160779488346 ], [ -106.483875532617532, 35.159164104931953 ], [ -106.483934380395027, 35.159171239859951 ], [ -106.483979003463602, 35.159176831008097 ], [ -106.484636960184034, 35.159327380352963 ], [ -106.485836472195999, 35.159500219750278 ], [ -106.486702568626313, 35.159498530757091 ], [ -106.48718159634538, 35.159399055820806 ], [ -106.487593929903483, 35.159124542342418 ], [ -106.488311567419629, 35.15854335615392 ], [ -106.48908356798016, 35.158257401476774 ], [ -106.489589583472863, 35.158256401890469 ], [ -106.490096211693086, 35.158310031201722 ], [ -106.490186568731886, 35.158375422497762 ], [ -106.490220050544934, 35.158388849885206 ], [ -106.490896516965122, 35.158691414443624 ], [ -106.491330951481828, 35.158766743821531 ], [ -106.491709322667376, 35.158766426762519 ], [ -106.491888005895703, 35.158732736435809 ], [ -106.493759470663562, 35.158094912959356 ], [ -106.494251161715724, 35.157754585451599 ], [ -106.494865731970194, 35.157506124776127 ], [ -106.495667521476861, 35.157394312351364 ], [ -106.496500757974289, 35.157201200311931 ], [ -106.497245968092713, 35.157217236669354 ], [ -106.497176507410657, 35.1523616213765 ], [ -106.497214097685287, 35.15236104889123 ], [ -106.499342587540824, 35.152328605571924 ], [ -106.499751118192549, 35.152322360910603 ], [ -106.50037225963932, 35.152327382838926 ], [ -106.502251454375497, 35.152329296842893 ], [ -106.502914508493532, 35.152308218909091 ], [ -106.503312029081314, 35.152297413078486 ], [ -106.50390768553541, 35.152300908850741 ], [ -106.504832008329075, 35.152312663186457 ], [ -106.505450038100577, 35.152325345964471 ], [ -106.506876405048331, 35.152325307912641 ], [ -106.508280172372736, 35.152292122551273 ], [ -106.509237839391133, 35.152042785883111 ], [ -106.51008512272243, 35.151673504800399 ], [ -106.510813933800762, 35.151259756525263 ], [ -106.511835152225814, 35.150875303122234 ], [ -106.513295124929911, 35.150789738991556 ], [ -106.516079461282786, 35.150845412254398 ], [ -106.517037564323601, 35.150991336707861 ], [ -106.51827113645578, 35.151490766061855 ], [ -106.518435768712493, 35.151587948017188 ], [ -106.519129216528611, 35.152057687556443 ], [ -106.520594614282757, 35.153052466976725 ], [ -106.520743038516684, 35.153174383419262 ], [ -106.522002912314534, 35.153888642393248 ], [ -106.522628110624879, 35.154152739652027 ], [ -106.523322718813617, 35.154271438626104 ], [ -106.524529108575862, 35.154360758008806 ], [ -106.524475235029627, 35.153630998012233 ], [ -106.524583903259966, 35.152826650786501 ], [ -106.524632637268184, 35.152618982953655 ], [ -106.524811902351047, 35.151958496943671 ], [ -106.525409051344226, 35.150725050546143 ], [ -106.525439383477362, 35.150684702208814 ], [ -106.526357699720393, 35.149512763610687 ], [ -106.526934426246342, 35.148774496946508 ], [ -106.529610630591009, 35.145433698523163 ], [ -106.531650437478802, 35.142855212678505 ], [ -106.531669587955406, 35.142831003931242 ], [ -106.531832415720118, 35.14262516714124 ], [ -106.53188536504129, 35.142550938582609 ], [ -106.532235103786235, 35.142060634207752 ], [ -106.532776686007949, 35.141145194252218 ], [ -106.532930848532416, 35.140893871917847 ], [ -106.533012012835442, 35.14074741237134 ], [ -106.533040036807392, 35.140693274401016 ], [ -106.533115919492957, 35.14054668378634 ], [ -106.533183550910309, 35.140316572410185 ], [ -106.533260315599904, 35.140055385618922 ], [ -106.533335305935978, 35.139518526228748 ], [ -106.533356854901228, 35.13913258164532 ], [ -106.53336634315562, 35.13889891281562 ], [ -106.537655193226911, 35.138922691231564 ], [ -106.537647022611509, 35.13921392648669 ], [ -106.537771612058521, 35.139726445266845 ], [ -106.53778564650635, 35.139767214228669 ], [ -106.537977906066871, 35.140203297722053 ], [ -106.538282618281585, 35.140973779925076 ], [ -106.538593922880978, 35.141779339851816 ], [ -106.538725674655325, 35.143227703555688 ], [ -106.538996192422232, 35.144058545759648 ], [ -106.539376651022465, 35.144750505432192 ], [ -106.539845923226224, 35.145802763962685 ], [ -106.540110096310869, 35.147177489944788 ], [ -106.54013041041361, 35.14754218154237 ], [ -106.540101945385373, 35.147801038238995 ], [ -106.539991921694849, 35.148050684426593 ], [ -106.539497932584837, 35.148569853744043 ], [ -106.538970975155777, 35.148858378622577 ], [ -106.539427792876268, 35.149501885591846 ], [ -106.539663421413223, 35.149956685159346 ], [ -106.539854904249736, 35.15073353366769 ], [ -106.539874548885436, 35.151313983603444 ], [ -106.539911856000685, 35.15204546115082 ], [ -106.539934832822226, 35.152533159393826 ], [ -106.539937395414555, 35.152587542974643 ], [ -106.539992750752418, 35.153525164217712 ], [ -106.540203109542418, 35.15347414978929 ], [ -106.544984983757359, 35.153107417810652 ], [ -106.545472971108296, 35.153138937788981 ], [ -106.550000894937426, 35.153431314089318 ], [ -106.554020191615621, 35.15407270534682 ], [ -106.556789486105629, 35.155683741841294 ], [ -106.559895315858327, 35.157810891781189 ], [ -106.559899248941932, 35.157842206060138 ], [ -106.5598967103153, 35.158076419877617 ], [ -106.559899408014871, 35.158928986767862 ], [ -106.559908179314505, 35.159452214720083 ], [ -106.559923367724622, 35.15974883347031 ], [ -106.559923564293314, 35.159954326475912 ], [ -106.559923560324464, 35.160046465027776 ], [ -106.559923557622113, 35.160110576735306 ], [ -106.559923557101897, 35.160138510727457 ], [ -106.559923554801713, 35.160207647991157 ], [ -106.559923551291988, 35.160284569238193 ], [ -106.55992584739036, 35.160921734688657 ], [ -106.559938107860475, 35.162425391433388 ], [ -106.559940392774152, 35.163027699611895 ], [ -106.559939062558655, 35.164729434408905 ], [ -106.559948178932629, 35.165499835291101 ], [ -106.559953307905985, 35.165933317859192 ], [ -106.559954960950151, 35.166073013196204 ], [ -106.559956517111104, 35.166204531774589 ], [ -106.559957321495247, 35.166272449053572 ], [ -106.559956074088092, 35.166353655267535 ], [ -106.559945691817646, 35.167029616428778 ], [ -106.559940234413133, 35.167782918750383 ], [ -106.559945450378663, 35.168036466353307 ], [ -106.559956071797927, 35.168552675543594 ], [ -106.559966028370411, 35.16898534866354 ], [ -106.559966448705467, 35.169033049305632 ], [ -106.559966736922675, 35.16929935047397 ], [ -106.559969862970178, 35.169856087822915 ], [ -106.559971169777214, 35.170088776011369 ], [ -106.559954452560632, 35.170751034795252 ], [ -106.559953382879286, 35.170793454070754 ], [ -106.559951912919416, 35.171072624164921 ], [ -106.55994385823476, 35.172603852339201 ], [ -106.559942649149519, 35.172833739764705 ], [ -106.559930535189878, 35.174041453474452 ], [ -106.5599287158133, 35.174222491390225 ], [ -106.560127086394971, 35.174230587056982 ], [ -106.560374052677076, 35.17424088812507 ], [ -106.560417560431347, 35.174242703023808 ], [ -106.560712966954455, 35.174255022889668 ], [ -106.563776345388362, 35.174377954690108 ], [ -106.564369929697733, 35.174401562307033 ], [ -106.566171723889909, 35.174441387872903 ], [ -106.567316305643956, 35.174438394967979 ], [ -106.568849085341213, 35.17442968164039 ], [ -106.571313437174894, 35.17445571554218 ], [ -106.57298074027112, 35.174451281429207 ], [ -106.577595909257511, 35.174211521516277 ], [ -106.58010505937267, 35.174113407987022 ], [ -106.580378834049853, 35.174114429332747 ], [ -106.582608020192836, 35.174265207906757 ], [ -106.583572252981028, 35.174305600355723 ], [ -106.583729485741245, 35.174314021240136 ], [ -106.58476220194494, 35.174351058665287 ], [ -106.585584118900726, 35.174380529631641 ], [ -106.587771081212821, 35.174458917229465 ], [ -106.588338758799665, 35.174474136753403 ], [ -106.588836088734652, 35.174476230702204 ], [ -106.590988879561877, 35.174489107385824 ], [ -106.592944536472189, 35.174500772411569 ], [ -106.593158624257498, 35.174493891167884 ], [ -106.593455178362461, 35.17446816367319 ], [ -106.594948586203259, 35.174434825160809 ], [ -106.595292892613372, 35.174423416308791 ], [ -106.595644947403969, 35.174427763213473 ], [ -106.59567737584517, 35.174428177286984 ], [ -106.595709805395941, 35.174428594052969 ], [ -106.596489455113172, 35.17443857557398 ], [ -106.598219074487204, 35.174440567718754 ], [ -106.598313506775028, 35.174441103910176 ], [ -106.598357119325001, 35.174441539192593 ], [ -106.598472287509367, 35.174442689002731 ], [ -106.599773246967729, 35.174457787689029 ], [ -106.600010443502057, 35.174463043950468 ], [ -106.600139900769705, 35.174467069755345 ], [ -106.601318093803229, 35.174500318240518 ], [ -106.601871168949572, 35.174510950881334 ], [ -106.603071937705451, 35.1745266846372 ], [ -106.603107284742038, 35.174528457504593 ], [ -106.603561676935684, 35.174551241139717 ], [ -106.60538313157015, 35.174645706899206 ], [ -106.605293936535986, 35.178867090289714 ], [ -106.60522593915212, 35.181374685864618 ], [ -106.60471493872798, 35.184660686067247 ], [ -106.603729938340294, 35.188083686718073 ], [ -106.601759543077065, 35.192735993538385 ], [ -106.601268220501822, 35.193895970044245 ], [ -106.601253938377454, 35.193929687432657 ], [ -106.59973034816673, 35.197219127912447 ], [ -106.598181938630674, 35.200562689234886 ], [ -106.597395938418359, 35.201954689391975 ], [ -106.596351938536515, 35.202092689276512 ], [ -106.595430937902691, 35.202600689687557 ], [ -106.592081005206822, 35.207550092975211 ], [ -106.595995962122473, 35.207957242444188 ], [ -106.594035922702787, 35.209525097358593 ], [ -106.592642756038956, 35.209990294280374 ], [ -106.592110521564337, 35.210129860670129 ], [ -106.589671179916749, 35.214126725706571 ], [ -106.588173994987557, 35.214693988291735 ], [ -106.587156997820898, 35.215897564077082 ], [ -106.586398792187978, 35.217505654786038 ], [ -106.586216307757027, 35.217985933015534 ], [ -106.585735735574389, 35.217980692482115 ], [ -106.571956765110983, 35.21781249336464 ], [ -106.57192810832727, 35.21781214048449 ], [ -106.571532780555799, 35.21780728392789 ], [ -106.569072229625121, 35.217777219667113 ] ] ] } },
{ "type": "Feature", "properties": { "NAME": "VOLCANO VISTA", "ID": 575 }, "geometry": { "type": "Polygon", "coordinates": [ [ [ -106.745363975284079, 35.203266680820562 ], [ -106.74536401631164, 35.203231477927289 ], [ -106.742516637783723, 35.203247399080368 ], [ -106.741808424917863, 35.203251348521952 ], [ -106.739226854146594, 35.203241250917003 ], [ -106.738739256190684, 35.203242013844466 ], [ -106.736821196258632, 35.203244997064573 ], [ -106.736668230357665, 35.203273833098216 ], [ -106.736502597075614, 35.203305057248606 ], [ -106.734770574179407, 35.203302196144982 ], [ -106.734706081098537, 35.203302493085239 ], [ -106.73370594455038, 35.203307088281186 ], [ -106.733045920444553, 35.203312675254693 ], [ -106.731455274837387, 35.203307702673861 ], [ -106.730382916436838, 35.203317270250878 ], [ -106.72766861050242, 35.203326980467587 ], [ -106.727665701184378, 35.203196055213567 ], [ -106.727661400540484, 35.20300250839378 ], [ -106.727646384623867, 35.202317948220596 ], [ -106.727631540147073, 35.201641231562292 ], [ -106.727623098388491, 35.201256362822939 ], [ -106.727662200570151, 35.200022855875886 ], [ -106.727665652734842, 35.199913959024073 ], [ -106.727672895482698, 35.199680067083214 ], [ -106.727673778711733, 35.198769243500685 ], [ -106.727673824320334, 35.198721698109992 ], [ -106.727674062992534, 35.198501730252033 ], [ -106.727706121140884, 35.197696097115347 ], [ -106.727708509198862, 35.197636743609955 ], [ -106.72774932331464, 35.196622319957832 ], [ -106.727755291476726, 35.194640302658534 ], [ -106.727710948917533, 35.193469982358572 ], [ -106.727701331429927, 35.19321614303243 ], [ -106.727695957027805, 35.193074282969256 ], [ -106.727660088722246, 35.192132555250993 ], [ -106.72766153222355, 35.192055172220464 ], [ -106.727716910595873, 35.189086601261764 ], [ -106.727026257043534, 35.189096827133227 ], [ -106.726400287568921, 35.189046609428019 ], [ -106.725758570407109, 35.18889446739076 ], [ -106.725721713491211, 35.188883063886664 ], [ -106.725339544028472, 35.188764823226002 ], [ -106.725243379760869, 35.188735070151019 ], [ -106.724916713120123, 35.188552711204373 ], [ -106.724789339207533, 35.188481606015145 ], [ -106.724604406553539, 35.188378368345859 ], [ -106.724285364198849, 35.188122100669169 ], [ -106.724184847888878, 35.188022135670636 ], [ -106.723983796139891, 35.187822187461592 ], [ -106.720114798560346, 35.183974162662992 ], [ -106.71714587159093, 35.181042994836695 ], [ -106.71701047295393, 35.180894597836136 ], [ -106.716746549000831, 35.180685728254325 ], [ -106.716378778209162, 35.180462427552811 ], [ -106.716230675370355, 35.180397080167076 ], [ -106.716182627932824, 35.180375879418698 ], [ -106.715858365847225, 35.180238179557193 ], [ -106.715609000858649, 35.180169978366877 ], [ -106.71538983841458, 35.180114678266598 ], [ -106.715011448716524, 35.180045714921455 ], [ -106.714798254442286, 35.179995453303235 ], [ -106.714465789380895, 35.17989756067719 ], [ -106.714363495438604, 35.179873596972712 ], [ -106.714092451140388, 35.179810101933469 ], [ -106.71383201019809, 35.179770021972232 ], [ -106.713491372660812, 35.179742264512285 ], [ -106.711830962288118, 35.179739068769955 ], [ -106.711514157047219, 35.179738456301386 ], [ -106.71138343683198, 35.179738466634753 ], [ -106.71128174823366, 35.179738475341388 ], [ -106.710812729885845, 35.179738511839247 ], [ -106.710522481631727, 35.179738308655566 ], [ -106.707670898184332, 35.179736277916788 ], [ -106.707643116988649, 35.179736257586583 ], [ -106.707148605568577, 35.17973589845171 ], [ -106.703582540766376, 35.179733665206143 ], [ -106.703518225283474, 35.17973514551403 ], [ -106.703518889390836, 35.179804697035792 ], [ -106.703284522979359, 35.179804572844688 ], [ -106.702410846924636, 35.179810118121338 ], [ -106.701797206725971, 35.179590145658487 ], [ -106.7009141485767, 35.179508183737475 ], [ -106.699284604012973, 35.179002723785167 ], [ -106.698436009881988, 35.178892198989537 ], [ -106.696619942023545, 35.179083622565045 ], [ -106.69501230700142, 35.179416340662449 ], [ -106.694359062323954, 35.179674969031332 ], [ -106.692253302236878, 35.179681506842648 ], [ -106.690447825868645, 35.179672727845599 ], [ -106.687840951309482, 35.179689456608834 ], [ -106.687805126534371, 35.179689419337848 ], [ -106.687735624554762, 35.179689346017284 ], [ -106.686256961635891, 35.179858628070441 ], [ -106.686097661919277, 35.179890126460151 ], [ -106.68571441772292, 35.179965904995896 ], [ -106.685286955957949, 35.180086681471799 ], [ -106.68492995087837, 35.180203468806702 ], [ -106.684785961100701, 35.180262032967285 ], [ -106.684492056059327, 35.180381571743908 ], [ -106.683512470500261, 35.180727481307024 ], [ -106.681352754875249, 35.181210836699471 ], [ -106.679261652505687, 35.181382793533288 ], [ -106.677702544317938, 35.181388309082244 ], [ -106.67470564441318, 35.181217918836929 ], [ -106.674142299805325, 35.181287664802866 ], [ -106.674012793447133, 35.181305227538743 ], [ -106.673789684679946, 35.181339668986631 ], [ -106.673670649218323, 35.181367140289844 ], [ -106.672344725290259, 35.181719669421589 ], [ -106.671985936455897, 35.181783123732814 ], [ -106.671612758449598, 35.181818772624702 ], [ -106.671505663257392, 35.181807795357535 ], [ -106.671424247732787, 35.181799450993083 ], [ -106.671119125546326, 35.18178589091206 ], [ -106.67013895315489, 35.181647682485497 ], [ -106.668169776694882, 35.180902087896477 ], [ -106.670152975763855, 35.178943032949753 ], [ -106.671556847528748, 35.177637780801675 ], [ -106.672115210476989, 35.176954552054305 ], [ -106.672486906183181, 35.176538284985888 ], [ -106.672866953391903, 35.176019681469 ], [ -106.673480953440318, 35.174986681126832 ], [ -106.673769014156036, 35.174285219252575 ], [ -106.673948013937874, 35.173756847877435 ], [ -106.674408755582888, 35.172397076012615 ], [ -106.674543184600182, 35.171959632952756 ], [ -106.674759964545999, 35.171345701051209 ], [ -106.674972124073633, 35.170693198785386 ], [ -106.675214468442121, 35.169942135763904 ], [ -106.675243071334975, 35.169853488709528 ], [ -106.675290443432615, 35.169706672534893 ], [ -106.675512469293707, 35.169018563710772 ], [ -106.675742233189212, 35.168303732870925 ], [ -106.675754946849253, 35.168264179865993 ], [ -106.676002540126291, 35.167456772776198 ], [ -106.676011500351805, 35.167427553529521 ], [ -106.676020953621475, 35.167396679306513 ], [ -106.676768589211761, 35.164761531352639 ], [ -106.676776251857163, 35.164734509814842 ], [ -106.676789561566437, 35.164687587107011 ], [ -106.676885953306524, 35.164361679539311 ], [ -106.67711472125211, 35.163804788799126 ], [ -106.677129640443056, 35.163768471233972 ], [ -106.677163695242641, 35.163685569143794 ], [ -106.677306905046535, 35.163336946565074 ], [ -106.677317603302498, 35.163310904062854 ], [ -106.677369455314007, 35.163206029612169 ], [ -106.677446906121105, 35.163049377098424 ], [ -106.6775811047562, 35.162777944802464 ], [ -106.677611322057686, 35.162716826821438 ], [ -106.677663778325908, 35.162610725947552 ], [ -106.677819902656864, 35.162294945301007 ], [ -106.677876082536088, 35.162194645475317 ], [ -106.677898010067395, 35.162155630283273 ], [ -106.677953720618049, 35.162056507556763 ], [ -106.678054948705295, 35.161876396271396 ], [ -106.678232051655527, 35.161561281024959 ], [ -106.678372441394743, 35.161311765195684 ], [ -106.678624768306733, 35.16090600665877 ], [ -106.679176145623416, 35.160028812003404 ], [ -106.679404170670637, 35.159654726179745 ], [ -106.680050182513824, 35.158594897073989 ], [ -106.680352270537881, 35.158080433628534 ], [ -106.680512755408827, 35.157807121503815 ], [ -106.680781414999174, 35.15739995623283 ], [ -106.681263729352779, 35.156668974950492 ], [ -106.681458093775888, 35.156342136817031 ], [ -106.681512762812829, 35.156250206899337 ], [ -106.68185161692287, 35.155680389910515 ], [ -106.681969250836573, 35.155482574629758 ], [ -106.68288995321582, 35.154103677328422 ], [ -106.682997187960368, 35.153819635570429 ], [ -106.68306075140498, 35.153650792750469 ], [ -106.68335197923841, 35.153227819780518 ], [ -106.683379177469092, 35.153188316857417 ], [ -106.683396837980723, 35.153161285242192 ], [ -106.683413760311012, 35.153135383067607 ], [ -106.683426771208914, 35.153113686588775 ], [ -106.683448022294456, 35.15307824969485 ], [ -106.683591372276098, 35.152835693252328 ], [ -106.68367030588665, 35.152702131624402 ], [ -106.683698768266993, 35.152662642131538 ], [ -106.684660953544537, 35.151327676521177 ], [ -106.685080305442568, 35.150877160278547 ], [ -106.685781894302451, 35.150076993130753 ], [ -106.685835953539268, 35.150016676082593 ], [ -106.686208627982793, 35.149648734555797 ], [ -106.685288137209795, 35.149129223419926 ], [ -106.685265785580839, 35.149117379429654 ], [ -106.68510337232226, 35.149041451891179 ], [ -106.683986170300642, 35.148519160996379 ], [ -106.683347926567251, 35.148196049618562 ], [ -106.683132776084804, 35.148086800472882 ], [ -106.682051269264022, 35.147535565560375 ], [ -106.68193214457915, 35.147477329747012 ], [ -106.679285153087591, 35.146134084651649 ], [ -106.678858861977218, 35.145916086348095 ], [ -106.678805787151418, 35.145889412065294 ], [ -106.678778952100672, 35.145875925877945 ], [ -106.6774883586355, 35.145377501949532 ], [ -106.677460143382049, 35.145367800991089 ], [ -106.67922384947461, 35.143430387525662 ], [ -106.680027870479748, 35.142528301658345 ], [ -106.680043686699591, 35.142510556497058 ], [ -106.680478760680742, 35.142026632856734 ], [ -106.680594830928101, 35.14189793869074 ], [ -106.681050875817689, 35.141389066711383 ], [ -106.681784444858877, 35.140583432545576 ], [ -106.682304374916612, 35.140009828916597 ], [ -106.68250851556806, 35.139785229543648 ], [ -106.683616605137445, 35.13856861351892 ], [ -106.684510507649208, 35.137580088860446 ], [ -106.684831881461392, 35.137224690125592 ], [ -106.685001735371756, 35.137037833108899 ], [ -106.685066489318004, 35.13696659657878 ], [ -106.685182664082646, 35.136838791821809 ], [ -106.685441756491997, 35.136553760088688 ], [ -106.685976337259731, 35.135965649432912 ], [ -106.686113600469511, 35.135814639540875 ], [ -106.686391805110375, 35.135508571173624 ], [ -106.68761233551021, 35.134177305600815 ], [ -106.687642992788199, 35.134193749029023 ], [ -106.688172613288017, 35.134456053298592 ], [ -106.688205627339514, 35.134494930430321 ], [ -106.689516685297235, 35.136055013058701 ], [ -106.689657523663129, 35.136020725975484 ], [ -106.68989642870865, 35.135962564116838 ], [ -106.69004944015704, 35.13592531351479 ], [ -106.690324798709781, 35.136010461690184 ], [ -106.690448553058658, 35.136264267082183 ], [ -106.690911779681755, 35.136393482282372 ], [ -106.690923710873236, 35.136545047388637 ], [ -106.691023489002248, 35.136561502567979 ], [ -106.69164138716836, 35.136663400728501 ], [ -106.692237881080729, 35.137038510539419 ], [ -106.692248611903935, 35.137020396522217 ], [ -106.692347134203288, 35.136816902801456 ], [ -106.692371021040358, 35.136826952350269 ], [ -106.692393252525363, 35.13683690246819 ], [ -106.692456251981483, 35.136922286236988 ], [ -106.692484801927748, 35.136961812189497 ], [ -106.692514932367089, 35.13700300904997 ], [ -106.69261538724794, 35.137140284612371 ], [ -106.692659306035381, 35.137200301907058 ], [ -106.692851868993259, 35.137295438120518 ], [ -106.693064774988898, 35.13740062377039 ], [ -106.693307649600271, 35.137520586768403 ], [ -106.693347750317542, 35.137540133920162 ], [ -106.693390337417554, 35.137561856160509 ], [ -106.693455470128526, 35.137626701200041 ], [ -106.693599816063355, 35.137770516640707 ], [ -106.693616493035691, 35.137787139520157 ], [ -106.693726991956069, 35.137825766600926 ], [ -106.693988337701029, 35.137917850134983 ], [ -106.694126038942912, 35.138099572463304 ], [ -106.694479217480946, 35.138567086138821 ], [ -106.694535472062128, 35.138641462559015 ], [ -106.694758840705759, 35.13842281357838 ], [ -106.694826127227614, 35.138468103051515 ], [ -106.694886140333381, 35.138508545081443 ], [ -106.694754351385811, 35.138647190421125 ], [ -106.694675690873339, 35.138727312754014 ], [ -106.69465963287638, 35.13874366887952 ], [ -106.694715609888647, 35.138797020053765 ], [ -106.694759736049249, 35.138809370155109 ], [ -106.694794232384368, 35.138818241757768 ], [ -106.694822897833575, 35.138825614017904 ], [ -106.694951697353702, 35.138858737987185 ], [ -106.694978766952488, 35.138865454409974 ], [ -106.695293060811082, 35.138947030851668 ], [ -106.69537249240858, 35.138967654252902 ], [ -106.69579556820706, 35.139171443024182 ], [ -106.695823758263273, 35.139184572513365 ], [ -106.695860163463365, 35.139191674465977 ], [ -106.695884582477262, 35.139191846941408 ], [ -106.696765955247827, 35.139195674447073 ], [ -106.69676461436265, 35.139703255271222 ], [ -106.697124814041345, 35.139646132844184 ], [ -106.697438362327375, 35.139561640699455 ], [ -106.697468391283081, 35.139552977826284 ], [ -106.697721024761009, 35.139440855254954 ], [ -106.698301899781853, 35.139920753827184 ], [ -106.699150716829422, 35.140509074848744 ], [ -106.699168986716941, 35.140488736373932 ], [ -106.699296808044352, 35.140346441142171 ], [ -106.699367007038788, 35.140263976423036 ], [ -106.69940411874876, 35.140220379311167 ], [ -106.6995515239105, 35.140047216068609 ], [ -106.69967184710508, 35.139892868909094 ], [ -106.699829049766407, 35.139683993440691 ], [ -106.699994330631071, 35.139448790857102 ], [ -106.700095659572114, 35.139296643909347 ], [ -106.700157924558255, 35.139203150184052 ], [ -106.700300976020912, 35.138976139129774 ], [ -106.700383743149018, 35.138836841572051 ], [ -106.700449591525995, 35.138726016741501 ], [ -106.700494646652317, 35.138644502989351 ], [ -106.700516087632067, 35.138605712588976 ], [ -106.700645247005724, 35.138372037002689 ], [ -106.700828771066099, 35.137999266398928 ], [ -106.700848239441683, 35.137961815609074 ], [ -106.700863537017369, 35.137932387857624 ], [ -106.700885548068328, 35.137889977774165 ], [ -106.701003357686815, 35.137622137829851 ], [ -106.701179103212709, 35.137180074581636 ], [ -106.701296964895761, 35.136884441719168 ], [ -106.701352652675538, 35.136723394207422 ], [ -106.701432479230661, 35.136462632777011 ], [ -106.701488164951428, 35.136249631382128 ], [ -106.701494008345094, 35.136221007697799 ], [ -106.701567227281132, 35.13586234962213 ], [ -106.701606722668316, 35.135519102042274 ], [ -106.701632026634201, 35.135299193317913 ], [ -106.701637768097882, 35.135072501101796 ], [ -106.701644267968405, 35.134815835737449 ], [ -106.701698743333509, 35.134816116786126 ], [ -106.702959103556054, 35.134811289155017 ], [ -106.704052631516589, 35.134828575728477 ], [ -106.704109282456486, 35.134829764311071 ], [ -106.704276804566078, 35.134829553847787 ], [ -106.704369056724772, 35.134829437878608 ], [ -106.707717331982792, 35.134818113787659 ], [ -106.708416267483102, 35.134808771574718 ], [ -106.708943098485932, 35.13689312845969 ], [ -106.709194274365757, 35.13790874285926 ], [ -106.709401442560008, 35.138491690906811 ], [ -106.70943639785834, 35.138602895645967 ], [ -106.709464438298824, 35.138702909030521 ], [ -106.709730398228743, 35.139651517541338 ], [ -106.710009392858154, 35.139988584681532 ], [ -106.711499762171826, 35.139991426803654 ], [ -106.711554601625309, 35.139683097526785 ], [ -106.711922854494901, 35.13943757461265 ], [ -106.714411359016495, 35.139004349242448 ], [ -106.714423693006282, 35.138877868286336 ], [ -106.714768603447681, 35.138820632167381 ], [ -106.721636787678321, 35.137679129962891 ], [ -106.72161078153178, 35.137654279233494 ], [ -106.721218938426105, 35.137280129879528 ], [ -106.721204630195331, 35.137247618184055 ], [ -106.721190374565268, 35.137215091859105 ], [ -106.721073865928048, 35.136943375734795 ], [ -106.721018010193532, 35.136813044965344 ], [ -106.720904886980961, 35.136548955227831 ], [ -106.720890583166295, 35.136515069673997 ], [ -106.720876330855091, 35.136481169495028 ], [ -106.720869352218898, 35.136400645460498 ], [ -106.720841300048335, 35.136057478608791 ], [ -106.720839861464086, 35.136037663266414 ], [ -106.720838438237919, 35.136017846962858 ], [ -106.720813210299866, 35.13570469077321 ], [ -106.720803963117277, 35.135589582654617 ], [ -106.720703073204845, 35.134333666387576 ], [ -106.720697329814215, 35.134262169077111 ], [ -106.720469921392535, 35.133620084933412 ], [ -106.721354935913908, 35.132463469893807 ], [ -106.72286218125663, 35.130501627848581 ], [ -106.723511546754011, 35.129656374112436 ], [ -106.722247106767966, 35.128725944861912 ], [ -106.725521504329294, 35.12540155956799 ], [ -106.745360695060256, 35.125062787041955 ], [ -106.750330857380291, 35.125042271260625 ], [ -106.763164663744689, 35.124988353579234 ], [ -106.780898262394814, 35.124911666213087 ], [ -106.780900325243408, 35.125104437749421 ], [ -106.780903789737707, 35.125137675865524 ], [ -106.780901133520715, 35.125170662246035 ], [ -106.79635119374889, 35.125197659223169 ], [ -106.79635140640211, 35.125173641168246 ], [ -106.796357157122188, 35.125033705268351 ], [ -106.796466948070758, 35.125034358745246 ], [ -106.797739852559104, 35.125042006592615 ], [ -106.79786697049623, 35.125042667034876 ], [ -106.8106090407598, 35.125117562183831 ], [ -106.813370669200708, 35.125133616854328 ], [ -106.820125071259326, 35.125173373260466 ], [ -106.820131142403127, 35.125274661137908 ], [ -106.830847342262359, 35.125243364810139 ], [ -106.833329539978337, 35.125235980801151 ], [ -106.834060527403111, 35.125233796418485 ], [ -106.834166165447968, 35.125233480226356 ], [ -106.851409422652026, 35.12518066646129 ], [ -106.867346827378981, 35.125343564694248 ], [ -106.869352003363375, 35.125193119774082 ], [ -106.871436429045104, 35.125036396797299 ], [ -106.873110056826178, 35.124910535316218 ], [ -106.873145595287468, 35.124907861935995 ], [ -106.870644693511025, 35.126507419746112 ], [ -106.871725146272695, 35.13104167227737 ], [ -106.870147265405052, 35.134068735204281 ], [ -106.870136863625333, 35.134088659682405 ], [ -106.870636290224013, 35.13575266104823 ], [ -106.869080518394469, 35.136639744586766 ], [ -106.869076938990418, 35.13674442043289 ], [ -106.869077596374495, 35.136766752842753 ], [ -106.868659973370995, 35.136836753734478 ], [ -106.864955695960987, 35.138804003889348 ], [ -106.864089325368539, 35.142738000187464 ], [ -106.862863333595442, 35.144960998269632 ], [ -106.862666625871782, 35.145562257398154 ], [ -106.862695298925033, 35.145926659748028 ], [ -106.862226691213664, 35.150372939304326 ], [ -106.862220863193571, 35.150436662265463 ], [ -106.862597658672087, 35.15291668498309 ], [ -106.863055895696561, 35.155932900196177 ], [ -106.863335058776556, 35.156137482762247 ], [ -106.863493369117052, 35.15613615480067 ], [ -106.864282874890009, 35.156129530376013 ], [ -106.868366106011948, 35.156094921010968 ], [ -106.868631284393018, 35.15609266855656 ], [ -106.868659865108611, 35.160121663804652 ], [ -106.868592239276211, 35.162418283356821 ], [ -106.868509854966902, 35.165112009215271 ], [ -106.868214302625589, 35.174774663719163 ], [ -106.868211396620339, 35.175686393717157 ], [ -106.868210479610696, 35.175973922040477 ], [ -106.868207151241791, 35.176196862599141 ], [ -106.868206976904659, 35.176235611444866 ], [ -106.868006997138977, 35.183271671146791 ], [ -106.863800160889667, 35.198211085867911 ], [ -106.863599443247793, 35.199808009506363 ], [ -106.862912926596408, 35.205255000403064 ], [ -106.862822034733568, 35.205976103414571 ], [ -106.862819513258202, 35.205995568941297 ], [ -106.862810802870527, 35.206056098685188 ], [ -106.862736191525585, 35.206571651817775 ], [ -106.862726682122386, 35.206598788679209 ], [ -106.862322541037045, 35.207019458773026 ], [ -106.859014312971183, 35.210462704379317 ], [ -106.858609168968172, 35.217598646246849 ], [ -106.858590580044464, 35.217922670061171 ], [ -106.858395731067461, 35.218020734591668 ], [ -106.842900546252565, 35.217932394861272 ], [ -106.842784883027008, 35.217932321243374 ], [ -106.842247811744585, 35.217932480788782 ], [ -106.838346370746962, 35.217928781577442 ], [ -106.831759993932195, 35.217922291143942 ], [ -106.829776443593246, 35.217920365694027 ], [ -106.828089992858324, 35.217918667893876 ], [ -106.82772399333696, 35.217918295756071 ], [ -106.81158199745181, 35.217900691505257 ], [ -106.810847304265849, 35.217899416178319 ], [ -106.791126969127163, 35.217747853655773 ], [ -106.790960389961057, 35.217746657327389 ], [ -106.788872981780614, 35.217730681511647 ], [ -106.787773973071012, 35.217733037998826 ], [ -106.783650852243838, 35.217741183125597 ], [ -106.783425981449454, 35.217741409725015 ], [ -106.777748978297339, 35.217752161933156 ], [ -106.776649971112604, 35.217754952873989 ], [ -106.775813073253417, 35.21775685894346 ], [ -106.775526957592632, 35.21775745043356 ], [ -106.774372951389481, 35.217759786966845 ], [ -106.772190432895954, 35.217764167952538 ], [ -106.772143217959069, 35.21776426252184 ], [ -106.772095959062199, 35.217764353656598 ], [ -106.77194024546958, 35.217764652781639 ], [ -106.764902776047791, 35.217778857329449 ], [ -106.764862704168948, 35.217778936707546 ], [ -106.764822589491487, 35.217779022564372 ], [ -106.76409001874687, 35.217780585089564 ], [ -106.764038583557365, 35.217780681798587 ], [ -106.763447228270806, 35.217781797607174 ], [ -106.763404539893614, 35.217781877683571 ], [ -106.763371927433866, 35.217781938456199 ], [ -106.763331156708958, 35.217781981529306 ], [ -106.763177900441434, 35.217782144482761 ], [ -106.763108222126817, 35.217782218967521 ], [ -106.755548702083487, 35.217796578598062 ], [ -106.755436971646958, 35.217796787303428 ], [ -106.755065157226326, 35.217797088735168 ], [ -106.754187977731291, 35.217797796417692 ], [ -106.745676145667233, 35.21781189155778 ], [ -106.745496402079297, 35.217812557030662 ], [ -106.745465161882009, 35.217812676773015 ], [ -106.745433921525674, 35.217812770366514 ], [ -106.745346967412914, 35.217812956705657 ], [ -106.745360438276421, 35.206287550268435 ], [ -106.745361972253519, 35.204975616488454 ], [ -106.745362620512722, 35.204420986249268 ], [ -106.745363975284079, 35.203266680820562 ] ] ] } },
{ "type": "Feature", "properties": { "NAME": "MANZANO", "ID": 530 }, "geometry": { "type": "Polygon", "coordinates": [ [ [ -106.243624856065424, 35.160583703717734 ], [ -106.243641663903404, 35.148978971844983 ], [ -106.243470750469456, 35.149004134884805 ], [ -106.243468413339571, 35.145399294691167 ], [ -106.243471580635685, 35.141828256217828 ], [ -106.243655854848541, 35.141715698914446 ], [ -106.255660865582257, 35.141757219736476 ], [ -106.256164008059699, 35.141758700627754 ], [ -106.256806846770615, 35.141760717046338 ], [ -106.264889064511323, 35.141783427923507 ], [ -106.265540795030887, 35.141785235558103 ], [ -106.265656051142898, 35.134509119816691 ], [ -106.265771288097881, 35.127232995217597 ], [ -106.268961231692657, 35.127234006713664 ], [ -106.272151176420763, 35.127234934253885 ], [ -106.276459546478563, 35.127239097812975 ], [ -106.278718097139233, 35.127241491867935 ], [ -106.278497273273302, 35.121213435404819 ], [ -106.278330141382398, 35.116645982678079 ], [ -106.278199117306343, 35.113064819059744 ], [ -106.278344134172414, 35.107775282741947 ], [ -106.278670881516462, 35.107779094805743 ], [ -106.279662613569442, 35.10779066082582 ], [ -106.27976886031071, 35.107104692172008 ], [ -106.279071802254066, 35.107124303951949 ], [ -106.279001836849332, 35.107126161484246 ], [ -106.278944860588922, 35.107127692252718 ], [ -106.278720471707601, 35.106637650048285 ], [ -106.278596860046946, 35.106367691734825 ], [ -106.278392248920923, 35.106010071971937 ], [ -106.278440977269582, 35.099084602403188 ], [ -106.278470161202335, 35.096862000288866 ], [ -106.278525437087367, 35.091623208414944 ], [ -106.278614802615209, 35.09113320953432 ], [ -106.278619456025737, 35.091107694409573 ], [ -106.278622254492873, 35.089514692652074 ], [ -106.278622365482121, 35.089433692803361 ], [ -106.278624455022353, 35.088200689969995 ], [ -106.278624858925951, 35.087978688974815 ], [ -106.278330858702731, 35.087978689499955 ], [ -106.278290858380501, 35.087156689294311 ], [ -106.278470858723537, 35.086238688726255 ], [ -106.278629858730341, 35.086245689001231 ], [ -106.278632520034094, 35.085453688231723 ], [ -106.278632857639849, 35.085340203226203 ], [ -106.278632894150604, 35.085316010708311 ], [ -106.27858817602916, 35.084363960257683 ], [ -106.278635850484136, 35.084364177080381 ], [ -106.279998730025866, 35.084370357986458 ], [ -106.28717722221414, 35.084402658816117 ], [ -106.287835810159692, 35.08442112259943 ], [ -106.288095838242924, 35.084428411544891 ], [ -106.290117709930826, 35.084485068170963 ], [ -106.296074784707201, 35.084591484519471 ], [ -106.301938925032246, 35.084695954221004 ], [ -106.301936338719258, 35.084413350897925 ], [ -106.301914334988197, 35.08287071504666 ], [ -106.301910445982344, 35.082567290241421 ], [ -106.304613193934856, 35.08260130173727 ], [ -106.304614736686332, 35.082767156401069 ], [ -106.304629923568015, 35.084399781383716 ], [ -106.304632934748071, 35.084723414452036 ], [ -106.313486883596724, 35.084822149543228 ], [ -106.313484265906112, 35.084468359035768 ], [ -106.313482599991517, 35.084243187568333 ], [ -106.313474508054327, 35.083149261539035 ], [ -106.313474098914142, 35.083093930065182 ], [ -106.309077222989671, 35.083048465208272 ], [ -106.309073409978225, 35.082739702163558 ], [ -106.309033731415468, 35.079526370869367 ], [ -106.312388247324265, 35.079545995023985 ], [ -106.312398185170096, 35.081310943548637 ], [ -106.313461004780009, 35.081320776907617 ], [ -106.313385722278099, 35.070624362610637 ], [ -106.313396336195808, 35.05606027089469 ], [ -106.313595858859628, 35.04332899955277 ], [ -106.310265807352053, 35.043284154669266 ], [ -106.310351416496161, 35.037983428914593 ], [ -106.304876592907206, 35.03793233598352 ], [ -106.304847641840269, 35.039680831585194 ], [ -106.300415272611943, 35.039609492691255 ], [ -106.300433224531275, 35.037894150535472 ], [ -106.296071306636804, 35.037856514284726 ], [ -106.296160323507237, 35.040338231326515 ], [ -106.29398593987473, 35.040281134124598 ], [ -106.293990391009118, 35.039561161791717 ], [ -106.278595887931573, 35.039186588834752 ], [ -106.278590003556914, 35.037422234314199 ], [ -106.278589935020833, 35.037401681757999 ], [ -106.278589854743629, 35.037375740227866 ], [ -106.278589783890638, 35.03735168186239 ], [ -106.278584997417312, 35.035909832276239 ], [ -106.278583864682517, 35.035568290506404 ], [ -106.278583778748242, 35.03553868089471 ], [ -106.278577787696349, 35.033730680728922 ], [ -106.278577587225158, 35.033661681460117 ], [ -106.278571768597857, 35.031913680664886 ], [ -106.278571569581416, 35.031845682005617 ], [ -106.278565708758052, 35.030082680247652 ], [ -106.278565543516891, 35.030026681017048 ], [ -106.278559680441333, 35.028262679901538 ], [ -106.278559470539292, 35.028191681113263 ], [ -106.278553853250727, 35.026509679800576 ], [ -106.278590048081782, 35.024682655906055 ], [ -106.278604435513799, 35.023945616873284 ], [ -106.278625358652903, 35.022866711630215 ], [ -106.278720853062453, 35.018043678536692 ], [ -106.278173309722433, 35.018026055991392 ], [ -106.278270200801572, 35.015802857640047 ], [ -106.278762284922891, 35.015819269615328 ], [ -106.278789984636177, 35.015819778690414 ], [ -106.280131924873515, 35.015844425555365 ], [ -106.280228554701679, 35.012111970917701 ], [ -106.278830852757224, 35.012137677439874 ], [ -106.278830320706717, 35.012054675440943 ], [ -106.27882230918749, 35.010662201449243 ], [ -106.278819705659203, 35.01020867863334 ], [ -106.278808740466872, 35.008315677668875 ], [ -106.278797779448567, 35.00642367674557 ], [ -106.278787414329457, 35.004623678525526 ], [ -106.278775856479626, 35.002638676093682 ], [ -106.278765094419569, 35.00078467496671 ], [ -106.278760851692866, 35.000046675549221 ], [ -106.278767593055079, 34.999725618589075 ], [ -106.278863676361226, 34.994789756311881 ], [ -106.278865991881858, 34.994654703161856 ], [ -106.278948850844131, 34.990434674238841 ], [ -106.278850850689352, 34.990434674125034 ], [ -106.278849669510336, 34.990049690420143 ], [ -106.278848895953445, 34.987079442686799 ], [ -106.278848850708101, 34.986903608970081 ], [ -106.278847933509553, 34.983382839062777 ], [ -106.278847910117847, 34.983294277145411 ], [ -106.278847881186749, 34.983183673233057 ], [ -106.278847944993117, 34.983106385153796 ], [ -106.278855159813801, 34.980614507006756 ], [ -106.278861387369815, 34.980229857168283 ], [ -106.278864109239919, 34.980139621411652 ], [ -106.27886747503058, 34.976865204944261 ], [ -106.27886952727313, 34.975413094057778 ], [ -106.278873531625351, 34.974155994495888 ], [ -106.278779663805182, 34.974069671451254 ], [ -106.278854676472989, 34.970575990729749 ], [ -106.278865236617392, 34.968770135314323 ], [ -106.278875821090494, 34.967037986951141 ], [ -106.278852809526512, 34.965250565589258 ], [ -106.278852170096982, 34.963426284112877 ], [ -106.278884879394909, 34.963391983170268 ], [ -106.278973858049341, 34.963298676012606 ], [ -106.278997848372228, 34.963273519018692 ], [ -106.279035764133198, 34.963225695505251 ], [ -106.279029084754214, 34.962599668454068 ], [ -106.27902882572846, 34.962573137079218 ], [ -106.279020738066635, 34.96181303777491 ], [ -106.279008885996404, 34.960699029225559 ], [ -106.279008393367477, 34.960649673336953 ], [ -106.279003579560381, 34.960198671452673 ], [ -106.278999486575088, 34.959813672100189 ], [ -106.278997522228579, 34.959630516232444 ], [ -106.27899610484711, 34.959498667948239 ], [ -106.278993523358466, 34.959254523505663 ], [ -106.278990555566409, 34.958973670887261 ], [ -106.278985799824298, 34.958528401374238 ], [ -106.278981132548438, 34.958091667019424 ], [ -106.278974000756392, 34.957419097029373 ], [ -106.278971760501562, 34.957207669837864 ], [ -106.278960762445948, 34.956173670210845 ], [ -106.278955440443639, 34.955674034151599 ], [ -106.278950916908244, 34.955249667866362 ], [ -106.278931847698985, 34.953455668506649 ], [ -106.276543847298356, 34.953434668365489 ], [ -106.276382847801585, 34.953540668880358 ], [ -106.275492847007726, 34.953540668691197 ], [ -106.275492846789746, 34.953511668960587 ], [ -106.275497846899384, 34.953393668601642 ], [ -106.275740847188189, 34.953393668740532 ], [ -106.275740847350747, 34.953369668620908 ], [ -106.2757408477285, 34.953118668453691 ], [ -106.274135846402075, 34.953119665924746 ], [ -106.274130846489527, 34.953461668854118 ], [ -106.274130846952616, 34.953485668973343 ], [ -106.273917827163473, 34.953484293070197 ], [ -106.266410933639108, 34.953446112794204 ], [ -106.256145870389005, 34.953393166102089 ], [ -106.255125851077537, 34.953387532269652 ], [ -106.254985842335174, 34.953386669967486 ], [ -106.254797830161309, 34.953387647527293 ], [ -106.253690827630606, 34.953392135886531 ], [ -106.252366829080344, 34.953397392945135 ], [ -106.252245831507025, 34.953397824344023 ], [ -106.251684832094995, 34.953400033919955 ], [ -106.250789830127701, 34.953403641723341 ], [ -106.250070833448632, 34.953406400978928 ], [ -106.249274835257609, 34.953409538670485 ], [ -106.248402836295696, 34.953412935203488 ], [ -106.24748683453852, 34.953416596820098 ], [ -106.246806833277105, 34.953419315921415 ], [ -106.246113836347547, 34.953421955076159 ], [ -106.245544837108071, 34.953424161279621 ], [ -106.24499483802181, 34.953426299794543 ], [ -106.244354836296324, 34.953428871589736 ], [ -106.243770836528597, 34.953431120169078 ], [ -106.243695833250683, 34.953431507540181 ], [ -106.243352509429613, 34.953432671969871 ], [ -106.243040845275502, 34.953433748001423 ], [ -106.242759206049882, 34.953434987294152 ], [ -106.242432832668285, 34.953436376405769 ], [ -106.242070866654416, 34.953437670370278 ], [ -106.241823845586865, 34.953438552763728 ], [ -106.241370446934724, 34.953440397367729 ], [ -106.24115883782342, 34.953441261989283 ], [ -106.241043204153215, 34.953441669998682 ], [ -106.240441851895042, 34.953443790409437 ], [ -106.239769024096091, 34.953446617617587 ], [ -106.239076853406587, 34.953449064344483 ], [ -106.23841183998411, 34.953451852284381 ], [ -106.237427838280283, 34.953455670429442 ], [ -106.237427838217073, 34.953226670895837 ], [ -106.235103789046093, 34.953232252356692 ], [ -106.23412585267225, 34.953234587704181 ], [ -106.220024834820151, 34.953312671669607 ], [ -106.212087979329567, 34.953285130957276 ], [ -106.208262831966053, 34.953271672497145 ], [ -106.199067922903538, 34.953294744967323 ], [ -106.190793417605136, 34.953314913268798 ], [ -106.186174454327002, 34.95332592665887 ], [ -106.183731539060545, 34.95333168059522 ], [ -106.150206819590096, 34.953405675370796 ], [ -106.149910819203839, 34.953237675365763 ], [ -106.149914819188709, 34.950184675345653 ], [ -106.150017819321761, 34.949959674860665 ], [ -106.149979818521786, 34.9435066743494 ], [ -106.149592818362621, 34.943319673562485 ], [ -106.149595542487177, 34.941315673535051 ], [ -106.149596910650672, 34.940282092104368 ], [ -106.149598036801905, 34.93942367371708 ], [ -106.14960081768757, 34.937381673154945 ], [ -106.149668818185916, 34.93711067334366 ], [ -106.149976089033743, 34.936611671186313 ], [ -106.149984022006038, 34.935104146929035 ], [ -106.1499976908229, 34.932238095355409 ], [ -106.150007817191309, 34.930114671889307 ], [ -106.149939816782123, 34.929234672221405 ], [ -106.149910402604007, 34.921633650927298 ], [ -106.149889946214344, 34.919754662429035 ], [ -106.149879665331341, 34.919092675301869 ], [ -106.149875380311769, 34.918519675961733 ], [ -106.149871810809103, 34.918058671401624 ], [ -106.149886862294039, 34.918035653553538 ], [ -106.149958931023804, 34.917925434187687 ], [ -106.149990771658167, 34.917872357492307 ], [ -106.149987149597948, 34.917523634671184 ], [ -106.149986579297263, 34.917468677839778 ], [ -106.149905815955648, 34.911130668785958 ], [ -106.149904893586069, 34.898230664756063 ], [ -106.149905814107939, 34.896130666830693 ], [ -106.149791344402431, 34.888852845199452 ], [ -106.149796050823198, 34.888421390635429 ], [ -106.1497783959028, 34.886826666442197 ], [ -106.149770628482273, 34.886796734172833 ], [ -106.14973560035142, 34.884430033666618 ], [ -106.149732795148267, 34.883978030330738 ], [ -106.149604812878962, 34.874986663409757 ], [ -106.149606145921879, 34.870220663588924 ], [ -106.149605838921929, 34.870191569465753 ], [ -106.150150808802152, 34.870185444520075 ], [ -106.15062860262563, 34.870184136621326 ], [ -106.166183816109267, 34.870144661975566 ], [ -106.166286482274003, 34.870194824145493 ], [ -106.166321442392345, 34.870212551723753 ], [ -106.167239816772025, 34.870213661670427 ], [ -106.168284054388252, 34.870198349311181 ], [ -106.168569884946137, 34.870194156207319 ], [ -106.169267891354338, 34.870189450696842 ], [ -106.173999010533009, 34.870157448990845 ], [ -106.17582107291507, 34.870144973400734 ], [ -106.178910834864425, 34.870123754413612 ], [ -106.181226127701379, 34.870107803504084 ], [ -106.183914345140423, 34.870089227958623 ], [ -106.187999886341615, 34.870060882344994 ], [ -106.188031821541799, 34.870060660630735 ], [ -106.188072821454114, 34.869171660717598 ], [ -106.20235860224237, 34.869215997017157 ], [ -106.207205825572927, 34.869230659446124 ], [ -106.227604834659218, 34.869046992924019 ], [ -106.229405829912778, 34.869030658046448 ], [ -106.242339832674148, 34.869427659642589 ], [ -106.245525656844521, 34.869525234942074 ], [ -106.245844887647337, 34.869535007646121 ], [ -106.250605835195444, 34.869680657583807 ], [ -106.259529968287211, 34.869743303866898 ], [ -106.272536240412748, 34.869833432511307 ], [ -106.321394356078784, 34.87015957070944 ], [ -106.360582373912052, 34.870403189480108 ], [ -106.360457556634231, 34.870577890454676 ], [ -106.360200422081434, 34.870700842114246 ], [ -106.360131751878484, 34.870733677182166 ], [ -106.359645803143152, 34.870966034260796 ], [ -106.359002696231968, 34.87185277487599 ], [ -106.356669461305287, 34.871940469584551 ], [ -106.355466858503135, 34.871985652053702 ], [ -106.3553854381924, 34.872062573057015 ], [ -106.353622965147807, 34.873727617524899 ], [ -106.353183442296228, 34.874142829957059 ], [ -106.35258586872942, 34.876280448113008 ], [ -106.352544510190185, 34.876428946952892 ], [ -106.340820736587588, 34.880833210028854 ], [ -106.340649657767628, 34.880900759316134 ], [ -106.341083130489721, 34.882993407876889 ], [ -106.341118934891995, 34.883166254519374 ], [ -106.338733051111689, 34.884628484531561 ], [ -106.33789159173331, 34.884453015713028 ], [ -106.337741664391515, 34.884421751232139 ], [ -106.337318210239715, 34.884875098363011 ], [ -106.336144914861976, 34.885713951879033 ], [ -106.328691385466428, 34.895924132136393 ], [ -106.325964005387206, 34.896178668906323 ], [ -106.325846207715585, 34.896261717303517 ], [ -106.325517034515286, 34.896493784280835 ], [ -106.324570891953897, 34.897160806606138 ], [ -106.324450680326748, 34.897463810262778 ], [ -106.324498125874058, 34.897834418361739 ], [ -106.323995595827085, 34.898125934986624 ], [ -106.323220879240566, 34.898845681120179 ], [ -106.320489757319081, 34.902249660254533 ], [ -106.319166169063678, 34.902278639891172 ], [ -106.318852779772129, 34.902472115780654 ], [ -106.318356034260177, 34.903268576802375 ], [ -106.318193595632394, 34.903635642127945 ], [ -106.318179514833901, 34.903659648535246 ], [ -106.318184151476771, 34.905812658190648 ], [ -106.318200894865541, 34.908989997593459 ], [ -106.318202826424894, 34.909356660136574 ], [ -106.318203337661004, 34.909454810148958 ], [ -106.318213474268276, 34.911404858452677 ], [ -106.31822138886011, 34.912898657869967 ], [ -106.318228853041049, 34.91430666092019 ], [ -106.320515536752239, 34.920515796831367 ], [ -106.320314635068144, 34.927621659035054 ], [ -106.320312790593107, 34.927686968131027 ], [ -106.320311855012079, 34.927720662548566 ], [ -106.32082585482911, 34.929398662479763 ], [ -106.321345317190733, 34.931094567231554 ], [ -106.322470233581356, 34.934766584880542 ], [ -106.322967749058805, 34.936390315204775 ], [ -106.322955002716768, 34.938331668814541 ], [ -106.322954856471554, 34.938355663666677 ], [ -106.320831855653211, 34.938356677410169 ], [ -106.318625855169316, 34.938357691949882 ], [ -106.316434440626338, 34.93835866116352 ], [ -106.316430826724002, 34.942101424395119 ], [ -106.316430855142457, 34.942136665119982 ], [ -106.316563103663597, 34.942135456867838 ], [ -106.316612796070501, 34.942135002329564 ], [ -106.31674952764115, 34.942133751751157 ], [ -106.32308608020044, 34.942075655569163 ], [ -106.325474789444613, 34.942053665644799 ], [ -106.32541768490826, 34.947473663312813 ], [ -106.325417248165536, 34.947514424060721 ], [ -106.325416857825672, 34.94754966500961 ], [ -106.334331859942964, 34.947533740177128 ], [ -106.334415665650155, 34.947533589118379 ], [ -106.336836858420199, 34.947529225880963 ], [ -106.338686861292132, 34.947525730339677 ], [ -106.343522862087241, 34.947516658646549 ], [ -106.345694862266342, 34.947512534011643 ], [ -106.347880861861782, 34.947508349346471 ], [ -106.357855616168692, 34.947488590202667 ], [ -106.361070867790659, 34.9474820465338 ], [ -106.364988474249941, 34.947473999534346 ], [ -106.375589868727261, 34.947451598959113 ], [ -106.39327687511485, 34.947412026681924 ], [ -106.410881879091193, 34.947370129353615 ], [ -106.411001638670228, 34.947369835468749 ], [ -106.428403881436381, 34.947325930571594 ], [ -106.440110884156354, 34.947294967860223 ], [ -106.445532241589035, 34.94728019833461 ], [ -106.445785887627096, 34.947279508541136 ], [ -106.446481887996228, 34.947277610445376 ], [ -106.4628349015357, 34.947232140587751 ], [ -106.462841981239222, 34.953355709112479 ], [ -106.462842344574028, 34.953670361438242 ], [ -106.462843583371537, 34.954742592114677 ], [ -106.46284388934059, 34.955006658916311 ], [ -106.463371888829201, 34.955144658483292 ], [ -106.463430889359572, 34.957366659570127 ], [ -106.463327889283448, 34.965173660536756 ], [ -106.463305226966668, 34.965913623416981 ], [ -106.463304490919555, 34.965937649964218 ], [ -106.462978285032932, 34.976587387621421 ], [ -106.46297670961647, 34.97663881683345 ], [ -106.462925891174834, 34.978297662238226 ], [ -106.462600651491115, 34.982894480056203 ], [ -106.462589122798718, 34.98305742366319 ], [ -106.462517408104276, 34.984070939459649 ], [ -106.462515541892543, 34.98409730903694 ], [ -106.46246089111834, 34.98486966312894 ], [ -106.462473581494621, 34.985585259682047 ], [ -106.462474036611937, 34.985610910321377 ], [ -106.462483470570973, 34.986142866072548 ], [ -106.462484279655811, 34.986188504465723 ], [ -106.462575986440314, 34.991359080208809 ], [ -106.462591436110159, 34.992230079647925 ], [ -106.462605991203105, 34.993050677387551 ], [ -106.462606416963695, 34.993074681957054 ], [ -106.462607753304511, 34.993150047236767 ], [ -106.462672221326415, 34.996784274236681 ], [ -106.462674073239683, 34.99688864703618 ], [ -106.462675936799599, 34.996993708538128 ], [ -106.46269889202776, 34.998287665518269 ], [ -106.462696746124408, 34.998356337995595 ], [ -106.46266758839306, 34.999289409673487 ], [ -106.462646148899438, 34.999975459957199 ], [ -106.462548892243007, 35.000062665558346 ], [ -106.462636441208559, 35.00803714297183 ], [ -106.462694784006899, 35.013350274426074 ], [ -106.462702893090736, 35.014088668367407 ], [ -106.462688480188362, 35.014727451453545 ], [ -106.462439415823951, 35.025764888741598 ], [ -106.462410894334994, 35.027028670168946 ], [ -106.462460634635391, 35.030161892557615 ], [ -106.462649886852418, 35.042080498961347 ], [ -106.462660895775102, 35.042773672232428 ], [ -106.464467627416255, 35.042765006695809 ], [ -106.473519575893434, 35.042721187677884 ], [ -106.479746692632077, 35.042690651653601 ], [ -106.479794754132968, 35.042690414601118 ], [ -106.479846653056043, 35.042690158541198 ], [ -106.494420902906171, 35.042781670251408 ], [ -106.508711912664424, 35.042779484847912 ], [ -106.508712169998162, 35.042882671302991 ], [ -106.508712952482469, 35.043117669631911 ], [ -106.508713303933391, 35.043241668885173 ], [ -106.5087143012383, 35.043557668702221 ], [ -106.508721995913533, 35.045983670233099 ], [ -106.508722024466408, 35.046120663814541 ], [ -106.508723236972799, 35.046386669649102 ], [ -106.508723979429362, 35.04661067007082 ], [ -106.508724597062752, 35.046833669224334 ], [ -106.508725356261721, 35.0470636697355 ], [ -106.508726112316822, 35.047292670521571 ], [ -106.508726713109695, 35.047510669267702 ], [ -106.508727522512473, 35.047758669167649 ], [ -106.508728248425754, 35.047975669710155 ], [ -106.50872899107442, 35.048198670349763 ], [ -106.508729292282041, 35.048308791577014 ], [ -106.508729672245849, 35.04844666869208 ], [ -106.508730454808415, 35.048682669232264 ], [ -106.508731181852383, 35.048899670640722 ], [ -106.508731924397551, 35.049123670969315 ], [ -106.50873297752338, 35.049458670501188 ], [ -106.508733533952778, 35.04965666940128 ], [ -106.508734185479142, 35.049848670657596 ], [ -106.508735906779009, 35.050382671214429 ], [ -106.510909906896771, 35.050422671107384 ], [ -106.510936907536703, 35.053945671107563 ], [ -106.51137990703144, 35.053961671257127 ], [ -106.511387783701608, 35.054239674330617 ], [ -106.511388769551701, 35.054275207856662 ], [ -106.51139238753322, 35.054404663590567 ], [ -106.511400907768532, 35.054704671756063 ], [ -106.511120631376798, 35.055043516659602 ], [ -106.510921907639499, 35.05528367192035 ], [ -106.510799907232411, 35.05809367177087 ], [ -106.508241455879769, 35.058898704006211 ], [ -106.507382541045445, 35.059168885610511 ], [ -106.504664906326326, 35.060023673017177 ], [ -106.504172073480291, 35.060234583172665 ], [ -106.503842242957518, 35.060360925866313 ], [ -106.502042905962611, 35.061097673440095 ], [ -106.499404905188285, 35.062274673578329 ], [ -106.498914904952869, 35.062273673401286 ], [ -106.498177905289722, 35.063413673480021 ], [ -106.498205366076249, 35.063440719730472 ], [ -106.498389905495841, 35.06362467371406 ], [ -106.498069904990331, 35.063786673923019 ], [ -106.498060943034048, 35.064298411279438 ], [ -106.498057780191104, 35.064358662405034 ], [ -106.498021905831664, 35.064359673282503 ], [ -106.498006900415092, 35.06473011889905 ], [ -106.498041905463765, 35.065777674083598 ], [ -106.498068166748141, 35.06592043524833 ], [ -106.49783504897924, 35.066049022013914 ], [ -106.497952589928417, 35.066369281833857 ], [ -106.497954302599354, 35.066935631084554 ], [ -106.49781123778466, 35.067493154273933 ], [ -106.498111580390869, 35.067528803351884 ], [ -106.498477969169357, 35.067572290726901 ], [ -106.498689906389032, 35.06759567387391 ], [ -106.498694709095176, 35.06827317847528 ], [ -106.498695009378523, 35.06829988002638 ], [ -106.498861324355374, 35.068319722612181 ], [ -106.499489890186112, 35.068376775674935 ], [ -106.49984551162359, 35.068415844060958 ], [ -106.501181937386107, 35.068562651508323 ], [ -106.501328668827327, 35.068577909472495 ], [ -106.501471576783075, 35.068592743386475 ], [ -106.5015099004506, 35.068597521896749 ], [ -106.502032133275094, 35.068654039412486 ], [ -106.502138795721407, 35.068665582695715 ], [ -106.502264382734722, 35.068679173408484 ], [ -106.502451911650368, 35.06869946725417 ], [ -106.502849906628384, 35.068739378845308 ], [ -106.503453739590256, 35.068792000675863 ], [ -106.50438243121701, 35.068903834357442 ], [ -106.504484984000015, 35.068916183789888 ], [ -106.504509820388265, 35.068919174106959 ], [ -106.504903659971589, 35.068966597739106 ], [ -106.50494783922835, 35.068971416943576 ], [ -106.505100440274902, 35.068988064281271 ], [ -106.505483509980479, 35.069029852015092 ], [ -106.506415184889747, 35.069131480034137 ], [ -106.507550881266127, 35.06926465165602 ], [ -106.508433421470173, 35.069368129932464 ], [ -106.508874896033944, 35.069401714419648 ], [ -106.508964638522556, 35.06940974416549 ], [ -106.509007960031823, 35.069413620793576 ], [ -106.509079547969307, 35.069418745952603 ], [ -106.50932938927842, 35.069434950347969 ], [ -106.509628058036753, 35.069458978966203 ], [ -106.509820932814677, 35.069491826236515 ], [ -106.5099756684982, 35.069518177898836 ], [ -106.510733914676251, 35.069599305257732 ], [ -106.51076190176174, 35.069603710925961 ], [ -106.511405152431692, 35.069673316299159 ], [ -106.512229002291235, 35.069762733268355 ], [ -106.512399455039514, 35.069781233095583 ], [ -106.514279532882085, 35.069982526335352 ], [ -106.515190885348829, 35.070080090814074 ], [ -106.5157162005912, 35.070136325363059 ], [ -106.518219651171918, 35.070375373983047 ], [ -106.518513078045416, 35.07040338846798 ], [ -106.521654526162635, 35.07075214351164 ], [ -106.523586130016454, 35.070979520293854 ], [ -106.523721816429031, 35.070994848171942 ], [ -106.523748150799307, 35.07099782665756 ], [ -106.524844563738995, 35.071126942189437 ], [ -106.53076907834091, 35.071751027797596 ], [ -106.53241747477027, 35.071929530792822 ], [ -106.532414583001938, 35.072065667794455 ], [ -106.532399214155333, 35.072246690456993 ], [ -106.532394436878121, 35.072375974440853 ], [ -106.532387025750936, 35.072576551046659 ], [ -106.532385388876165, 35.072620857069964 ], [ -106.532383348460598, 35.072750145490893 ], [ -106.532382640640705, 35.072770351543326 ], [ -106.532375872719925, 35.072963494107391 ], [ -106.532372348464619, 35.073064064586355 ], [ -106.532363121516127, 35.073327385145745 ], [ -106.532361851879656, 35.073558849437347 ], [ -106.532360531777087, 35.073799538467767 ], [ -106.532358411132407, 35.074186318892011 ], [ -106.532357545022265, 35.074344252910628 ], [ -106.532357423793712, 35.074366358768906 ], [ -106.532357059262935, 35.074432749363417 ], [ -106.532356146707528, 35.074599165310545 ], [ -106.532355845819552, 35.074654109029296 ], [ -106.532340927735476, 35.075697388523842 ], [ -106.532349601450292, 35.077543965708948 ], [ -106.532343650439429, 35.080057040608061 ], [ -106.532410193447021, 35.082206853815016 ], [ -106.532405980814801, 35.082311412893269 ], [ -106.532372015583846, 35.083154387377547 ], [ -106.532439787621456, 35.084307488527728 ], [ -106.532555240283841, 35.086047470322463 ], [ -106.532565826651464, 35.087252054671154 ], [ -106.532601908439446, 35.087461342991944 ], [ -106.532600145779256, 35.08896133437446 ], [ -106.532615590982687, 35.090246358207438 ], [ -106.532622867721201, 35.091727399052346 ], [ -106.532646014752729, 35.092379611834581 ], [ -106.532700905865383, 35.093159769928761 ], [ -106.532714844064145, 35.094522776813356 ], [ -106.532853037025163, 35.099820962248863 ], [ -106.532939973563884, 35.101709764660399 ], [ -106.533003631264435, 35.104327588260347 ], [ -106.533098613315801, 35.108433598374994 ], [ -106.53310483982122, 35.108643281829451 ], [ -106.533119089173084, 35.108945416767988 ], [ -106.532267117456811, 35.108939826710504 ], [ -106.531515295185798, 35.108935005972491 ], [ -106.530158121365943, 35.108954529318112 ], [ -106.528516271677816, 35.108978631169556 ], [ -106.528457253576249, 35.108979003824984 ], [ -106.52825504795112, 35.108980286622533 ], [ -106.527916006237845, 35.108982437242126 ], [ -106.527858341796588, 35.108982802896968 ], [ -106.526847868792018, 35.108988635728061 ], [ -106.525543675585411, 35.108963882783463 ], [ -106.5249792101135, 35.108954849085528 ], [ -106.524507116566127, 35.108947291156973 ], [ -106.522133892292189, 35.108940606340965 ], [ -106.519858568677819, 35.108933025260768 ], [ -106.51721167631726, 35.108895606745293 ], [ -106.517179764409775, 35.108895155137262 ], [ -106.515569032261936, 35.108865202553005 ], [ -106.515513729123583, 35.107063265909062 ], [ -106.515479316538148, 35.105179409226366 ], [ -106.515479662876032, 35.105014224087085 ], [ -106.515483182601145, 35.104701181680042 ], [ -106.515488172032917, 35.104113048052632 ], [ -106.515486409559628, 35.10399473054018 ], [ -106.515486028112562, 35.10396910661656 ], [ -106.515484575597384, 35.103871616539962 ], [ -106.515483692183139, 35.103812291918722 ], [ -106.515468294431216, 35.102778607273514 ], [ -106.515466890815901, 35.102684342476977 ], [ -106.51544725074092, 35.102246859692919 ], [ -106.515445978910066, 35.102188837607109 ], [ -106.515454185250249, 35.101831310596218 ], [ -106.515439783242229, 35.101490299947486 ], [ -106.512175875464578, 35.101352302572366 ], [ -106.511562990772589, 35.101326378025732 ], [ -106.510395030957426, 35.10127696644205 ], [ -106.507985171799362, 35.101174979253678 ], [ -106.507958763943449, 35.101173861746865 ], [ -106.506371909919153, 35.101106678740706 ], [ -106.506326681888908, 35.101113686729242 ], [ -106.505248909845761, 35.101280678980672 ], [ -106.497905634974245, 35.100929105582175 ], [ -106.497543799626769, 35.100911769787892 ], [ -106.497540455674439, 35.10086293393374 ], [ -106.497520287750064, 35.100186305339165 ], [ -106.497505615770606, 35.099695583545071 ], [ -106.497472009151906, 35.098576649418213 ], [ -106.497469907837541, 35.098506679070198 ], [ -106.497496534562728, 35.098111255027234 ], [ -106.497721360610342, 35.094772237262923 ], [ -106.494165907386162, 35.094684678773447 ], [ -106.4928097617437, 35.094938961681414 ], [ -106.49213529683054, 35.095776726216691 ], [ -106.491314893823201, 35.096101891869388 ], [ -106.490505906158845, 35.096700679115521 ], [ -106.490138572251837, 35.096804345416587 ], [ -106.487321906280243, 35.09807567955108 ], [ -106.486593550323335, 35.098209734282158 ], [ -106.486388852876232, 35.098247407862758 ], [ -106.486342361765068, 35.098256160589536 ], [ -106.484287905566774, 35.098802679495584 ], [ -106.482517904222107, 35.098727679879275 ], [ -106.48156386531744, 35.098809299020182 ], [ -106.481519625433592, 35.098813083982307 ], [ -106.481493439866284, 35.098815323618098 ], [ -106.481437747145918, 35.098820087763116 ], [ -106.480571296944959, 35.098898981654969 ], [ -106.479988038000172, 35.098703228424519 ], [ -106.479989110567047, 35.098727387229168 ], [ -106.480017198313789, 35.099360608960673 ], [ -106.480023952777032, 35.099512893611099 ], [ -106.480074834938733, 35.100660553856315 ], [ -106.480075904178321, 35.100684680206207 ], [ -106.480030540341119, 35.102967402799898 ], [ -106.480018950803327, 35.103550556777655 ], [ -106.480012176666733, 35.103892787503717 ], [ -106.480003964489299, 35.104307680976063 ], [ -106.480040431356869, 35.108158509607797 ], [ -106.480045073653997, 35.11127950095883 ], [ -106.480045176075706, 35.111348345761442 ], [ -106.480046045282194, 35.111932443457043 ], [ -106.480054828268564, 35.115488681305841 ], [ -106.480055497400599, 35.115725171100472 ], [ -106.48005980044698, 35.115752589673328 ], [ -106.480068463650738, 35.11607400288738 ], [ -106.480069835778849, 35.116108618820746 ], [ -106.480105320767052, 35.116979799471309 ], [ -106.480206596658903, 35.119455297343514 ], [ -106.480229905506931, 35.119932683555412 ], [ -106.480243305785322, 35.121075110473015 ], [ -106.480286841293221, 35.124786452067745 ], [ -106.480293191386608, 35.125041192331018 ], [ -106.480304009142088, 35.125475148196337 ], [ -106.480320729612615, 35.126145904386341 ], [ -106.48032312673719, 35.126242059570302 ], [ -106.480330204323991, 35.126525950457847 ], [ -106.480331384305103, 35.126573269960716 ], [ -106.48033306409755, 35.126640667464507 ], [ -106.48033737622363, 35.126836694517493 ], [ -106.480351157268714, 35.128399236675627 ], [ -106.480358005916116, 35.129272699181207 ], [ -106.480362938960909, 35.129810699786098 ], [ -106.480364498944923, 35.130106702080859 ], [ -106.480366633120383, 35.130286699936796 ], [ -106.480368219956389, 35.130491702397435 ], [ -106.480369807778359, 35.130627698712736 ], [ -106.480372301793295, 35.130978700370463 ], [ -106.480375631144156, 35.131153694674239 ], [ -106.480378578783331, 35.13217493464937 ], [ -106.480380092986195, 35.132699288109336 ], [ -106.480388411479083, 35.133525469678524 ], [ -106.480388834884337, 35.133567484621274 ], [ -106.480395783574437, 35.134257519785571 ], [ -106.480398602510007, 35.13443160089237 ], [ -106.48039899184819, 35.134455675210788 ], [ -106.473363964435791, 35.134437258287328 ], [ -106.4699020765744, 35.13442804546515 ], [ -106.466792904053534, 35.134419686273503 ], [ -106.462471903896102, 35.134442753493623 ], [ -106.460212586518224, 35.13445475323897 ], [ -106.460181985753366, 35.134506686658547 ], [ -106.460182028479252, 35.134530571447556 ], [ -106.46017660956322, 35.134552675425269 ], [ -106.454072401923611, 35.134522138521113 ], [ -106.450880891640466, 35.134506050209211 ], [ -106.45073468929472, 35.134505777723945 ], [ -106.450674532883852, 35.134505645673208 ], [ -106.450551712579184, 35.134505354982181 ], [ -106.450495511774207, 35.134505100910964 ], [ -106.440811894186567, 35.13445622332884 ], [ -106.431131888512908, 35.134406686465702 ], [ -106.421496893771575, 35.134356758039132 ], [ -106.421464510558664, 35.134356376570217 ], [ -106.421186854398869, 35.134355191533345 ], [ -106.420732273361608, 35.135524060862799 ], [ -106.420722894229911, 35.135547688517455 ], [ -106.420693216520007, 35.135566186652802 ], [ -106.420103717085482, 35.135917995902247 ], [ -106.418372306314012, 35.136951254848213 ], [ -106.414056632106139, 35.143911373386068 ], [ -106.414045893034881, 35.143928690376079 ], [ -106.415021742043635, 35.152761314216569 ], [ -106.41388211122252, 35.155112628997976 ], [ -106.41387189404422, 35.155133692561826 ], [ -106.414236894143698, 35.160104692414272 ], [ -106.41565689512079, 35.162574693070979 ], [ -106.414597896088196, 35.171926694456779 ], [ -106.415505896694782, 35.179530695646861 ], [ -106.41588439731845, 35.187582697097419 ], [ -106.41603645933499, 35.188573486285364 ], [ -106.419310898367797, 35.191316697178124 ], [ -106.421484898971201, 35.192949697557758 ], [ -106.424914900170876, 35.194831697218611 ], [ -106.426832900542038, 35.195694697525688 ], [ -106.429476900873254, 35.197349697392319 ], [ -106.429792900710055, 35.197630697866884 ], [ -106.430539151168105, 35.197941629264804 ], [ -106.430642783848327, 35.197984139105351 ], [ -106.430901225969706, 35.19820368550721 ], [ -106.431366901727145, 35.198597697364683 ], [ -106.432787901430601, 35.200079697570203 ], [ -106.436150232517306, 35.20222694102435 ], [ -106.437004903038599, 35.202497698287871 ], [ -106.441373904030755, 35.204220697637247 ], [ -106.444738826741713, 35.205742058291676 ], [ -106.451635906496591, 35.21047069806837 ], [ -106.456537908596445, 35.214502699139665 ], [ -106.458038908560354, 35.216151699296667 ], [ -106.458497953532657, 35.216768937460458 ], [ -106.459360204825117, 35.217928303245692 ], [ -106.439659904667096, 35.21757669993638 ], [ -106.409348220177691, 35.217382795100121 ], [ -106.318311724428085, 35.216754799867985 ], [ -106.315005876582816, 35.216730707088487 ], [ -106.244798845693751, 35.214478157537577 ], [ -106.24390317543066, 35.214450134068741 ], [ -106.243848243778146, 35.200083228626639 ], [ -106.243608857066349, 35.170318703325066 ], [ -106.243609762216778, 35.169736714745802 ], [ -106.243612142408935, 35.168205706312023 ], [ -106.24361487748682, 35.166655558846962 ], [ -106.243624856065424, 35.160583703717734 ] ] ] } },
{ "type": "Feature", "properties": { "NAME": "CIBOLA", "ID": 580 }, "geometry": { "type": "MultiPolygon", "coordinates": [ [ [ [ -106.654245478449596, 35.230202342655403 ], [ -106.654247427468135, 35.228397486259119 ], [ -106.654757327059329, 35.228395785095771 ], [ -106.654756894904608, 35.228098395960409 ], [ -106.65475599336618, 35.227477972923879 ], [ -106.654248435650459, 35.227477791262743 ], [ -106.654259310595435, 35.22334685986057 ], [ -106.654262563015237, 35.222111426070541 ], [ -106.654262645253894, 35.222080162293658 ], [ -106.657251299026996, 35.218144177142563 ], [ -106.657312048845142, 35.218144561409481 ], [ -106.6619649233904, 35.218173882497361 ], [ -106.658295968246776, 35.231279549875119 ], [ -106.657516035540397, 35.231294683662732 ], [ -106.655490487920829, 35.231333964489309 ], [ -106.654866835460666, 35.231498507146071 ], [ -106.654454174470871, 35.231607379698112 ], [ -106.653814829796445, 35.231742771099704 ], [ -106.654245478449596, 35.230202342655403 ] ] ], [ [ [ -106.602232369506055, 35.220422203871827 ], [ -106.60454008259974, 35.217933621638473 ], [ -106.604977246466092, 35.217461976114457 ], [ -106.604994113404757, 35.21744059058161 ], [ -106.605582725231443, 35.217019070119974 ], [ -106.605680978401551, 35.216951255871784 ], [ -106.60571064348845, 35.216937537208423 ], [ -106.606732649532148, 35.216464899356794 ], [ -106.612371942854523, 35.213856690306692 ], [ -106.612405942508161, 35.213830690290756 ], [ -106.618378534366855, 35.211361662400222 ], [ -106.618896035431177, 35.211136171000213 ], [ -106.621778167504857, 35.208456179524369 ], [ -106.621805944411804, 35.208430689054076 ], [ -106.625810945470676, 35.207436688532297 ], [ -106.630577946717295, 35.206061687805452 ], [ -106.637797806021581, 35.203137522688387 ], [ -106.639572613523839, 35.201854862440847 ], [ -106.639605948176452, 35.201830686834413 ], [ -106.642405948297892, 35.197130686127146 ], [ -106.643309729595018, 35.193408740434101 ], [ -106.645063533501627, 35.191888916563748 ], [ -106.645095948335907, 35.191861684748282 ], [ -106.647376546091962, 35.18785449700993 ], [ -106.647550435763407, 35.187702428795809 ], [ -106.652061259996671, 35.183764547689357 ], [ -106.652086852756781, 35.183745525301823 ], [ -106.652095283657857, 35.183727349545528 ], [ -106.652708656350953, 35.182423654589137 ], [ -106.652726313215041, 35.182393227301382 ], [ -106.653039763211112, 35.182014503340298 ], [ -106.653538949366663, 35.181438683108176 ], [ -106.65357294989073, 35.181412683196257 ], [ -106.654153949416539, 35.180065683218174 ], [ -106.654569539298478, 35.178216499076953 ], [ -106.654589949751042, 35.17812568207777 ], [ -106.655181944809215, 35.176968785045496 ], [ -106.655704949625814, 35.175946682093617 ], [ -106.656412766790808, 35.174139752647093 ], [ -106.658474663566977, 35.168832375369604 ], [ -106.658497261843308, 35.168817932905483 ], [ -106.663276299267338, 35.164828628576224 ], [ -106.66391701070205, 35.16429351270353 ], [ -106.666868337505534, 35.16182845996849 ], [ -106.670332083872609, 35.157638432224573 ], [ -106.676956655014578, 35.145983645713585 ], [ -106.67697448846998, 35.145953890228782 ], [ -106.677080065225653, 35.145835387602631 ], [ -106.677128662086773, 35.14578083943713 ], [ -106.677433090531508, 35.145394026565 ], [ -106.677460143382049, 35.145367800991089 ], [ -106.6774883586355, 35.145377501949532 ], [ -106.678778952100672, 35.145875925877945 ], [ -106.678805787151418, 35.145889412065294 ], [ -106.678858861977218, 35.145916086348095 ], [ -106.679285153087591, 35.146134084651649 ], [ -106.68193214457915, 35.147477329747012 ], [ -106.682051269264022, 35.147535565560375 ], [ -106.683132776084804, 35.148086800472882 ], [ -106.683347926567251, 35.148196049618562 ], [ -106.683986170300642, 35.148519160996379 ], [ -106.68510337232226, 35.149041451891179 ], [ -106.685265785580839, 35.149117379429654 ], [ -106.685288137209795, 35.149129223419926 ], [ -106.686208627982793, 35.149648734555797 ], [ -106.685835953539268, 35.150016676082593 ], [ -106.685781894302451, 35.150076993130753 ], [ -106.685080305442568, 35.150877160278547 ], [ -106.684660953544537, 35.151327676521177 ], [ -106.683698768266993, 35.152662642131538 ], [ -106.68367030588665, 35.152702131624402 ], [ -106.683591372276098, 35.152835693252328 ], [ -106.683448022294456, 35.15307824969485 ], [ -106.683426771208914, 35.153113686588775 ], [ -106.683413760311012, 35.153135383067607 ], [ -106.683396837980723, 35.153161285242192 ], [ -106.683379177469092, 35.153188316857417 ], [ -106.68335197923841, 35.153227819780518 ], [ -106.68306075140498, 35.153650792750469 ], [ -106.682997187960368, 35.153819635570429 ], [ -106.68288995321582, 35.154103677328422 ], [ -106.681969250836573, 35.155482574629758 ], [ -106.68185161692287, 35.155680389910515 ], [ -106.681512762812829, 35.156250206899337 ], [ -106.681458093775888, 35.156342136817031 ], [ -106.681263729352779, 35.156668974950492 ], [ -106.680781414999174, 35.15739995623283 ], [ -106.680512755408827, 35.157807121503815 ], [ -106.680352270537881, 35.158080433628534 ], [ -106.680050182513824, 35.158594897073989 ], [ -106.679404170670637, 35.159654726179745 ], [ -106.679176145623416, 35.160028812003404 ], [ -106.678624768306733, 35.16090600665877 ], [ -106.678372441394743, 35.161311765195684 ], [ -106.678232051655527, 35.161561281024959 ], [ -106.678054948705295, 35.161876396271396 ], [ -106.677953720618049, 35.162056507556763 ], [ -106.677898010067395, 35.162155630283273 ], [ -106.677876082536088, 35.162194645475317 ], [ -106.677819902656864, 35.162294945301007 ], [ -106.677663778325908, 35.162610725947552 ], [ -106.677611322057686, 35.162716826821438 ], [ -106.6775811047562, 35.162777944802464 ], [ -106.677446906121105, 35.163049377098424 ], [ -106.677369455314007, 35.163206029612169 ], [ -106.677317603302498, 35.163310904062854 ], [ -106.677306905046535, 35.163336946565074 ], [ -106.677163695242641, 35.163685569143794 ], [ -106.677129640443056, 35.163768471233972 ], [ -106.67711472125211, 35.163804788799126 ], [ -106.676885953306524, 35.164361679539311 ], [ -106.676789561566437, 35.164687587107011 ], [ -106.676776251857163, 35.164734509814842 ], [ -106.676768589211761, 35.164761531352639 ], [ -106.676020953621475, 35.167396679306513 ], [ -106.676011500351805, 35.167427553529521 ], [ -106.676002540126291, 35.167456772776198 ], [ -106.675754946849253, 35.168264179865993 ], [ -106.675742233189212, 35.168303732870925 ], [ -106.675512469293707, 35.169018563710772 ], [ -106.675290443432615, 35.169706672534893 ], [ -106.675243071334975, 35.169853488709528 ], [ -106.675214468442121, 35.169942135763904 ], [ -106.674972124073633, 35.170693198785386 ], [ -106.674759964545999, 35.171345701051209 ], [ -106.674543184600182, 35.171959632952756 ], [ -106.674408755582888, 35.172397076012615 ], [ -106.673948013937874, 35.173756847877435 ], [ -106.673769014156036, 35.174285219252575 ], [ -106.673480953440318, 35.174986681126832 ], [ -106.672866953391903, 35.176019681469 ], [ -106.672486906183181, 35.176538284985888 ], [ -106.672115210476989, 35.176954552054305 ], [ -106.671556847528748, 35.177637780801675 ], [ -106.670152975763855, 35.178943032949753 ], [ -106.668169776694882, 35.180902087896477 ], [ -106.67013895315489, 35.181647682485497 ], [ -106.671119125546326, 35.18178589091206 ], [ -106.671424247732787, 35.181799450993083 ], [ -106.671505663257392, 35.181807795357535 ], [ -106.671612758449598, 35.181818772624702 ], [ -106.671985936455897, 35.181783123732814 ], [ -106.672344725290259, 35.181719669421589 ], [ -106.673670649218323, 35.181367140289844 ], [ -106.673789684679946, 35.181339668986631 ], [ -106.674012793447133, 35.181305227538743 ], [ -106.674142299805325, 35.181287664802866 ], [ -106.67470564441318, 35.181217918836929 ], [ -106.677702544317938, 35.181388309082244 ], [ -106.679261652505687, 35.181382793533288 ], [ -106.681352754875249, 35.181210836699471 ], [ -106.683512470500261, 35.180727481307024 ], [ -106.684492056059327, 35.180381571743908 ], [ -106.684785961100701, 35.180262032967285 ], [ -106.68492995087837, 35.180203468806702 ], [ -106.685286955957949, 35.180086681471799 ], [ -106.68571441772292, 35.179965904995896 ], [ -106.686097661919277, 35.179890126460151 ], [ -106.686256961635891, 35.179858628070441 ], [ -106.687735624554762, 35.179689346017284 ], [ -106.687805126534371, 35.179689419337848 ], [ -106.687840951309482, 35.179689456608834 ], [ -106.690447825868645, 35.179672727845599 ], [ -106.692253302236878, 35.179681506842648 ], [ -106.694359062323954, 35.179674969031332 ], [ -106.69501230700142, 35.179416340662449 ], [ -106.696619942023545, 35.179083622565045 ], [ -106.698436009881988, 35.178892198989537 ], [ -106.699284604012973, 35.179002723785167 ], [ -106.7009141485767, 35.179508183737475 ], [ -106.701797206725971, 35.179590145658487 ], [ -106.702410846924636, 35.179810118121338 ], [ -106.703284522979359, 35.179804572844688 ], [ -106.703518889390836, 35.179804697035792 ], [ -106.703518225283474, 35.17973514551403 ], [ -106.703582540766376, 35.179733665206143 ], [ -106.707148605568577, 35.17973589845171 ], [ -106.707643116988649, 35.179736257586583 ], [ -106.707670898184332, 35.179736277916788 ], [ -106.710522481631727, 35.179738308655566 ], [ -106.710812729885845, 35.179738511839247 ], [ -106.71128174823366, 35.179738475341388 ], [ -106.71138343683198, 35.179738466634753 ], [ -106.711514157047219, 35.179738456301386 ], [ -106.711830962288118, 35.179739068769955 ], [ -106.713491372660812, 35.179742264512285 ], [ -106.71383201019809, 35.179770021972232 ], [ -106.714092451140388, 35.179810101933469 ], [ -106.714363495438604, 35.179873596972712 ], [ -106.714465789380895, 35.17989756067719 ], [ -106.714798254442286, 35.179995453303235 ], [ -106.715011448716524, 35.180045714921455 ], [ -106.71538983841458, 35.180114678266598 ], [ -106.715609000858649, 35.180169978366877 ], [ -106.715858365847225, 35.180238179557193 ], [ -106.716182627932824, 35.180375879418698 ], [ -106.716230675370355, 35.180397080167076 ], [ -106.716378778209162, 35.180462427552811 ], [ -106.716746549000831, 35.180685728254325 ], [ -106.71701047295393, 35.180894597836136 ], [ -106.71714587159093, 35.181042994836695 ], [ -106.720114798560346, 35.183974162662992 ], [ -106.723983796139891, 35.187822187461592 ], [ -106.724184847888878, 35.188022135670636 ], [ -106.724285364198849, 35.188122100669169 ], [ -106.724604406553539, 35.188378368345859 ], [ -106.724789339207533, 35.188481606015145 ], [ -106.724916713120123, 35.188552711204373 ], [ -106.725243379760869, 35.188735070151019 ], [ -106.725339544028472, 35.188764823226002 ], [ -106.725721713491211, 35.188883063886664 ], [ -106.725758570407109, 35.18889446739076 ], [ -106.726400287568921, 35.189046609428019 ], [ -106.727026257043534, 35.189096827133227 ], [ -106.727716910595873, 35.189086601261764 ], [ -106.72766153222355, 35.192055172220464 ], [ -106.727660088722246, 35.192132555250993 ], [ -106.727695957027805, 35.193074282969256 ], [ -106.727701331429927, 35.19321614303243 ], [ -106.727710948917533, 35.193469982358572 ], [ -106.727755291476726, 35.194640302658534 ], [ -106.72774932331464, 35.196622319957832 ], [ -106.727708509198862, 35.197636743609955 ], [ -106.727706121140884, 35.197696097115347 ], [ -106.727674062992534, 35.198501730252033 ], [ -106.727673824320334, 35.198721698109992 ], [ -106.727673778711733, 35.198769243500685 ], [ -106.727672895482698, 35.199680067083214 ], [ -106.727665652734842, 35.199913959024073 ], [ -106.727662200570151, 35.200022855875886 ], [ -106.727623098388491, 35.201256362822939 ], [ -106.727631540147073, 35.201641231562292 ], [ -106.727646384623867, 35.202317948220596 ], [ -106.727661400540484, 35.20300250839378 ], [ -106.727665701184378, 35.203196055213567 ], [ -106.72766861050242, 35.203326980467587 ], [ -106.730382916436838, 35.203317270250878 ], [ -106.731455274837387, 35.203307702673861 ], [ -106.733045920444553, 35.203312675254693 ], [ -106.73370594455038, 35.203307088281186 ], [ -106.734706081098537, 35.203302493085239 ], [ -106.734770574179407, 35.203302196144982 ], [ -106.736502597075614, 35.203305057248606 ], [ -106.736668230357665, 35.203273833098216 ], [ -106.736821196258632, 35.203244997064573 ], [ -106.738739256190684, 35.203242013844466 ], [ -106.739226854146594, 35.203241250917003 ], [ -106.741808424917863, 35.203251348521952 ], [ -106.742516637783723, 35.203247399080368 ], [ -106.74536401631164, 35.203231477927289 ], [ -106.745363975284079, 35.203266680820562 ], [ -106.745362620512722, 35.204420986249268 ], [ -106.745361972253519, 35.204975616488454 ], [ -106.745360438276421, 35.206287550268435 ], [ -106.745346967412914, 35.217812956705657 ], [ -106.74467901830262, 35.217813848890309 ], [ -106.743824972650287, 35.217814406786545 ], [ -106.743385105080023, 35.217815314991377 ], [ -106.732944299567308, 35.217829995789742 ], [ -106.730706984805124, 35.21783285228075 ], [ -106.727654447840706, 35.217836682547521 ], [ -106.727654968893304, 35.217954684081263 ], [ -106.720300911495613, 35.217957490834713 ], [ -106.719667117329777, 35.217929178198844 ], [ -106.71840653145577, 35.21791150186862 ], [ -106.715505438589119, 35.217864852938582 ], [ -106.714731995715468, 35.21785143817327 ], [ -106.713933950129274, 35.217838044238228 ], [ -106.711988878996394, 35.217838351926154 ], [ -106.711963370942598, 35.217838374443282 ], [ -106.711833505336983, 35.21783850122749 ], [ -106.711808621178037, 35.217838519529188 ], [ -106.711783738112345, 35.217838536920155 ], [ -106.711710799081303, 35.217838568117465 ], [ -106.710530966542379, 35.217839052327726 ], [ -106.710486493706071, 35.217839064643087 ], [ -106.710435044657586, 35.217839083642474 ], [ -106.696476663358311, 35.217843825201989 ], [ -106.692283963285391, 35.217853100278738 ], [ -106.690183960245392, 35.217854686313913 ], [ -106.689288785949984, 35.217833091572068 ], [ -106.686940323222672, 35.217776406675945 ], [ -106.68447767690671, 35.217716917502237 ], [ -106.68398211195354, 35.217697140787081 ], [ -106.683102958755924, 35.217683686461299 ], [ -106.6695012824744, 35.21772324793082 ], [ -106.668839963620073, 35.217724625364532 ], [ -106.666477627618391, 35.217727992875787 ], [ -106.663098567409122, 35.217732730696873 ], [ -106.662513627308101, 35.217729015503998 ], [ -106.662618521668804, 35.217352661146556 ], [ -106.662692453931882, 35.217088835407047 ], [ -106.662841164342154, 35.216558225979455 ], [ -106.662860125535332, 35.216490764737379 ], [ -106.662892311686704, 35.2163759890149 ], [ -106.662989325755703, 35.21602391421137 ], [ -106.662992914623828, 35.215993613798169 ], [ -106.663077825671849, 35.215187995857484 ], [ -106.663085806962087, 35.215109546591385 ], [ -106.662988416082783, 35.214391920138482 ], [ -106.662934973168234, 35.21419453245003 ], [ -106.662688377668644, 35.21354454872678 ], [ -106.662654741549872, 35.213507212394887 ], [ -106.662427595551918, 35.213196548102488 ], [ -106.661984624172561, 35.212752822585223 ], [ -106.66186095365066, 35.212634020554908 ], [ -106.661262822227883, 35.212183144328044 ], [ -106.660606953298881, 35.211774020640213 ], [ -106.660432067101127, 35.211699507897336 ], [ -106.659941953317883, 35.21149068699183 ], [ -106.659722309523517, 35.211409091638181 ], [ -106.659647530703396, 35.211393578577116 ], [ -106.65951704634621, 35.211366510006698 ], [ -106.659402708212596, 35.211333352497839 ], [ -106.658714178295398, 35.211252118423964 ], [ -106.657993626361701, 35.211228279912575 ], [ -106.657993328145054, 35.211247707733619 ], [ -106.657986654264107, 35.211283668615202 ], [ -106.65769495292696, 35.21322668798156 ], [ -106.65809186876308, 35.213377836503312 ], [ -106.658574888792046, 35.213561800151773 ], [ -106.659028186702187, 35.213733821819673 ], [ -106.659273410977164, 35.213827413834714 ], [ -106.659502444951642, 35.213914351638252 ], [ -106.659851487762026, 35.214047277824015 ], [ -106.660002579066216, 35.214105116086891 ], [ -106.660362548128887, 35.214242171117455 ], [ -106.660784280602769, 35.214402991871033 ], [ -106.660895927796957, 35.214447855984261 ], [ -106.660848516487349, 35.217336815500403 ], [ -106.660843410857382, 35.217647877871116 ], [ -106.660844149092128, 35.217706532544732 ], [ -106.66084445312282, 35.217730681817493 ], [ -106.660848174156769, 35.217838701485014 ], [ -106.660718204264526, 35.217839570656672 ], [ -106.660688959949738, 35.217839304783496 ], [ -106.658798342920051, 35.217811779806496 ], [ -106.658716392476975, 35.217810586256618 ], [ -106.657574447286748, 35.217793946433886 ], [ -106.65721486293161, 35.217788703984382 ], [ -106.654017062751279, 35.221910409348162 ], [ -106.650176314521445, 35.226910507691279 ], [ -106.644416955038565, 35.234564365393972 ], [ -106.643670305641663, 35.235556493976759 ], [ -106.640112759758594, 35.240283279170995 ], [ -106.635006880412732, 35.247373663495964 ], [ -106.634248085397616, 35.24954126819533 ], [ -106.633104951508827, 35.252806567275748 ], [ -106.632920349640784, 35.253232298935409 ], [ -106.632882699011972, 35.253328311205628 ], [ -106.63243617604931, 35.254369556848161 ], [ -106.631410373482339, 35.256780063929384 ], [ -106.631401693135373, 35.256799168225598 ], [ -106.631268530943757, 35.257092252023419 ], [ -106.628789842518245, 35.262552047504641 ], [ -106.627293580840004, 35.265847478204606 ], [ -106.615487301428502, 35.265931416804776 ], [ -106.608042797771688, 35.265953675025273 ], [ -106.607456963290801, 35.266096932292939 ], [ -106.607420443463582, 35.266106221223616 ], [ -106.607817182480673, 35.267552314826062 ], [ -106.60756390526717, 35.268554600461236 ], [ -106.607359641821759, 35.269318591575193 ], [ -106.605368822099578, 35.272568772334836 ], [ -106.603981094275511, 35.274837945808208 ], [ -106.60001302018037, 35.281141564344267 ], [ -106.599998216935447, 35.28116507850892 ], [ -106.597004011570334, 35.28083738745233 ], [ -106.597005943961832, 35.278216284129996 ], [ -106.597005944639804, 35.271630699313391 ], [ -106.594813943532699, 35.264642698499344 ], [ -106.595305943545824, 35.262130698491319 ], [ -106.591649940975984, 35.250936696587743 ], [ -106.586197683270996, 35.238026602686332 ], [ -106.586683383376155, 35.237367024377058 ], [ -106.591952703709055, 35.230210512121239 ], [ -106.591987084643591, 35.230163812656777 ], [ -106.592284253825554, 35.229760468003448 ], [ -106.592305939571318, 35.229730693611785 ], [ -106.594341788189212, 35.228919527818164 ], [ -106.596064581625768, 35.227064824089602 ], [ -106.596097737852659, 35.227029128050241 ], [ -106.601113232861408, 35.221628982442731 ], [ -106.602232369506055, 35.220422203871827 ] ] ] ] } },
{ "type": "Feature", "properties": { "NAME": "RIO GRANDE", "ID": 540 }, "geometry": { "type": "Polygon", "coordinates": [ [ [ -106.668975444617232, 35.076354666569564 ], [ -106.665776986314768, 35.073953973164848 ], [ -106.661475441800008, 35.071754666286722 ], [ -106.659975441594227, 35.070354666501004 ], [ -106.659575441083291, 35.069254666490949 ], [ -106.659175441371858, 35.066154666063916 ], [ -106.659175440988761, 35.063654665666064 ], [ -106.65787544060943, 35.062854665317495 ], [ -106.658115303820296, 35.056803325091117 ], [ -106.660575587595503, 35.049555101049577 ], [ -106.660596844772982, 35.049526146380316 ], [ -106.661042811002545, 35.048918704697833 ], [ -106.661175823960491, 35.048737527763329 ], [ -106.661197754655888, 35.048707655723334 ], [ -106.661216318889799, 35.048682143725792 ], [ -106.661239562259482, 35.048650199282868 ], [ -106.661821792524904, 35.047850018807971 ], [ -106.661657784774818, 35.047851809507115 ], [ -106.658271480343231, 35.047888739192935 ], [ -106.658086955938799, 35.047890643685676 ], [ -106.657825967767437, 35.047893366563393 ], [ -106.657758942847437, 35.047894346369915 ], [ -106.657088014733418, 35.047901656650666 ], [ -106.657089718561693, 35.047531664281124 ], [ -106.657089841055821, 35.047502665741234 ], [ -106.657107938849819, 35.044298661593956 ], [ -106.657043824991433, 35.044299223768242 ], [ -106.657011804235495, 35.044299505172027 ], [ -106.655054934620011, 35.044316661446281 ], [ -106.654685268715411, 35.044255691609322 ], [ -106.654243876110385, 35.044262972958407 ], [ -106.654169879220802, 35.044264124545357 ], [ -106.651650794305311, 35.044303813006124 ], [ -106.651560749003934, 35.04430496835095 ], [ -106.651396879458858, 35.044307182807586 ], [ -106.650944202842439, 35.044314264119755 ], [ -106.650298675609363, 35.04432435821947 ], [ -106.649901888072208, 35.044330561618665 ], [ -106.649691759323574, 35.044333806961603 ], [ -106.649451888351976, 35.044337509547702 ], [ -106.648907005010244, 35.04434632012002 ], [ -106.648420929476231, 35.044354177017503 ], [ -106.6479857045546, 35.044361210716552 ], [ -106.647841044956238, 35.044363547564217 ], [ -106.647739497618858, 35.044353566899971 ], [ -106.646430936748374, 35.044213662896809 ], [ -106.646402763560729, 35.044204908021058 ], [ -106.646265271800232, 35.044160953048902 ], [ -106.646213851065042, 35.044144720723025 ], [ -106.645928936297864, 35.044053662250256 ], [ -106.645848290193015, 35.044009554640525 ], [ -106.645777818287343, 35.0439713417883 ], [ -106.645670654348763, 35.04391254292721 ], [ -106.645588634200763, 35.043867569715118 ], [ -106.645475110157832, 35.043805213521921 ], [ -106.645385503126192, 35.04375596403532 ], [ -106.64528373745496, 35.043700440269518 ], [ -106.645188688469688, 35.043647782817786 ], [ -106.643736863862344, 35.042624285932554 ], [ -106.643701935734612, 35.042599662307893 ], [ -106.643688278988392, 35.042562103114506 ], [ -106.643668749103455, 35.04250621285324 ], [ -106.643643745040634, 35.042435181395099 ], [ -106.643616913974142, 35.042359381725028 ], [ -106.643592912909739, 35.042291088340846 ], [ -106.643563688172804, 35.042195426436813 ], [ -106.64343747897145, 35.04185286260396 ], [ -106.643426654521477, 35.041823482154776 ], [ -106.643388531909423, 35.041720007248841 ], [ -106.643376926793451, 35.041688509091045 ], [ -106.643356336299718, 35.041630785032673 ], [ -106.643291774280513, 35.041551601816593 ], [ -106.643247439967041, 35.04149766511032 ], [ -106.643150048475917, 35.041379184483212 ], [ -106.643100935666695, 35.041318662712321 ], [ -106.643033827881595, 35.041220928335854 ], [ -106.642802489473524, 35.040884006662786 ], [ -106.642422862692527, 35.04071529445045 ], [ -106.641750173691804, 35.040505044473115 ], [ -106.639632400870084, 35.040540185706355 ], [ -106.637876228460854, 35.04054581247847 ], [ -106.637876174625234, 35.04031594920238 ], [ -106.637875864920304, 35.038675848681173 ], [ -106.637884566006576, 35.037790935966726 ], [ -106.637957182476526, 35.031016758596273 ], [ -106.637966314950944, 35.030123365136774 ], [ -106.637967602546979, 35.029997400612409 ], [ -106.637977075064484, 35.029070699587855 ], [ -106.637901992801147, 35.026799921222548 ], [ -106.637882556265424, 35.026212070108123 ], [ -106.637864613219861, 35.025669354910725 ], [ -106.637825771032027, 35.024494527608887 ], [ -106.637246931211521, 35.023341837067754 ], [ -106.637526778210756, 35.021008548881156 ], [ -106.6376666978598, 35.019841837083469 ], [ -106.637806613692192, 35.018675124926268 ], [ -106.639129149530362, 35.015001649910509 ], [ -106.640451568540769, 35.011328158136649 ], [ -106.641773869667531, 35.007654651417177 ], [ -106.643096055124317, 35.003981127948045 ], [ -106.644063090459483, 35.00130241169083 ], [ -106.645030063543857, 34.99862368696806 ], [ -106.645996974389504, 34.995944953782001 ], [ -106.646963823004143, 34.993266211233561 ], [ -106.646982632097576, 34.99320820161131 ], [ -106.64699317100667, 34.993175689086215 ], [ -106.649166634396877, 34.986470397762069 ], [ -106.65133821012698, 34.979764724148694 ], [ -106.653508666172129, 34.973058837985384 ], [ -106.655678774649687, 34.966352908042673 ], [ -106.656116529563008, 34.964708102942481 ], [ -106.656554268387382, 34.963063295034267 ], [ -106.656991990034342, 34.961418485223511 ], [ -106.657429694505907, 34.959773673510483 ], [ -106.658002945429928, 34.958234080555208 ], [ -106.658576175178098, 34.956694484652367 ], [ -106.659513514613806, 34.954995126647873 ], [ -106.66047970037998, 34.953014174235371 ], [ -106.661445841156763, 34.95103321290992 ], [ -106.662411935860177, 34.949052243578386 ], [ -106.66336819543605, 34.947072097357655 ], [ -106.663811703375544, 34.945475511866043 ], [ -106.664254798973133, 34.94387974885057 ], [ -106.667008101884036, 34.930785263612762 ], [ -106.669760550948169, 34.917690693081958 ], [ -106.670410149516115, 34.911998145426089 ], [ -106.671059662495566, 34.906305588708499 ], [ -106.671067864674157, 34.906250597104844 ], [ -106.671097038313206, 34.906249954241837 ], [ -106.675374932267175, 34.906155639796062 ], [ -106.6787768716773, 34.906183291377573 ], [ -106.68267795500951, 34.906214883642285 ], [ -106.686153934710063, 34.906242639342814 ], [ -106.686352934877689, 34.905945639681065 ], [ -106.686427934829922, 34.905574639095207 ], [ -106.688768935049197, 34.903081638513648 ], [ -106.690407935299831, 34.901524638596143 ], [ -106.693018103970658, 34.899695832841942 ], [ -106.69430393600399, 34.898794638175303 ], [ -106.696211936008353, 34.896917637128553 ], [ -106.697016936253803, 34.895819637688739 ], [ -106.698376936507515, 34.893528637319548 ], [ -106.699579236580519, 34.890137707959681 ], [ -106.700270032148509, 34.88818939115783 ], [ -106.700826935781436, 34.886618635260902 ], [ -106.701672348168572, 34.885286745852532 ], [ -106.702341362126901, 34.884232818678107 ], [ -106.702896935942178, 34.883357635070595 ], [ -106.704477936812538, 34.881020635035128 ], [ -106.704671936596895, 34.880815634861548 ], [ -106.705921936286401, 34.880128634091179 ], [ -106.70728293660251, 34.879804634454345 ], [ -106.710590469351672, 34.879422568932171 ], [ -106.711255938235297, 34.879345634194216 ], [ -106.712699937699199, 34.879023633600205 ], [ -106.715111382377671, 34.878055590686294 ], [ -106.715616938687745, 34.877852633381906 ], [ -106.716310938804313, 34.877211633665191 ], [ -106.716698939298496, 34.876500632936221 ], [ -106.717502938685541, 34.875425632819258 ], [ -106.718363939399552, 34.874622632720722 ], [ -106.719055939351662, 34.873111632560438 ], [ -106.719970939671271, 34.871552632473467 ], [ -106.720269978889547, 34.870088063016709 ], [ -106.720302939146052, 34.869926632377897 ], [ -106.721101941491966, 34.869939560542306 ], [ -106.72404017219425, 34.869987034272064 ], [ -106.72438694052812, 34.869992632326728 ], [ -106.734396946507999, 34.869979209652961 ], [ -106.73468650428282, 34.869979252067004 ], [ -106.734828941587537, 34.86997931525601 ], [ -106.740126943874628, 34.869971631005434 ], [ -106.745632944624916, 34.870050631068359 ], [ -106.75000994614804, 34.869955630948049 ], [ -106.909906981203036, 34.869564622056458 ], [ -106.931994980966778, 34.869851869207643 ], [ -106.932902985913913, 34.869863620521691 ], [ -107.000010000705871, 34.869613617339589 ], [ -107.00461700150575, 34.869729624040467 ], [ -107.009157996784708, 34.869843777693873 ], [ -107.023873005922241, 34.870212615386713 ], [ -107.024027992705641, 34.870419536273147 ], [ -107.024542089253828, 34.871215176120451 ], [ -107.024550544579512, 34.871233750112857 ], [ -107.024589266504321, 34.8713287277969 ], [ -107.028293007310737, 34.880429617189115 ], [ -107.035254941669336, 34.894562196641445 ], [ -107.035912876411885, 34.895898326794594 ], [ -107.037641262555525, 34.899405643884407 ], [ -107.061731769572006, 34.948268199099189 ], [ -107.062124692176383, 34.949064616169679 ], [ -107.062503268994902, 34.949831938830208 ], [ -107.064145038653891, 34.953159382527978 ], [ -107.065557944658451, 34.956022738286947 ], [ -107.065570327110592, 34.956047829896967 ], [ -107.066113193483716, 34.957147618578908 ], [ -107.065983947181635, 34.957146692194797 ], [ -107.065953872715554, 34.957146476873326 ], [ -106.963158625902565, 34.956367563145122 ], [ -106.947613656990725, 34.956391456027461 ], [ -106.94529529992397, 34.958053479655483 ], [ -106.944074438011114, 34.958928701793745 ], [ -106.942883832044117, 34.95978222491447 ], [ -106.940324713144747, 34.961616914882633 ], [ -106.936392648723, 34.964435129954381 ], [ -106.936363088470713, 34.964456316285094 ], [ -106.933992362908683, 34.976085131729626 ], [ -106.933186559439633, 34.97833511220302 ], [ -106.932626029935577, 34.979897295503896 ], [ -106.932496322039626, 34.980258451435049 ], [ -106.93207502387834, 34.981432942224117 ], [ -106.931463133839529, 34.98313583306534 ], [ -106.929656436885509, 34.98816572251625 ], [ -106.926897363406496, 34.995846135605106 ], [ -106.926910074848251, 34.996335938421467 ], [ -106.927110865833725, 35.00402559612877 ], [ -106.926489274319763, 35.004029382804788 ], [ -106.903601984846773, 35.004166671935856 ], [ -106.876285525454549, 35.004389534845309 ], [ -106.876221330577977, 35.004390320372273 ], [ -106.87557810216488, 35.004398184876806 ], [ -106.875204578752829, 35.00440275056598 ], [ -106.875165001383394, 35.004403233855818 ], [ -106.797855987636979, 35.004499052857604 ], [ -106.780173407928714, 35.004440033290088 ], [ -106.767016511678946, 35.004478508332404 ], [ -106.766629425681771, 35.004479721897916 ], [ -106.766328451040124, 35.004480663534764 ], [ -106.765876385652732, 35.00448238004595 ], [ -106.765700672318232, 35.004482918433716 ], [ -106.76547417177494, 35.004483599228308 ], [ -106.765381121494215, 35.00448343452549 ], [ -106.765168573693813, 35.004483314508576 ], [ -106.760404694887967, 35.004498999240845 ], [ -106.745055955505634, 35.00455863975089 ], [ -106.745109125182296, 35.015186654281763 ], [ -106.745072746158726, 35.015186707122155 ], [ -106.739060161855789, 35.01519536379972 ], [ -106.73854079382987, 35.015195849053448 ], [ -106.736357760349293, 35.015197865464629 ], [ -106.732188015099396, 35.01520405303647 ], [ -106.731239507816284, 35.015205440432815 ], [ -106.730475518918226, 35.015206552549948 ], [ -106.730220899667032, 35.015469572465356 ], [ -106.730220954432525, 35.016010704566199 ], [ -106.730220983173268, 35.016285529993759 ], [ -106.730221122632244, 35.01765365413894 ], [ -106.730292859006923, 35.017655151560859 ], [ -106.730990954011929, 35.020734654344473 ], [ -106.731603226365692, 35.0218280621717 ], [ -106.731683181852674, 35.021966341553082 ], [ -106.731477710668983, 35.022455089873723 ], [ -106.731425603781005, 35.022615811358357 ], [ -106.731356744021284, 35.022836992539247 ], [ -106.731309455996296, 35.022993761785159 ], [ -106.731272953372724, 35.023103654719968 ], [ -106.731259218474349, 35.023203379943205 ], [ -106.731253310130356, 35.023246274075412 ], [ -106.731192957556317, 35.023648314543124 ], [ -106.731188641680177, 35.023806648638896 ], [ -106.73116599104317, 35.024603485958643 ], [ -106.731164362927785, 35.02466077293105 ], [ -106.731170425979457, 35.025694963130753 ], [ -106.731184745575987, 35.028256795471727 ], [ -106.731154814036501, 35.028549633082058 ], [ -106.731135507613487, 35.028738561591695 ], [ -106.731071698907272, 35.029089402600952 ], [ -106.731043679081296, 35.029203042457524 ], [ -106.730983233354578, 35.029448239870192 ], [ -106.730935914130725, 35.029575732277756 ], [ -106.730925296447722, 35.029599616129985 ], [ -106.730870216576463, 35.029723514501534 ], [ -106.730749237509912, 35.029987062841258 ], [ -106.730601629180768, 35.030279522621633 ], [ -106.73046696323091, 35.03049189950076 ], [ -106.730224014644463, 35.030870102555831 ], [ -106.730203461112254, 35.030902098220132 ], [ -106.730098786583198, 35.031034954646181 ], [ -106.729867229704965, 35.031328852597035 ], [ -106.729796603856514, 35.031425471607356 ], [ -106.729448984594626, 35.031880008601625 ], [ -106.729319634208977, 35.032077975900656 ], [ -106.729100953733266, 35.03241265664974 ], [ -106.728863290606839, 35.032838864825152 ], [ -106.72877529295873, 35.032996672437534 ], [ -106.728608400295656, 35.033332861594033 ], [ -106.728594492429636, 35.033360878774005 ], [ -106.728394386586544, 35.03383995168852 ], [ -106.728349006028395, 35.033948596712108 ], [ -106.728296448284581, 35.034095893872149 ], [ -106.728247759583695, 35.034232348347302 ], [ -106.728210293899835, 35.03435473819728 ], [ -106.728157836372858, 35.034526100212666 ], [ -106.728044903808467, 35.034924776781601 ], [ -106.727918855121942, 35.035515601914398 ], [ -106.727915829446673, 35.035539387974957 ], [ -106.727884958496773, 35.035782084606566 ], [ -106.727859954319328, 35.035978656673073 ], [ -106.727861709775524, 35.036433262933734 ], [ -106.727866568563243, 35.036911478730516 ], [ -106.727869530550265, 35.03720299840797 ], [ -106.72787150933641, 35.037397736969481 ], [ -106.727872820023777, 35.037526665456568 ], [ -106.727895960132955, 35.038074965982304 ], [ -106.727902093654066, 35.038220306321229 ], [ -106.727902136644332, 35.038378659742726 ], [ -106.727901339842134, 35.038498572922158 ], [ -106.727896610018988, 35.038537470500629 ], [ -106.727826826384415, 35.039036251167005 ], [ -106.727574811208399, 35.040837483732645 ], [ -106.727324154008471, 35.041793810618231 ], [ -106.727214129864635, 35.042213576754961 ], [ -106.727201900098081, 35.042243244921288 ], [ -106.727128017674559, 35.0424224818534 ], [ -106.726970827855325, 35.042803817505082 ], [ -106.726624293083972, 35.043644481380923 ], [ -106.726465500110294, 35.043921540327496 ], [ -106.726342946298587, 35.044136723242552 ], [ -106.726316274307507, 35.0441897605793 ], [ -106.726283506488997, 35.044246527727381 ], [ -106.725365715384285, 35.04591265340796 ], [ -106.725083706771571, 35.046410778626573 ], [ -106.72500582154656, 35.046561397801007 ], [ -106.72497551789364, 35.046620000214396 ], [ -106.723881915229384, 35.048742068318404 ], [ -106.723714812417143, 35.049054740038414 ], [ -106.723371450994762, 35.049670600008668 ], [ -106.722583953835027, 35.05117065908459 ], [ -106.722225953748321, 35.051954659892658 ], [ -106.721921855221737, 35.053048883191849 ], [ -106.721795790918705, 35.054127653777186 ], [ -106.722035810684019, 35.055739660297874 ], [ -106.722183231670897, 35.056733679767945 ], [ -106.722327868797422, 35.057708907180547 ], [ -106.722416284289892, 35.058117752973111 ], [ -106.722443725055982, 35.058115132849089 ], [ -106.722455954597464, 35.05816466071385 ], [ -106.723337659646006, 35.064317129067526 ], [ -106.723228135072176, 35.064327417417708 ], [ -106.715600931259402, 35.065043660194071 ], [ -106.71034438224423, 35.066101044098424 ], [ -106.710265624811825, 35.066116874128149 ], [ -106.708793219030312, 35.062501206928225 ], [ -106.708057445042357, 35.060694297466171 ], [ -106.707906196374935, 35.060322835379708 ], [ -106.707395486303781, 35.059332503621384 ], [ -106.707307511991829, 35.059245606007529 ], [ -106.706338645621926, 35.057966139534066 ], [ -106.706235122660672, 35.057822643135538 ], [ -106.705892009180758, 35.057198082360024 ], [ -106.705807819025921, 35.056759486363255 ], [ -106.705802985870548, 35.056734302531396 ], [ -106.705555219220798, 35.056864334283397 ], [ -106.705452047397472, 35.056930263811275 ], [ -106.705258796978484, 35.057074694744969 ], [ -106.70516483237337, 35.057186844056417 ], [ -106.705143453724929, 35.057212359738124 ], [ -106.7050016508325, 35.057423708775517 ], [ -106.704897011035555, 35.057636705874536 ], [ -106.704873323960086, 35.057701466011217 ], [ -106.704845560134984, 35.057777374403045 ], [ -106.704442192103954, 35.058924296065598 ], [ -106.703869352925622, 35.060398479154792 ], [ -106.703720278888028, 35.060739375783463 ], [ -106.70370669279842, 35.060772427966818 ], [ -106.703656953707451, 35.060897040026887 ], [ -106.703126184770298, 35.062321352065517 ], [ -106.702513956843362, 35.063879476275126 ], [ -106.702215488028372, 35.064659104464631 ], [ -106.701991280401785, 35.065244747912139 ], [ -106.701133542658908, 35.067487152684095 ], [ -106.701125376582311, 35.067508500643847 ], [ -106.701028710175351, 35.067875919629607 ], [ -106.70100207844331, 35.067930663000958 ], [ -106.699537757322091, 35.067658573701202 ], [ -106.699501082238626, 35.067673486259082 ], [ -106.699340331699133, 35.06772967005552 ], [ -106.69926203931351, 35.067840053769075 ], [ -106.698654809600626, 35.068254538198367 ], [ -106.697983328585138, 35.068867086415267 ], [ -106.697860132476606, 35.068979469516215 ], [ -106.697786379819902, 35.069046746902288 ], [ -106.697555160118156, 35.069257669752794 ], [ -106.697107242515287, 35.069690873901159 ], [ -106.697066346398756, 35.069730426301014 ], [ -106.696789756244598, 35.070068415284219 ], [ -106.696771768991866, 35.070090395887462 ], [ -106.696748894428225, 35.070118348592949 ], [ -106.695930313277046, 35.07111862587 ], [ -106.695749923248584, 35.071040711040496 ], [ -106.6957126340983, 35.071024560610624 ], [ -106.695505869537257, 35.070935297476822 ], [ -106.695364658199125, 35.07117641682013 ], [ -106.695232573644304, 35.071330407628672 ], [ -106.695330121633503, 35.071382167952514 ], [ -106.695178360453468, 35.071555175896492 ], [ -106.695047943405982, 35.071492985451314 ], [ -106.69483890122288, 35.071722021161648 ], [ -106.694798894895101, 35.071702243052862 ], [ -106.69456731856296, 35.07202387442387 ], [ -106.694430325820747, 35.072214339831454 ], [ -106.694553838852386, 35.072265194314255 ], [ -106.694612294359473, 35.07228889109917 ], [ -106.694402408697357, 35.072528787141032 ], [ -106.694562613503223, 35.072613451399064 ], [ -106.693830160090783, 35.072881574196863 ], [ -106.693543381910274, 35.073218841162436 ], [ -106.693122856038741, 35.073776116342984 ], [ -106.692879440247225, 35.074013316083104 ], [ -106.692527944760513, 35.074271919009007 ], [ -106.692472759650002, 35.0744144391238 ], [ -106.692282830181725, 35.074521852265768 ], [ -106.691971757950711, 35.074697774484918 ], [ -106.691782512675772, 35.07500113959118 ], [ -106.691633976531278, 35.075335737554838 ], [ -106.691912360414776, 35.075425139293245 ], [ -106.691644743943286, 35.07589608770688 ], [ -106.691181832359959, 35.075769586772871 ], [ -106.69092241111143, 35.07575305462111 ], [ -106.691426341312862, 35.076823589366178 ], [ -106.691348593525248, 35.076827712516298 ], [ -106.691357871675848, 35.076878451297503 ], [ -106.691373018075168, 35.076961262255793 ], [ -106.691263017799656, 35.077949262064735 ], [ -106.690830495401656, 35.078621525939241 ], [ -106.690814923647451, 35.078645729759906 ], [ -106.690797025094597, 35.078670166497453 ], [ -106.690567381865492, 35.078846533670237 ], [ -106.690508869092383, 35.078891387069113 ], [ -106.690325521954549, 35.079031932248903 ], [ -106.690301537921371, 35.079050395444575 ], [ -106.689911131653375, 35.079584698866469 ], [ -106.689898183324431, 35.079602518878239 ], [ -106.689987047090753, 35.080005950897338 ], [ -106.690311132544693, 35.080327981518707 ], [ -106.691184755370031, 35.081198237403818 ], [ -106.691577060347299, 35.081588708821236 ], [ -106.692067409144414, 35.082076466890499 ], [ -106.692625968492194, 35.082633579606821 ], [ -106.693823186442486, 35.083181733704883 ], [ -106.6942953957291, 35.08358863099717 ], [ -106.694312640571994, 35.083607452333887 ], [ -106.694271241304023, 35.083619029913592 ], [ -106.693465207825227, 35.083808324737952 ], [ -106.693231056228811, 35.083852453185173 ], [ -106.693081182794288, 35.083881513804982 ], [ -106.692547157580563, 35.083993997167518 ], [ -106.691895067840093, 35.084131388295148 ], [ -106.691689630546961, 35.084177176880075 ], [ -106.690571616123648, 35.084438074760392 ], [ -106.689424592255165, 35.084705730103323 ], [ -106.688192230319046, 35.084951639801808 ], [ -106.68781122597413, 35.085036256941045 ], [ -106.68731115808238, 35.085163871584584 ], [ -106.686855185592123, 35.085281586937953 ], [ -106.686520135648209, 35.085355955332922 ], [ -106.685841810896861, 35.085506515505024 ], [ -106.684718388829353, 35.085833311140917 ], [ -106.683899525774223, 35.08632820145592 ], [ -106.683329582973897, 35.086727908711879 ], [ -106.682908579048117, 35.087102104231434 ], [ -106.682582310094872, 35.087462252888841 ], [ -106.682556069976357, 35.087494149717536 ], [ -106.68245212952516, 35.087612442973381 ], [ -106.682424355693428, 35.087644051369431 ], [ -106.682218673678847, 35.087878134505573 ], [ -106.681120117923413, 35.089141817806116 ], [ -106.68102546565494, 35.089250899119094 ], [ -106.680986469012808, 35.089295635250828 ], [ -106.680907061259262, 35.089386649477788 ], [ -106.680875150293645, 35.089425937259804 ], [ -106.676975446993893, 35.084454667215397 ], [ -106.675673040180229, 35.083456433845832 ], [ -106.671872463547459, 35.078756695267579 ], [ -106.668975444617232, 35.076354666569564 ] ] ] } },
{ "type": "Feature", "properties": { "NAME": "WEST MESA", "ID": 570 }, "geometry": { "type": "Polygon", "coordinates": [ [ [ -106.857948424373433, 35.225119072101812 ], [ -106.858395731067461, 35.218020734591668 ], [ -106.858609168968172, 35.217598646246849 ], [ -106.859014312971183, 35.210462704379317 ], [ -106.862322541037045, 35.207019458773026 ], [ -106.862726682122386, 35.206598788679209 ], [ -106.862736191525585, 35.206571651817775 ], [ -106.862810802870527, 35.206056098685188 ], [ -106.862819513258202, 35.205995568941297 ], [ -106.862822034733568, 35.205976103414571 ], [ -106.862912926596408, 35.205255000403064 ], [ -106.863599443247793, 35.199808009506363 ], [ -106.863812334796179, 35.198160225158624 ], [ -106.868006997138977, 35.183271671146791 ], [ -106.868206976904659, 35.176235611444866 ], [ -106.868207151241791, 35.176196862599141 ], [ -106.868210479610696, 35.175973922040477 ], [ -106.868211396620339, 35.175686393717157 ], [ -106.868214302625589, 35.174774663719163 ], [ -106.868509854966902, 35.165112009215271 ], [ -106.868592239276211, 35.162418283356821 ], [ -106.868659865108611, 35.160121663804652 ], [ -106.868631284393018, 35.15609266855656 ], [ -106.868366106011948, 35.156094921010968 ], [ -106.864282874890009, 35.156129530376013 ], [ -106.863493369117052, 35.15613615480067 ], [ -106.863335058776556, 35.156137482762247 ], [ -106.863055895696561, 35.155932900196177 ], [ -106.862597658672087, 35.15291668498309 ], [ -106.862220863193571, 35.150436662265463 ], [ -106.862226691213664, 35.150372939304326 ], [ -106.862695298925033, 35.145926659748028 ], [ -106.862666625871782, 35.145562257398154 ], [ -106.862863333595442, 35.144960998269632 ], [ -106.864089325368539, 35.142738000187464 ], [ -106.864955695960987, 35.138804003889348 ], [ -106.868659973370995, 35.136836753734478 ], [ -106.869077596374495, 35.136766752842753 ], [ -106.869076938990418, 35.13674442043289 ], [ -106.869080518394469, 35.136639744586766 ], [ -106.870636290224013, 35.13575266104823 ], [ -106.870136863625333, 35.134088659682405 ], [ -106.870147265405052, 35.134068735204281 ], [ -106.871725146272695, 35.13104167227737 ], [ -106.870644693511025, 35.126507419746112 ], [ -106.873145595287468, 35.124907861935995 ], [ -106.873110056826178, 35.124910535316218 ], [ -106.871436429045104, 35.125036396797299 ], [ -106.869352003363375, 35.125193119774082 ], [ -106.867346827378981, 35.125343564694248 ], [ -106.851409422652026, 35.12518066646129 ], [ -106.834166165447968, 35.125233480226356 ], [ -106.834060527403111, 35.125233796418485 ], [ -106.833329539978337, 35.125235980801151 ], [ -106.830847342262359, 35.125243364810139 ], [ -106.820131142403127, 35.125274661137908 ], [ -106.820125071259326, 35.125173373260466 ], [ -106.813370669200708, 35.125133616854328 ], [ -106.8106090407598, 35.125117562183831 ], [ -106.79786697049623, 35.125042667034876 ], [ -106.797739852559104, 35.125042006592615 ], [ -106.796466948070758, 35.125034358745246 ], [ -106.796357157122188, 35.125033705268351 ], [ -106.79635140640211, 35.125173641168246 ], [ -106.79635119374889, 35.125197659223169 ], [ -106.780901133520715, 35.125170662246035 ], [ -106.780903789737707, 35.125137675865524 ], [ -106.780900325243408, 35.125104437749421 ], [ -106.780898262394814, 35.124911666213087 ], [ -106.763164663744689, 35.124988353579234 ], [ -106.750330857380291, 35.125042271260625 ], [ -106.745360695060256, 35.125062787041955 ], [ -106.725521504329294, 35.12540155956799 ], [ -106.722247106767966, 35.128725944861912 ], [ -106.723511546754011, 35.129656374112436 ], [ -106.72286218125663, 35.130501627848581 ], [ -106.721354935913908, 35.132463469893807 ], [ -106.720469921392535, 35.133620084933412 ], [ -106.720697329814215, 35.134262169077111 ], [ -106.720703073204845, 35.134333666387576 ], [ -106.720803963117277, 35.135589582654617 ], [ -106.720813210299866, 35.13570469077321 ], [ -106.720838438237919, 35.136017846962858 ], [ -106.720839861464086, 35.136037663266414 ], [ -106.720841300048335, 35.136057478608791 ], [ -106.720869352218898, 35.136400645460498 ], [ -106.720876330855091, 35.136481169495028 ], [ -106.720890583166295, 35.136515069673997 ], [ -106.720904886980961, 35.136548955227831 ], [ -106.721018010193532, 35.136813044965344 ], [ -106.721073865928048, 35.136943375734795 ], [ -106.721190374565268, 35.137215091859105 ], [ -106.721204630195331, 35.137247618184055 ], [ -106.721218938426105, 35.137280129879528 ], [ -106.72161078153178, 35.137654279233494 ], [ -106.721636787678321, 35.137679129962891 ], [ -106.714768603447681, 35.138820632167381 ], [ -106.714423693006282, 35.138877868286336 ], [ -106.714411359016495, 35.139004349242448 ], [ -106.711922854494901, 35.13943757461265 ], [ -106.711554601625309, 35.139683097526785 ], [ -106.711499762171826, 35.139991426803654 ], [ -106.710009392858154, 35.139988584681532 ], [ -106.709730398228743, 35.139651517541338 ], [ -106.709464438298824, 35.138702909030521 ], [ -106.70943639785834, 35.138602895645967 ], [ -106.709401442560008, 35.138491690906811 ], [ -106.709194274365757, 35.13790874285926 ], [ -106.708943098485932, 35.13689312845969 ], [ -106.708416267483102, 35.134808771574718 ], [ -106.707717331982792, 35.134818113787659 ], [ -106.704369056724772, 35.134829437878608 ], [ -106.704276804566078, 35.134829553847787 ], [ -106.704109282456486, 35.134829764311071 ], [ -106.704052631516589, 35.134828575728477 ], [ -106.702959103556054, 35.134811289155017 ], [ -106.701698743333509, 35.134816116786126 ], [ -106.701644267968405, 35.134815835737449 ], [ -106.701637768097882, 35.135072501101796 ], [ -106.701632026634201, 35.135299193317913 ], [ -106.701606722668316, 35.135519102042274 ], [ -106.701567227281132, 35.13586234962213 ], [ -106.701494008345094, 35.136221007697799 ], [ -106.701488164951428, 35.136249631382128 ], [ -106.701432479230661, 35.136462632777011 ], [ -106.701352652675538, 35.136723394207422 ], [ -106.701296964895761, 35.136884441719168 ], [ -106.701179103212709, 35.137180074581636 ], [ -106.701003357686815, 35.137622137829851 ], [ -106.700885548068328, 35.137889977774165 ], [ -106.700863537017369, 35.137932387857624 ], [ -106.700848239441683, 35.137961815609074 ], [ -106.700828771066099, 35.137999266398928 ], [ -106.700645247005724, 35.138372037002689 ], [ -106.700516087632067, 35.138605712588976 ], [ -106.700494646652317, 35.138644502989351 ], [ -106.700449591525995, 35.138726016741501 ], [ -106.700383743149018, 35.138836841572051 ], [ -106.700300976020912, 35.138976139129774 ], [ -106.700157924558255, 35.139203150184052 ], [ -106.700095659572114, 35.139296643909347 ], [ -106.699994330631071, 35.139448790857102 ], [ -106.699829049766407, 35.139683993440691 ], [ -106.69967184710508, 35.139892868909094 ], [ -106.6995515239105, 35.140047216068609 ], [ -106.69940411874876, 35.140220379311167 ], [ -106.699367007038788, 35.140263976423036 ], [ -106.699296808044352, 35.140346441142171 ], [ -106.699168986716941, 35.140488736373932 ], [ -106.699150716829422, 35.140509074848744 ], [ -106.698301899781853, 35.139920753827184 ], [ -106.697721024761009, 35.139440855254954 ], [ -106.697468391283081, 35.139552977826284 ], [ -106.697438362327375, 35.139561640699455 ], [ -106.697124814041345, 35.139646132844184 ], [ -106.69676461436265, 35.139703255271222 ], [ -106.696765955247827, 35.139195674447073 ], [ -106.695884582477262, 35.139191846941408 ], [ -106.695860163463365, 35.139191674465977 ], [ -106.695823758263273, 35.139184572513365 ], [ -106.69579556820706, 35.139171443024182 ], [ -106.69537249240858, 35.138967654252902 ], [ -106.695293060811082, 35.138947030851668 ], [ -106.694978766952488, 35.138865454409974 ], [ -106.694951697353702, 35.138858737987185 ], [ -106.694822897833575, 35.138825614017904 ], [ -106.694794232384368, 35.138818241757768 ], [ -106.694759736049249, 35.138809370155109 ], [ -106.694715609888647, 35.138797020053765 ], [ -106.69465963287638, 35.13874366887952 ], [ -106.694675690873339, 35.138727312754014 ], [ -106.694754351385811, 35.138647190421125 ], [ -106.694886140333381, 35.138508545081443 ], [ -106.694826127227614, 35.138468103051515 ], [ -106.694758840705759, 35.13842281357838 ], [ -106.694535472062128, 35.138641462559015 ], [ -106.694479217480946, 35.138567086138821 ], [ -106.694126038942912, 35.138099572463304 ], [ -106.693988337701029, 35.137917850134983 ], [ -106.693726991956069, 35.137825766600926 ], [ -106.693616493035691, 35.137787139520157 ], [ -106.693599816063355, 35.137770516640707 ], [ -106.693455470128526, 35.137626701200041 ], [ -106.693390337417554, 35.137561856160509 ], [ -106.693347750317542, 35.137540133920162 ], [ -106.693307649600271, 35.137520586768403 ], [ -106.693064774988898, 35.13740062377039 ], [ -106.692851868993259, 35.137295438120518 ], [ -106.692659306035381, 35.137200301907058 ], [ -106.69261538724794, 35.137140284612371 ], [ -106.692514932367089, 35.13700300904997 ], [ -106.692484801927748, 35.136961812189497 ], [ -106.692456251981483, 35.136922286236988 ], [ -106.692393252525363, 35.13683690246819 ], [ -106.692371021040358, 35.136826952350269 ], [ -106.692347134203288, 35.136816902801456 ], [ -106.692248611903935, 35.137020396522217 ], [ -106.692237881080729, 35.137038510539419 ], [ -106.69164138716836, 35.136663400728501 ], [ -106.691023489002248, 35.136561502567979 ], [ -106.690923710873236, 35.136545047388637 ], [ -106.690911779681755, 35.136393482282372 ], [ -106.690448553058658, 35.136264267082183 ], [ -106.690324798709781, 35.136010461690184 ], [ -106.69004944015704, 35.13592531351479 ], [ -106.68989642870865, 35.135962564116838 ], [ -106.689657523663129, 35.136020725975484 ], [ -106.689516685297235, 35.136055013058701 ], [ -106.688205627339514, 35.134494930430321 ], [ -106.688172613288017, 35.134456053298592 ], [ -106.687642992788199, 35.134193749029023 ], [ -106.68761233551021, 35.134177305600815 ], [ -106.687617023524382, 35.134148844482901 ], [ -106.690875404947747, 35.125554547885628 ], [ -106.690075499747493, 35.123454545951297 ], [ -106.692370902915158, 35.117258632299205 ], [ -106.691144451863465, 35.114478671563973 ], [ -106.690242483162308, 35.111684519100848 ], [ -106.690778253701083, 35.109145977187318 ], [ -106.691645710923638, 35.106286907522779 ], [ -106.691644178375554, 35.106173214271024 ], [ -106.691643794231481, 35.106142875608064 ], [ -106.691573548090801, 35.102821324175835 ], [ -106.691572242000333, 35.102759549907624 ], [ -106.691506725624308, 35.102529374456665 ], [ -106.691478489621957, 35.102430170011104 ], [ -106.690644975806137, 35.099501679121992 ], [ -106.690507526749641, 35.09901874273649 ], [ -106.690375450031794, 35.098554669310822 ], [ -106.688075450115321, 35.096454668781305 ], [ -106.687975450114024, 35.09295466832075 ], [ -106.684792712103786, 35.091120660187414 ], [ -106.684676354328943, 35.091053607331979 ], [ -106.680875150293645, 35.089425937259804 ], [ -106.680907061259262, 35.089386649477788 ], [ -106.680986469012808, 35.089295635250828 ], [ -106.68102546565494, 35.089250899119094 ], [ -106.681120117923413, 35.089141817806116 ], [ -106.682218673678847, 35.087878134505573 ], [ -106.682424355693428, 35.087644051369431 ], [ -106.68245212952516, 35.087612442973381 ], [ -106.682556069976357, 35.087494149717536 ], [ -106.682582310094872, 35.087462252888841 ], [ -106.682908579048117, 35.087102104231434 ], [ -106.683329582973897, 35.086727908711879 ], [ -106.683899525774223, 35.08632820145592 ], [ -106.684718388829353, 35.085833311140917 ], [ -106.685841810896861, 35.085506515505024 ], [ -106.686520135648209, 35.085355955332922 ], [ -106.686855185592123, 35.085281586937953 ], [ -106.687341893857351, 35.085156577069043 ], [ -106.687774825607661, 35.085044298595264 ], [ -106.688192230319046, 35.084951639801808 ], [ -106.689424592255165, 35.084705730103323 ], [ -106.690571616123648, 35.084438074760392 ], [ -106.691689630546961, 35.084177176880075 ], [ -106.691895067840093, 35.084131388295148 ], [ -106.692547157580563, 35.083993997167518 ], [ -106.693121285906244, 35.083873140620504 ], [ -106.693231056228811, 35.083852453185173 ], [ -106.693465207825227, 35.083808324737952 ], [ -106.694271241304023, 35.083619029913592 ], [ -106.694312640571994, 35.083607452333887 ], [ -106.6942953957291, 35.08358863099717 ], [ -106.693823186442486, 35.083181733704883 ], [ -106.692625968492194, 35.082633579606821 ], [ -106.692067409144414, 35.082076466890499 ], [ -106.691577060347299, 35.081588708821236 ], [ -106.691184755370031, 35.081198237403818 ], [ -106.690311132544693, 35.080327981518707 ], [ -106.689987047090753, 35.080005950897338 ], [ -106.689898183324431, 35.079602518878239 ], [ -106.689911131653375, 35.079584698866469 ], [ -106.690301537921371, 35.079050395444575 ], [ -106.690325521954549, 35.079031932248903 ], [ -106.690508869092383, 35.078891387069113 ], [ -106.690567381865492, 35.078846533670237 ], [ -106.690797025094597, 35.078670166497453 ], [ -106.690814923647451, 35.078645729759906 ], [ -106.690830495401656, 35.078621525939241 ], [ -106.691263017799656, 35.077949262064735 ], [ -106.691373018075168, 35.076961262255793 ], [ -106.691357871675848, 35.076878451297503 ], [ -106.691348593525248, 35.076827712516298 ], [ -106.691426341312862, 35.076823589366178 ], [ -106.69092241111143, 35.07575305462111 ], [ -106.691181832359959, 35.075769586772871 ], [ -106.691644743943286, 35.07589608770688 ], [ -106.691912360414776, 35.075425139293245 ], [ -106.691633976531278, 35.075335737554838 ], [ -106.691782512675772, 35.07500113959118 ], [ -106.691971757950711, 35.074697774484918 ], [ -106.692282830181725, 35.074521852265768 ], [ -106.692472759650002, 35.0744144391238 ], [ -106.692527944760513, 35.074271919009007 ], [ -106.692879440247225, 35.074013316083104 ], [ -106.693122856038741, 35.073776116342984 ], [ -106.693543381910274, 35.073218841162436 ], [ -106.693830160090783, 35.072881574196863 ], [ -106.694562613503223, 35.072613451399064 ], [ -106.694402408697357, 35.072528787141032 ], [ -106.694612294359473, 35.07228889109917 ], [ -106.694553838852386, 35.072265194314255 ], [ -106.694430325820747, 35.072214339831454 ], [ -106.69456731856296, 35.07202387442387 ], [ -106.694798894895101, 35.071702243052862 ], [ -106.69483890122288, 35.071722021161648 ], [ -106.695047943405982, 35.071492985451314 ], [ -106.695178360453468, 35.071555175896492 ], [ -106.695330121633503, 35.071382167952514 ], [ -106.695232573644304, 35.071330407628672 ], [ -106.695364658199125, 35.07117641682013 ], [ -106.695505869537257, 35.070935297476822 ], [ -106.6957126340983, 35.071024560610624 ], [ -106.695749923248584, 35.071040711040496 ], [ -106.695930313277046, 35.07111862587 ], [ -106.696748894428225, 35.070118348592949 ], [ -106.696771768991866, 35.070090395887462 ], [ -106.696789756244598, 35.070068415284219 ], [ -106.697066346398756, 35.069730426301014 ], [ -106.697107242515287, 35.069690873901159 ], [ -106.697555160118156, 35.069257669752794 ], [ -106.697786379819902, 35.069046746902288 ], [ -106.697860132476606, 35.068979469516215 ], [ -106.697983328585138, 35.068867086415267 ], [ -106.698654809600626, 35.068254538198367 ], [ -106.69926203931351, 35.067840053769075 ], [ -106.699340331699133, 35.06772967005552 ], [ -106.699501082238626, 35.067673486259082 ], [ -106.699537757322091, 35.067658573701202 ], [ -106.70100207844331, 35.067930663000958 ], [ -106.701028710175351, 35.067875919629607 ], [ -106.701125376582311, 35.067508500643847 ], [ -106.701133542658908, 35.067487152684095 ], [ -106.701991280401785, 35.065244747912139 ], [ -106.702215488028372, 35.064659104464631 ], [ -106.702513956843362, 35.063879476275126 ], [ -106.703126184770298, 35.062321352065517 ], [ -106.703656953707451, 35.060897040026887 ], [ -106.70370669279842, 35.060772427966818 ], [ -106.703720278888028, 35.060739375783463 ], [ -106.703869352925622, 35.060398479154792 ], [ -106.704442192103954, 35.058924296065598 ], [ -106.704845560134984, 35.057777374403045 ], [ -106.704873323960086, 35.057701466011217 ], [ -106.704897011035555, 35.057636705874536 ], [ -106.7050016508325, 35.057423708775517 ], [ -106.705143453724929, 35.057212359738124 ], [ -106.70516483237337, 35.057186844056417 ], [ -106.705258796978484, 35.057074694744969 ], [ -106.705452047397472, 35.056930263811275 ], [ -106.705555219220798, 35.056864334283397 ], [ -106.705802985870548, 35.056734302531396 ], [ -106.705807819025921, 35.056759486363255 ], [ -106.705892009180758, 35.057198082360024 ], [ -106.706235122660672, 35.057822643135538 ], [ -106.706338645621926, 35.057966139534066 ], [ -106.707307511991829, 35.059245606007529 ], [ -106.707395486303781, 35.059332503621384 ], [ -106.707906196374935, 35.060322835379708 ], [ -106.708057445042357, 35.060694297466171 ], [ -106.708793219030312, 35.062501206928225 ], [ -106.710265624811825, 35.066116874128149 ], [ -106.71034438224423, 35.066101044098424 ], [ -106.715600931259402, 35.065043660194071 ], [ -106.723228135072176, 35.064327417417708 ], [ -106.723337659646006, 35.064317129067526 ], [ -106.73041695640822, 35.063740660666532 ], [ -106.738271958903439, 35.063035660295398 ], [ -106.740214959260257, 35.063472660759288 ], [ -106.741495959640261, 35.063525660324487 ], [ -106.741776644474783, 35.063690824505819 ], [ -106.741347659145163, 35.057602468500427 ], [ -106.740747957969049, 35.055626992461406 ], [ -106.741564958682886, 35.055492659157338 ], [ -106.743953959413517, 35.055484658825094 ], [ -106.744806959243832, 35.056214658639284 ], [ -106.745031959310367, 35.056584659174462 ], [ -106.745070984527445, 35.058443190964432 ], [ -106.762622316816788, 35.058532548757654 ], [ -106.762829425423448, 35.04766694344373 ], [ -106.762184168001014, 35.045965514746221 ], [ -106.76223088984564, 35.043902431285026 ], [ -106.762898565348266, 35.04390004329403 ], [ -106.762911410622877, 35.043723612143417 ], [ -106.762931276750479, 35.041888973539834 ], [ -106.779123324713638, 35.042964678382347 ], [ -106.780504966199288, 35.042876655116522 ], [ -106.781607613236403, 35.04312826635244 ], [ -106.782744233469728, 35.043380953347366 ], [ -106.784507028509978, 35.043602321815747 ], [ -106.785162682836003, 35.043797324100659 ], [ -106.786344180051074, 35.043471369654824 ], [ -106.787544184469482, 35.043300566482223 ], [ -106.820768584583774, 35.041217905031353 ], [ -106.872108748887698, 35.037981575351381 ], [ -106.920954581826038, 35.037940915931713 ], [ -106.938450548317036, 35.034060679894267 ], [ -106.938587964920757, 35.034030192084458 ], [ -106.94045653699807, 35.033523504309443 ], [ -106.940581696290707, 35.033489556635786 ], [ -106.940671567159782, 35.033465180234558 ], [ -106.941689734332641, 35.033189013385204 ], [ -106.941392827722538, 35.032792282478766 ], [ -106.941305193454809, 35.032675179994705 ], [ -106.934371099847553, 35.023409177247359 ], [ -106.927373726475807, 35.014057333459036 ], [ -106.927370134839819, 35.013861336813719 ], [ -106.927364298331938, 35.013667489126981 ], [ -106.927309289513161, 35.011613840104481 ], [ -106.927153959184949, 35.005673775767093 ], [ -106.927151596155937, 35.005583385112374 ], [ -106.927110865833725, 35.00402559612877 ], [ -106.926910074848251, 34.996335938421467 ], [ -106.926897363406496, 34.995846135605106 ], [ -106.929656436885509, 34.98816572251625 ], [ -106.931463133839529, 34.98313583306534 ], [ -106.93207502387834, 34.981432942224117 ], [ -106.932496322039626, 34.980258451435049 ], [ -106.932626029935577, 34.979897295503896 ], [ -106.933186559439633, 34.97833511220302 ], [ -106.933992362908683, 34.976085131729626 ], [ -106.936363088470713, 34.964456316285094 ], [ -106.936392648723, 34.964435129954381 ], [ -106.940324713144747, 34.961616914882633 ], [ -106.942883832044117, 34.95978222491447 ], [ -106.944074438011114, 34.958928701793745 ], [ -106.94529529992397, 34.958053479655483 ], [ -106.947613656990725, 34.956391456027461 ], [ -106.963158625902565, 34.956367563145122 ], [ -107.065953872715554, 34.957146476873326 ], [ -107.065983947181635, 34.957146692194797 ], [ -107.066113193483716, 34.957147618578908 ], [ -107.073886596485039, 34.973005201897166 ], [ -107.075567076976455, 34.976432454650137 ], [ -107.076532815962523, 34.978402030891658 ], [ -107.196450942885193, 35.219341652021456 ], [ -107.196451281910313, 35.21946565490331 ], [ -107.196608447171727, 35.276830681053326 ], [ -107.196608512940188, 35.276854658445224 ], [ -107.018412264803814, 35.277029997239779 ], [ -106.990940147394056, 35.277066666177696 ], [ -106.864938562739866, 35.275699244060803 ], [ -106.865234095854802, 35.268676936232637 ], [ -106.864887981121484, 35.268334354728815 ], [ -106.86512652847037, 35.264545386092649 ], [ -106.863388650989265, 35.257651271974943 ], [ -106.86499400226613, 35.252055841864092 ], [ -106.866128659569696, 35.245664084545865 ], [ -106.859503787852063, 35.237545980768004 ], [ -106.858848329821939, 35.234656514763948 ], [ -106.858800307375915, 35.22753879800149 ], [ -106.857948424373433, 35.225119072101812 ] ] ] } },
{ "type": "Feature", "properties": { "NAME": "ATRISCO HERITAGE", "ID": 576 }, "geometry": { "type": "Polygon", "coordinates": [ [ [ -106.722455954597464, 35.05816466071385 ], [ -106.722443725055982, 35.058115132849089 ], [ -106.722416284289892, 35.058117752973111 ], [ -106.722327868797422, 35.057708907180547 ], [ -106.722183231670897, 35.056733679767945 ], [ -106.722035810684019, 35.055739660297874 ], [ -106.721795790918705, 35.054127653777186 ], [ -106.721921855221737, 35.053048883191849 ], [ -106.722225953748321, 35.051954659892658 ], [ -106.722583953835027, 35.05117065908459 ], [ -106.723371450994762, 35.049670600008668 ], [ -106.723714812417143, 35.049054740038414 ], [ -106.723881915229384, 35.048742068318404 ], [ -106.72497551789364, 35.046620000214396 ], [ -106.72500582154656, 35.046561397801007 ], [ -106.725083706771571, 35.046410778626573 ], [ -106.725365715384285, 35.04591265340796 ], [ -106.726283506488997, 35.044246527727381 ], [ -106.726316274307507, 35.0441897605793 ], [ -106.726342946298587, 35.044136723242552 ], [ -106.726465500110294, 35.043921540327496 ], [ -106.726624293083972, 35.043644481380923 ], [ -106.726970827855325, 35.042803817505082 ], [ -106.727128017674559, 35.0424224818534 ], [ -106.727201900098081, 35.042243244921288 ], [ -106.727214129864635, 35.042213576754961 ], [ -106.727324154008471, 35.041793810618231 ], [ -106.727574811208399, 35.040837483732645 ], [ -106.727826826384415, 35.039036251167005 ], [ -106.727896610018988, 35.038537470500629 ], [ -106.727901339842134, 35.038498572922158 ], [ -106.727902136644332, 35.038378659742726 ], [ -106.727902093654066, 35.038220306321229 ], [ -106.727895960132955, 35.038074965982304 ], [ -106.727872820023777, 35.037526665456568 ], [ -106.72787150933641, 35.037397736969481 ], [ -106.727869530550265, 35.03720299840797 ], [ -106.727866568563243, 35.036911478730516 ], [ -106.727861709775524, 35.036433262933734 ], [ -106.727859954319328, 35.035978656673073 ], [ -106.727884958496773, 35.035782084606566 ], [ -106.727915829446673, 35.035539387974957 ], [ -106.727918855121942, 35.035515601914398 ], [ -106.728044903808467, 35.034924776781601 ], [ -106.728157836372858, 35.034526100212666 ], [ -106.728210293899835, 35.03435473819728 ], [ -106.728247759583695, 35.034232348347302 ], [ -106.728296448284581, 35.034095893872149 ], [ -106.728349006028395, 35.033948596712108 ], [ -106.728394386586544, 35.03383995168852 ], [ -106.728594492429636, 35.033360878774005 ], [ -106.728608400295656, 35.033332861594033 ], [ -106.72877529295873, 35.032996672437534 ], [ -106.728863290606839, 35.032838864825152 ], [ -106.729100953733266, 35.03241265664974 ], [ -106.729319634208977, 35.032077975900656 ], [ -106.729448984594626, 35.031880008601625 ], [ -106.729796603856514, 35.031425471607356 ], [ -106.729867229704965, 35.031328852597035 ], [ -106.730098786583198, 35.031034954646181 ], [ -106.730203461112254, 35.030902098220132 ], [ -106.730224014644463, 35.030870102555831 ], [ -106.73046696323091, 35.03049189950076 ], [ -106.730601629180768, 35.030279522621633 ], [ -106.730749237509912, 35.029987062841258 ], [ -106.730870216576463, 35.029723514501534 ], [ -106.730925296447722, 35.029599616129985 ], [ -106.730935914130725, 35.029575732277756 ], [ -106.730983233354578, 35.029448239870192 ], [ -106.731043679081296, 35.029203042457524 ], [ -106.731071698907272, 35.029089402600952 ], [ -106.731135507613487, 35.028738561591695 ], [ -106.731154814036501, 35.028549633082058 ], [ -106.731184745575987, 35.028256795471727 ], [ -106.731170425979457, 35.025694963130753 ], [ -106.731164362927785, 35.02466077293105 ], [ -106.73116599104317, 35.024603485958643 ], [ -106.731188641680177, 35.023806648638896 ], [ -106.731192957556317, 35.023648314543124 ], [ -106.731253310130356, 35.023246274075412 ], [ -106.731259218474349, 35.023203379943205 ], [ -106.731272953372724, 35.023103654719968 ], [ -106.731309455996296, 35.022993761785159 ], [ -106.731356744021284, 35.022836992539247 ], [ -106.731425603781005, 35.022615811358357 ], [ -106.731477710668983, 35.022455089873723 ], [ -106.731683181852674, 35.021966341553082 ], [ -106.731603226365692, 35.0218280621717 ], [ -106.730990954011929, 35.020734654344473 ], [ -106.730292859006923, 35.017655151560859 ], [ -106.730221122632244, 35.01765365413894 ], [ -106.730220983173268, 35.016285529993759 ], [ -106.730220954432525, 35.016010704566199 ], [ -106.730220899667032, 35.015469572465356 ], [ -106.730475518918226, 35.015206552549948 ], [ -106.731239507816284, 35.015205440432815 ], [ -106.732188015099396, 35.01520405303647 ], [ -106.736357760349293, 35.015197865464629 ], [ -106.73854079382987, 35.015195849053448 ], [ -106.739060161855789, 35.01519536379972 ], [ -106.745072746158726, 35.015186707122155 ], [ -106.745109125182296, 35.015186654281763 ], [ -106.745055955505634, 35.00455863975089 ], [ -106.760404694887967, 35.004498999240845 ], [ -106.765168573693813, 35.004483314508576 ], [ -106.765381121494215, 35.00448343452549 ], [ -106.76547417177494, 35.004483599228308 ], [ -106.765700672318232, 35.004482918433716 ], [ -106.765876385652732, 35.00448238004595 ], [ -106.766328451040124, 35.004480663534764 ], [ -106.766629425681771, 35.004479721897916 ], [ -106.767016511678946, 35.004478508332404 ], [ -106.780173407928714, 35.004440033290088 ], [ -106.797855987636979, 35.004499052857604 ], [ -106.875165001383394, 35.004403233855818 ], [ -106.875204578752829, 35.00440275056598 ], [ -106.87557810216488, 35.004398184876806 ], [ -106.876221330577977, 35.004390320372273 ], [ -106.876285525454549, 35.004389534845309 ], [ -106.903601984846773, 35.004166671935856 ], [ -106.926489274319763, 35.004029382804788 ], [ -106.927110865833725, 35.00402559612877 ], [ -106.927151596155937, 35.005583385112374 ], [ -106.927153959184949, 35.005673775767093 ], [ -106.927309289513161, 35.011613840104481 ], [ -106.927364298331938, 35.013667489126981 ], [ -106.927370134839819, 35.013861336813719 ], [ -106.927373726475807, 35.014057333459036 ], [ -106.934371099847553, 35.023409177247359 ], [ -106.941305193454809, 35.032675179994705 ], [ -106.941392827722538, 35.032792282478766 ], [ -106.941689734332641, 35.033189013385204 ], [ -106.940671567159782, 35.033465180234558 ], [ -106.940581696290707, 35.033489556635786 ], [ -106.94045653699807, 35.033523504309443 ], [ -106.938587964920757, 35.034030192084458 ], [ -106.938450548317036, 35.034060679894267 ], [ -106.920954581826038, 35.037940915931713 ], [ -106.872108748887698, 35.037981575351381 ], [ -106.787544184469482, 35.043300566482223 ], [ -106.786344180051074, 35.043471369654824 ], [ -106.785162682836003, 35.043797324100659 ], [ -106.784507028509978, 35.043602321815747 ], [ -106.782744233469728, 35.043380953347366 ], [ -106.781607613236403, 35.04312826635244 ], [ -106.780504966199288, 35.042876655116522 ], [ -106.779123324713638, 35.042964678382347 ], [ -106.762931276750479, 35.041888973539834 ], [ -106.762911410622877, 35.043723612143417 ], [ -106.762898565348266, 35.04390004329403 ], [ -106.76223088984564, 35.043902431285026 ], [ -106.762184168001014, 35.045965514746221 ], [ -106.762809501454981, 35.047643774648492 ], [ -106.762622316816788, 35.058532548757654 ], [ -106.745070984527445, 35.058443190964432 ], [ -106.745031959310367, 35.056584659174462 ], [ -106.744806959243832, 35.056214658639284 ], [ -106.743953959413517, 35.055484658825094 ], [ -106.741564958682886, 35.055492659157338 ], [ -106.740747957969049, 35.055626992461406 ], [ -106.741347659145163, 35.057602468500427 ], [ -106.741789959837561, 35.063698660036295 ], [ -106.741495959640261, 35.063525660324487 ], [ -106.740214959260257, 35.063472660759288 ], [ -106.738271958903439, 35.063035660295398 ], [ -106.73041695640822, 35.063740660666532 ], [ -106.723337659646006, 35.064317129067526 ], [ -106.722455954597464, 35.05816466071385 ] ] ] } },
{ "type": "Feature", "properties": { "NAME": "HIGHLAND", "ID": 520 }, "geometry": { "type": "Polygon", "coordinates": [ [ [ -106.550677510647375, 35.089982131323069 ], [ -106.543514472842588, 35.087270979608313 ], [ -106.532372015583846, 35.083154387377547 ], [ -106.532405980814801, 35.082311412893269 ], [ -106.532410193447021, 35.082206853815016 ], [ -106.532343650439429, 35.080057040608061 ], [ -106.532349601450292, 35.077543965708948 ], [ -106.532340927735476, 35.075697388523842 ], [ -106.532355845819552, 35.074654109029296 ], [ -106.532356146707528, 35.074599165310545 ], [ -106.532357059262935, 35.074432749363417 ], [ -106.532357423793712, 35.074366358768906 ], [ -106.532357545022265, 35.074344252910628 ], [ -106.532358411132407, 35.074186318892011 ], [ -106.532360531777087, 35.073799538467767 ], [ -106.532361851879656, 35.073558849437347 ], [ -106.532363121516127, 35.073327385145745 ], [ -106.532372348464619, 35.073064064586355 ], [ -106.532375872719925, 35.072963494107391 ], [ -106.532382640640705, 35.072770351543326 ], [ -106.532383348460598, 35.072750145490893 ], [ -106.532385388876165, 35.072620857069964 ], [ -106.532387025750936, 35.072576551046659 ], [ -106.532394436878121, 35.072375974440853 ], [ -106.532399214155333, 35.072246690456993 ], [ -106.532414583001938, 35.072065667794455 ], [ -106.53241747477027, 35.071929530792822 ], [ -106.53076907834091, 35.071751027797596 ], [ -106.524844563738995, 35.071126942189437 ], [ -106.523748150799307, 35.07099782665756 ], [ -106.523721816429031, 35.070994848171942 ], [ -106.523586130016454, 35.070979520293854 ], [ -106.521654526162635, 35.07075214351164 ], [ -106.518513078045416, 35.07040338846798 ], [ -106.518219651171918, 35.070375373983047 ], [ -106.5157162005912, 35.070136325363059 ], [ -106.515190885348829, 35.070080090814074 ], [ -106.514279532882085, 35.069982526335352 ], [ -106.512399455039514, 35.069781233095583 ], [ -106.512229002291235, 35.069762733268355 ], [ -106.511405152431692, 35.069673316299159 ], [ -106.51076190176174, 35.069603710925961 ], [ -106.510733914676251, 35.069599305257732 ], [ -106.5099756684982, 35.069518177898836 ], [ -106.509820932814677, 35.069491826236515 ], [ -106.509628058036753, 35.069458978966203 ], [ -106.50932938927842, 35.069434950347969 ], [ -106.509079547969307, 35.069418745952603 ], [ -106.509007960031823, 35.069413620793576 ], [ -106.508964638522556, 35.06940974416549 ], [ -106.508874896033944, 35.069401714419648 ], [ -106.508433421470173, 35.069368129932464 ], [ -106.507550881266127, 35.06926465165602 ], [ -106.506415184889747, 35.069131480034137 ], [ -106.505483509980479, 35.069029852015092 ], [ -106.505100440274902, 35.068988064281271 ], [ -106.50494783922835, 35.068971416943576 ], [ -106.504903659971589, 35.068966597739106 ], [ -106.504509820388265, 35.068919174106959 ], [ -106.504484984000015, 35.068916183789888 ], [ -106.50438243121701, 35.068903834357442 ], [ -106.503453739590256, 35.068792000675863 ], [ -106.502849906628384, 35.068739378845308 ], [ -106.502451911650368, 35.06869946725417 ], [ -106.502264382734722, 35.068679173408484 ], [ -106.502138795721407, 35.068665582695715 ], [ -106.502032133275094, 35.068654039412486 ], [ -106.5015099004506, 35.068597521896749 ], [ -106.501471576783075, 35.068592743386475 ], [ -106.501328668827327, 35.068577909472495 ], [ -106.501181937386107, 35.068562651508323 ], [ -106.49984551162359, 35.068415844060958 ], [ -106.499489890186112, 35.068376775674935 ], [ -106.498861324355374, 35.068319722612181 ], [ -106.498695009378523, 35.06829988002638 ], [ -106.498694709095176, 35.06827317847528 ], [ -106.498689906389032, 35.06759567387391 ], [ -106.498477969169357, 35.067572290726901 ], [ -106.498111580390869, 35.067528803351884 ], [ -106.49781123778466, 35.067493154273933 ], [ -106.497954302599354, 35.066935631084554 ], [ -106.497952589928417, 35.066369281833857 ], [ -106.49783504897924, 35.066049022013914 ], [ -106.498068166748141, 35.06592043524833 ], [ -106.498041905463765, 35.065777674083598 ], [ -106.498006900415092, 35.06473011889905 ], [ -106.498021905831664, 35.064359673282503 ], [ -106.498057780191104, 35.064358662405034 ], [ -106.498060943034048, 35.064298411279438 ], [ -106.498069904990331, 35.063786673923019 ], [ -106.498389905495841, 35.06362467371406 ], [ -106.498205366076249, 35.063440719730472 ], [ -106.498177905289722, 35.063413673480021 ], [ -106.498914904952869, 35.062273673401286 ], [ -106.499404905188285, 35.062274673578329 ], [ -106.502042905962611, 35.061097673440095 ], [ -106.503842242957518, 35.060360925866313 ], [ -106.504172073480291, 35.060234583172665 ], [ -106.504664906326326, 35.060023673017177 ], [ -106.507382541045445, 35.059168885610511 ], [ -106.508241455879769, 35.058898704006211 ], [ -106.510799907232411, 35.05809367177087 ], [ -106.510921907639499, 35.05528367192035 ], [ -106.511120631376798, 35.055043516659602 ], [ -106.511400907768532, 35.054704671756063 ], [ -106.51139238753322, 35.054404663590567 ], [ -106.511388769551701, 35.054275207856662 ], [ -106.511387783701608, 35.054239674330617 ], [ -106.51137990703144, 35.053961671257127 ], [ -106.510936907536703, 35.053945671107563 ], [ -106.510909906896771, 35.050422671107384 ], [ -106.508735906779009, 35.050382671214429 ], [ -106.508734185479142, 35.049848670657596 ], [ -106.508733533952778, 35.04965666940128 ], [ -106.50873297752338, 35.049458670501188 ], [ -106.508731924397551, 35.049123670969315 ], [ -106.508731181852383, 35.048899670640722 ], [ -106.508730454808415, 35.048682669232264 ], [ -106.508729672245849, 35.04844666869208 ], [ -106.508729292282041, 35.048308791577014 ], [ -106.50872899107442, 35.048198670349763 ], [ -106.508728248425754, 35.047975669710155 ], [ -106.508727522512473, 35.047758669167649 ], [ -106.508726713109695, 35.047510669267702 ], [ -106.508726112316822, 35.047292670521571 ], [ -106.508725356261721, 35.0470636697355 ], [ -106.508724597062752, 35.046833669224334 ], [ -106.508723979429362, 35.04661067007082 ], [ -106.508723236972799, 35.046386669649102 ], [ -106.508722024466408, 35.046120663814541 ], [ -106.508721995913533, 35.045983670233099 ], [ -106.5087143012383, 35.043557668702221 ], [ -106.508713303933391, 35.043241668885173 ], [ -106.508712952482469, 35.043117669631911 ], [ -106.508712169998162, 35.042882671302991 ], [ -106.520780304189628, 35.042994890070531 ], [ -106.521345582146324, 35.043063565476054 ], [ -106.527255213315158, 35.043128920198953 ], [ -106.532906220656912, 35.043191144961796 ], [ -106.533402911559918, 35.039006668007083 ], [ -106.537275321096956, 35.036392225354518 ], [ -106.537304260210462, 35.0363730466932 ], [ -106.541712912263492, 35.033626166785943 ], [ -106.546615106817455, 35.033990602077296 ], [ -106.551517344530737, 35.034354839078411 ], [ -106.551584700063174, 35.034331288610794 ], [ -106.556571916265298, 35.032556665410951 ], [ -106.561221819229004, 35.03430675591774 ], [ -106.565871918259077, 35.036056665787072 ], [ -106.568918777935139, 35.040406473172361 ], [ -106.568980864096602, 35.040495329433242 ], [ -106.56906237976213, 35.041145329462417 ], [ -106.569143896755847, 35.041795328458797 ], [ -106.569117435312577, 35.042112849051328 ], [ -106.569080894620598, 35.042196559420866 ], [ -106.569045599188513, 35.042277210545656 ], [ -106.56901850407813, 35.042819563841235 ], [ -106.569037596727554, 35.043765102739336 ], [ -106.569072797483472, 35.045505587857356 ], [ -106.569078710298911, 35.046680287393478 ], [ -106.569078186507895, 35.047757130115073 ], [ -106.569077981668414, 35.048176039959401 ], [ -106.569077557461029, 35.049702666414809 ], [ -106.56907664873178, 35.049992430995133 ], [ -106.568914920128108, 35.052550668023663 ], [ -106.569081855305271, 35.052577762400446 ], [ -106.569767686760457, 35.05278304206356 ], [ -106.572713653611245, 35.0537167000086 ], [ -106.573229668885745, 35.05387508042547 ], [ -106.575700076097519, 35.054633284102827 ], [ -106.576763373893328, 35.055021245737301 ], [ -106.576903663510677, 35.055054787934601 ], [ -106.5770510678215, 35.055100923122673 ], [ -106.577560724865563, 35.055276491222152 ], [ -106.577618199344471, 35.055296290748331 ], [ -106.577618751790681, 35.055365166244435 ], [ -106.577615211244037, 35.055488788569974 ], [ -106.577657335915887, 35.056246866083626 ], [ -106.577663258456965, 35.056353447769339 ], [ -106.577603029776498, 35.058194179364207 ], [ -106.57760092214447, 35.058262668073269 ], [ -106.579864871494124, 35.058316572023443 ], [ -106.580959355942099, 35.058326662992705 ], [ -106.581995275428142, 35.058331587570315 ], [ -106.583156127475036, 35.058352925604197 ], [ -106.585353208790337, 35.058366435186223 ], [ -106.586484924625069, 35.058353668297997 ], [ -106.58707992420392, 35.058197667584864 ], [ -106.587666933462145, 35.058199764373271 ], [ -106.588669679397015, 35.058202856466544 ], [ -106.590869921159324, 35.058209514395443 ], [ -106.594597928588755, 35.05822130621376 ], [ -106.595243940400593, 35.058223644934394 ], [ -106.595246555185881, 35.060093361511285 ], [ -106.595329362785677, 35.060140004386234 ], [ -106.595292926251446, 35.062194034743186 ], [ -106.595287179149139, 35.062478910300079 ], [ -106.595284056018599, 35.062633682543463 ], [ -106.595282926634937, 35.062696667981179 ], [ -106.595274333623422, 35.062861581875246 ], [ -106.595697077109747, 35.062876979994321 ], [ -106.595796171746642, 35.062942484199738 ], [ -106.598439946859017, 35.062941449749552 ], [ -106.599848927772101, 35.062952667636026 ], [ -106.600005928078531, 35.063677668007692 ], [ -106.600006262773519, 35.064432668244265 ], [ -106.600014039529398, 35.065010344488705 ], [ -106.600120072682444, 35.065009070308498 ], [ -106.600245987362342, 35.065007133750889 ], [ -106.600339494969603, 35.065005548484258 ], [ -106.600340216795118, 35.064920187312325 ], [ -106.600341130739579, 35.064812045732381 ], [ -106.600450034190246, 35.064812354048172 ], [ -106.601993426763428, 35.064816709477384 ], [ -106.60199403455627, 35.064850769314432 ], [ -106.601992822491837, 35.064977071641216 ], [ -106.602090696574805, 35.06497845257455 ], [ -106.602189511431519, 35.064979846923592 ], [ -106.602442439360885, 35.064983414938979 ], [ -106.602491270596843, 35.064984103287919 ], [ -106.602635622910398, 35.064986139285409 ], [ -106.602634002356112, 35.064828565490579 ], [ -106.603425436242489, 35.064824652966294 ], [ -106.604295929351295, 35.064831168631876 ], [ -106.604298455547919, 35.06462996569666 ], [ -106.604374493076151, 35.06462137894443 ], [ -106.604711910371861, 35.064625412023076 ], [ -106.604718032801884, 35.06430432264073 ], [ -106.604718806788313, 35.064263754755537 ], [ -106.604761934706175, 35.064263805312741 ], [ -106.606093864393529, 35.064265366241798 ], [ -106.606204928424376, 35.064265495378642 ], [ -106.606204095093801, 35.064383852076681 ], [ -106.606202313571998, 35.06463677942962 ], [ -106.606440365711933, 35.064637815441429 ], [ -106.606500786031035, 35.064638077789681 ], [ -106.606802968772456, 35.06463939154505 ], [ -106.606806523630212, 35.064304351456975 ], [ -106.60680692628533, 35.064266368233078 ], [ -106.606841257923108, 35.064266436713766 ], [ -106.608125647945101, 35.064268986886276 ], [ -106.608179317921113, 35.064269093446072 ], [ -106.608325798323435, 35.064269382887169 ], [ -106.608326745496171, 35.064386778784957 ], [ -106.608327270249788, 35.064451916598607 ], [ -106.608408046105609, 35.064451677951574 ], [ -106.608679673346771, 35.064450875051911 ], [ -106.608678136602279, 35.064667280019009 ], [ -106.608677692831435, 35.064729754178266 ], [ -106.60884566297473, 35.064729178947111 ], [ -106.609224992577609, 35.064727880366149 ], [ -106.609225839507161, 35.064838615667568 ], [ -106.60923203221482, 35.065648017338873 ], [ -106.612021247881657, 35.06567387824385 ], [ -106.613067372230731, 35.065683561182034 ], [ -106.613166603212221, 35.065680654400268 ], [ -106.613166890745887, 35.066042381487883 ], [ -106.613166923814092, 35.066083266101998 ], [ -106.613405930905017, 35.067726668262686 ], [ -106.613361223586963, 35.068224678037879 ], [ -106.613373133516617, 35.068932535166681 ], [ -106.613337372963755, 35.06961817708148 ], [ -106.613360602854911, 35.070431390385416 ], [ -106.613364277870886, 35.07126052870391 ], [ -106.613341176550293, 35.071986250868804 ], [ -106.613297259184279, 35.073668302316598 ], [ -106.613315111131328, 35.075456343594674 ], [ -106.613299115083038, 35.079086301700009 ], [ -106.613299172801092, 35.079113669724435 ], [ -106.61330284744264, 35.080866746548196 ], [ -106.61318742814386, 35.081013333582952 ], [ -106.613170219931391, 35.081033352355924 ], [ -106.612051166164633, 35.080784302532471 ], [ -106.610810860595706, 35.080614000951392 ], [ -106.609547387068673, 35.080440059385111 ], [ -106.608307491410699, 35.080278386721311 ], [ -106.607703777006307, 35.080207143775944 ], [ -106.607043689835351, 35.080109828731885 ], [ -106.604526329565488, 35.079782982034956 ], [ -106.604512954007689, 35.080126145917298 ], [ -106.604472438108459, 35.080300655500288 ], [ -106.604462980957948, 35.080325499321518 ], [ -106.604324869194755, 35.080688298995817 ], [ -106.604304938209737, 35.080869387586098 ], [ -106.604283770732096, 35.081977715331632 ], [ -106.604291610057061, 35.083790875549433 ], [ -106.604247441184043, 35.087488887025728 ], [ -106.602090023288554, 35.087477022223325 ], [ -106.59985374713871, 35.087452767668744 ], [ -106.599048353993169, 35.087478077516707 ], [ -106.599002181000202, 35.08747070850508 ], [ -106.598039428390777, 35.087462300194773 ], [ -106.597773146042329, 35.087442779620304 ], [ -106.595323229271045, 35.08742129233314 ], [ -106.595108363258873, 35.087436653627599 ], [ -106.594132809995202, 35.087428101986525 ], [ -106.593045060785485, 35.087412972823756 ], [ -106.591942397611859, 35.087422217953907 ], [ -106.590810490579173, 35.087425404453477 ], [ -106.589715333631915, 35.087434336898461 ], [ -106.588560777536657, 35.087407364387964 ], [ -106.587487708808951, 35.087398365324745 ], [ -106.586172163540212, 35.087423808548479 ], [ -106.586348987708888, 35.100090806353926 ], [ -106.586364784832597, 35.100879101632273 ], [ -106.586482427132424, 35.101942174639227 ], [ -106.586491294571474, 35.101977171488336 ], [ -106.586753427688492, 35.102676175098821 ], [ -106.587657526865968, 35.103987450791045 ], [ -106.587674635453169, 35.104018267987932 ], [ -106.584975427571877, 35.103784674805624 ], [ -106.582322440184058, 35.103079142699521 ], [ -106.577627736492943, 35.101180868420116 ], [ -106.572923412807626, 35.099303025077305 ], [ -106.568726993778498, 35.097410628024434 ], [ -106.550677510647375, 35.089982131323069 ] ] ] } },
{ "type": "Feature", "properties": { "NAME": "ELDORADO", "ID": 515 }, "geometry": { "type": "Polygon", "coordinates": [ [ [ -106.414597896088196, 35.171926694456779 ], [ -106.41565689512079, 35.162574693070979 ], [ -106.414236894143698, 35.160104692414272 ], [ -106.41387189404422, 35.155133692561826 ], [ -106.41388211122252, 35.155112628997976 ], [ -106.415021742043635, 35.152761314216569 ], [ -106.414045893034881, 35.143928690376079 ], [ -106.414056632106139, 35.143911373386068 ], [ -106.418372306314012, 35.136951254848213 ], [ -106.420103717085482, 35.135917995902247 ], [ -106.420693216520007, 35.135566186652802 ], [ -106.420722894229911, 35.135547688517455 ], [ -106.420732273361608, 35.135524060862799 ], [ -106.421186854398869, 35.134355191533345 ], [ -106.421464510558664, 35.134356376570217 ], [ -106.421496893771575, 35.134356758039132 ], [ -106.431131888512908, 35.134406686465702 ], [ -106.440811894186567, 35.13445622332884 ], [ -106.450495511774207, 35.134505100910964 ], [ -106.450551712579184, 35.134505354982181 ], [ -106.450674532883852, 35.134505645673208 ], [ -106.45073468929472, 35.134505777723945 ], [ -106.450880891640466, 35.134506050209211 ], [ -106.454072401923611, 35.134522138521113 ], [ -106.46017660956322, 35.134552675425269 ], [ -106.460182028479252, 35.134530571447556 ], [ -106.460181985753366, 35.134506686658547 ], [ -106.460212586518224, 35.13445475323897 ], [ -106.462471903896102, 35.134442753493623 ], [ -106.466792904053534, 35.134419686273503 ], [ -106.4699020765744, 35.13442804546515 ], [ -106.473363964435791, 35.134437258287328 ], [ -106.48039899184819, 35.134455675210788 ], [ -106.480398602510007, 35.13443160089237 ], [ -106.480395783574437, 35.134257519785571 ], [ -106.480388834884337, 35.133567484621274 ], [ -106.480388411479083, 35.133525469678524 ], [ -106.480380092986195, 35.132699288109336 ], [ -106.480378578783331, 35.13217493464937 ], [ -106.480375631144156, 35.131153694674239 ], [ -106.480372301793295, 35.130978700370463 ], [ -106.480369807778359, 35.130627698712736 ], [ -106.480368219956389, 35.130491702397435 ], [ -106.480366633120383, 35.130286699936796 ], [ -106.480364498944923, 35.130106702080859 ], [ -106.480362938960909, 35.129810699786098 ], [ -106.480358005916116, 35.129272699181207 ], [ -106.480351157268714, 35.128399236675627 ], [ -106.48033737622363, 35.126836694517493 ], [ -106.48033306409755, 35.126640667464507 ], [ -106.480331384305103, 35.126573269960716 ], [ -106.480330204323991, 35.126525950457847 ], [ -106.48032312673719, 35.126242059570302 ], [ -106.480320729612615, 35.126145904386341 ], [ -106.480304009142088, 35.125475148196337 ], [ -106.480293191386608, 35.125041192331018 ], [ -106.480286841293221, 35.124786452067745 ], [ -106.480243305785322, 35.121075110473015 ], [ -106.480229905506931, 35.119932683555412 ], [ -106.480206596658903, 35.119455297343514 ], [ -106.480105320767052, 35.116979799471309 ], [ -106.480069835778849, 35.116108618820746 ], [ -106.480068463650738, 35.11607400288738 ], [ -106.48005980044698, 35.115752589673328 ], [ -106.480055497400599, 35.115725171100472 ], [ -106.480054828268564, 35.115488681305841 ], [ -106.480046045282194, 35.111932443457043 ], [ -106.480045176075706, 35.111348345761442 ], [ -106.480045073653997, 35.11127950095883 ], [ -106.480040431356869, 35.108158509607797 ], [ -106.480003964489299, 35.104307680976063 ], [ -106.480012176666733, 35.103892787503717 ], [ -106.480018950803327, 35.103550556777655 ], [ -106.480030540341119, 35.102967402799898 ], [ -106.480075904178321, 35.100684680206207 ], [ -106.480074834938733, 35.100660553856315 ], [ -106.480023952777032, 35.099512893611099 ], [ -106.480017198313789, 35.099360608960673 ], [ -106.479989110567047, 35.098727387229168 ], [ -106.479988038000172, 35.098703228424519 ], [ -106.480571296944959, 35.098898981654969 ], [ -106.481437747145918, 35.098820087763116 ], [ -106.481493439866284, 35.098815323618098 ], [ -106.481519625433592, 35.098813083982307 ], [ -106.48156386531744, 35.098809299020182 ], [ -106.482517904222107, 35.098727679879275 ], [ -106.484287905566774, 35.098802679495584 ], [ -106.486342361765068, 35.098256160589536 ], [ -106.486388852876232, 35.098247407862758 ], [ -106.486593550323335, 35.098209734282158 ], [ -106.487321906280243, 35.09807567955108 ], [ -106.490138572251837, 35.096804345416587 ], [ -106.490505906158845, 35.096700679115521 ], [ -106.491314893823201, 35.096101891869388 ], [ -106.49213529683054, 35.095776726216691 ], [ -106.4928097617437, 35.094938961681414 ], [ -106.494165907386162, 35.094684678773447 ], [ -106.497721360610342, 35.094772237262923 ], [ -106.497496534562728, 35.098111255027234 ], [ -106.497469907837541, 35.098506679070198 ], [ -106.497472009151906, 35.098576649418213 ], [ -106.497505615770606, 35.099695583545071 ], [ -106.497520287750064, 35.100186305339165 ], [ -106.497540455674439, 35.10086293393374 ], [ -106.497543799626769, 35.100911769787892 ], [ -106.497905634974245, 35.100929105582175 ], [ -106.505248909845761, 35.101280678980672 ], [ -106.506326681888908, 35.101113686729242 ], [ -106.506371909919153, 35.101106678740706 ], [ -106.507958763943449, 35.101173861746865 ], [ -106.507985171799362, 35.101174979253678 ], [ -106.510395030957426, 35.10127696644205 ], [ -106.511562990772589, 35.101326378025732 ], [ -106.512175875464578, 35.101352302572366 ], [ -106.515439783242229, 35.101490299947486 ], [ -106.515454185250249, 35.101831310596218 ], [ -106.515445978910066, 35.102188837607109 ], [ -106.51544725074092, 35.102246859692919 ], [ -106.515466890815901, 35.102684342476977 ], [ -106.515468294431216, 35.102778607273514 ], [ -106.515483692183139, 35.103812291918722 ], [ -106.515484575597384, 35.103871616539962 ], [ -106.515486028112562, 35.10396910661656 ], [ -106.515486409559628, 35.10399473054018 ], [ -106.515488172032917, 35.104113048052632 ], [ -106.515483182601145, 35.104701181680042 ], [ -106.515479662876032, 35.105014224087085 ], [ -106.515479316538148, 35.105179409226366 ], [ -106.515513729123583, 35.107063265909062 ], [ -106.515569032261936, 35.108865202553005 ], [ -106.517179764409775, 35.108895155137262 ], [ -106.51721167631726, 35.108895606745293 ], [ -106.519858568677819, 35.108933025260768 ], [ -106.522133892292189, 35.108940606340965 ], [ -106.524507116566127, 35.108947291156973 ], [ -106.5249792101135, 35.108954849085528 ], [ -106.525543675585411, 35.108963882783463 ], [ -106.526847868792018, 35.108988635728061 ], [ -106.527858341796588, 35.108982802896968 ], [ -106.527916006237845, 35.108982437242126 ], [ -106.52825504795112, 35.108980286622533 ], [ -106.528457253576249, 35.108979003824984 ], [ -106.528516271677816, 35.108978631169556 ], [ -106.530158121365943, 35.108954529318112 ], [ -106.531515295185798, 35.108935005972491 ], [ -106.532267117456811, 35.108939826710504 ], [ -106.533119089173084, 35.108945416767988 ], [ -106.533115012983657, 35.109090446760383 ], [ -106.53310759909418, 35.109198817912947 ], [ -106.533105292187173, 35.109288928107993 ], [ -106.5330839166717, 35.110594179211418 ], [ -106.533164211129545, 35.112191728616295 ], [ -106.533270416996757, 35.114304679546493 ], [ -106.533284908239068, 35.114721207088763 ], [ -106.533269220542806, 35.11519109451055 ], [ -106.533236466769367, 35.116172094089869 ], [ -106.533319263909789, 35.123404669552372 ], [ -106.533345202618094, 35.130640449492816 ], [ -106.53336634315562, 35.13889891281562 ], [ -106.533356854901228, 35.13913258164532 ], [ -106.533335305935978, 35.139518526228748 ], [ -106.533260315599904, 35.140055385618922 ], [ -106.533183550910309, 35.140316572410185 ], [ -106.533115919492957, 35.14054668378634 ], [ -106.533040036807392, 35.140693274401016 ], [ -106.533012012835442, 35.14074741237134 ], [ -106.532930848532416, 35.140893871917847 ], [ -106.532776686007949, 35.141145194252218 ], [ -106.532235103786235, 35.142060634207752 ], [ -106.53188536504129, 35.142550938582609 ], [ -106.531832415720118, 35.14262516714124 ], [ -106.531669587955406, 35.142831003931242 ], [ -106.531650437478802, 35.142855212678505 ], [ -106.529610630591009, 35.145433698523163 ], [ -106.526934426246342, 35.148774496946508 ], [ -106.526357699720393, 35.149512763610687 ], [ -106.525439383477362, 35.150684702208814 ], [ -106.525409051344226, 35.150725050546143 ], [ -106.524811902351047, 35.151958496943671 ], [ -106.524632637268184, 35.152618982953655 ], [ -106.524583903259966, 35.152826650786501 ], [ -106.524475235029627, 35.153630998012233 ], [ -106.524529108575862, 35.154360758008806 ], [ -106.523322718813617, 35.154271438626104 ], [ -106.522628110624879, 35.154152739652027 ], [ -106.522002912314534, 35.153888642393248 ], [ -106.520743038516684, 35.153174383419262 ], [ -106.520594614282757, 35.153052466976725 ], [ -106.519129216528611, 35.152057687556443 ], [ -106.518435768712493, 35.151587948017188 ], [ -106.51827113645578, 35.151490766061855 ], [ -106.517037564323601, 35.150991336707861 ], [ -106.516079461282786, 35.150845412254398 ], [ -106.513295124929911, 35.150789738991556 ], [ -106.511835152225814, 35.150875303122234 ], [ -106.510813933800762, 35.151259756525263 ], [ -106.51008512272243, 35.151673504800399 ], [ -106.509237839391133, 35.152042785883111 ], [ -106.508280172372736, 35.152292122551273 ], [ -106.506876405048331, 35.152325307912641 ], [ -106.505450038100577, 35.152325345964471 ], [ -106.504832008329075, 35.152312663186457 ], [ -106.50390768553541, 35.152300908850741 ], [ -106.503312029081314, 35.152297413078486 ], [ -106.502914508493532, 35.152308218909091 ], [ -106.502251454375497, 35.152329296842893 ], [ -106.50037225963932, 35.152327382838926 ], [ -106.499751118192549, 35.152322360910603 ], [ -106.499342587540824, 35.152328605571924 ], [ -106.497214097685287, 35.15236104889123 ], [ -106.497176507410657, 35.1523616213765 ], [ -106.497245968092713, 35.157217236669354 ], [ -106.496500757974289, 35.157201200311931 ], [ -106.495667521476861, 35.157394312351364 ], [ -106.494865731970194, 35.157506124776127 ], [ -106.494251161715724, 35.157754585451599 ], [ -106.493759470663562, 35.158094912959356 ], [ -106.491888005895703, 35.158732736435809 ], [ -106.491709322667376, 35.158766426762519 ], [ -106.491330951481828, 35.158766743821531 ], [ -106.490896516965122, 35.158691414443624 ], [ -106.490220050544934, 35.158388849885206 ], [ -106.490186568731886, 35.158375422497762 ], [ -106.490096211693086, 35.158310031201722 ], [ -106.489589583472863, 35.158256401890469 ], [ -106.48908356798016, 35.158257401476774 ], [ -106.488311567419629, 35.15854335615392 ], [ -106.487593929903483, 35.159124542342418 ], [ -106.48718159634538, 35.159399055820806 ], [ -106.486702568626313, 35.159498530757091 ], [ -106.485836472195999, 35.159500219750278 ], [ -106.484636960184034, 35.159327380352963 ], [ -106.483979003463602, 35.159176831008097 ], [ -106.483934380395027, 35.159171239859951 ], [ -106.483875532617532, 35.159164104931953 ], [ -106.483837238617156, 35.159160779488346 ], [ -106.483766999294815, 35.159160949287497 ], [ -106.483739476545026, 35.159161015910058 ], [ -106.483072501518762, 35.159162626245134 ], [ -106.482834565203774, 35.159161789256927 ], [ -106.480565710606314, 35.159686569025141 ], [ -106.480305444719107, 35.159804818326194 ], [ -106.480215494345757, 35.159845686027438 ], [ -106.480191286910951, 35.159851018110999 ], [ -106.480161646840358, 35.159864064280441 ], [ -106.480138581921807, 35.159874796557702 ], [ -106.48011593893753, 35.159885682176714 ], [ -106.48000781005878, 35.159953966617586 ], [ -106.479970646401853, 35.159977534294725 ], [ -106.479927075191597, 35.1600052598776 ], [ -106.479564787084868, 35.16023462426589 ], [ -106.479526187995035, 35.160259184315215 ], [ -106.479498294991643, 35.160276852338932 ], [ -106.479477589917096, 35.160287594443027 ], [ -106.479450825810687, 35.160306612488682 ], [ -106.479415283387524, 35.16033184189768 ], [ -106.479385731625655, 35.160350644352825 ], [ -106.479357702506618, 35.160368333335029 ], [ -106.479328369957742, 35.160383900967815 ], [ -106.47897947407985, 35.160513561603423 ], [ -106.478957908648141, 35.16052168924422 ], [ -106.478923033774578, 35.160527864254625 ], [ -106.478880585503106, 35.160535446298802 ], [ -106.475244354760349, 35.161172783956374 ], [ -106.474547458190884, 35.161294912108218 ], [ -106.474512716365325, 35.161300613244507 ], [ -106.4736733532134, 35.161337515137333 ], [ -106.473386908170852, 35.161349689430935 ], [ -106.472922224980579, 35.161215274137597 ], [ -106.471979907887487, 35.160942690259169 ], [ -106.471554907249683, 35.161003690304163 ], [ -106.470908907756296, 35.161171689990766 ], [ -106.468673906658566, 35.162102690407835 ], [ -106.460341674668825, 35.164158793262025 ], [ -106.460288862519249, 35.164171564700574 ], [ -106.460230587964844, 35.164185169517893 ], [ -106.458942929358003, 35.164070423543471 ], [ -106.455760642094987, 35.165257124808612 ], [ -106.455738280206148, 35.165250309083653 ], [ -106.453908320167884, 35.16469253331109 ], [ -106.453870548444598, 35.164706384515817 ], [ -106.453566624555336, 35.164815057535598 ], [ -106.453018332163623, 35.165010553182405 ], [ -106.45174585425643, 35.165464247172665 ], [ -106.450446147245415, 35.165927630046113 ], [ -106.44965349293085, 35.166209686558311 ], [ -106.449555204054732, 35.166244055716064 ], [ -106.44792432775084, 35.166118561586899 ], [ -106.446862635434698, 35.16653184538405 ], [ -106.445294747366063, 35.167824332186257 ], [ -106.445264692559434, 35.167848828776854 ], [ -106.443010689345329, 35.168282296784525 ], [ -106.441756366645805, 35.168318882652855 ], [ -106.44091363545968, 35.1685505640163 ], [ -106.43978286332478, 35.169531109263666 ], [ -106.439754511068088, 35.169555577477695 ], [ -106.438511737647275, 35.171033191472993 ], [ -106.438476462565973, 35.171075215011577 ], [ -106.435254741318801, 35.173019751495929 ], [ -106.433653900064968, 35.173096693633433 ], [ -106.433624470937943, 35.173122096835691 ], [ -106.432720772030635, 35.173570669980165 ], [ -106.432680131434864, 35.173590842543327 ], [ -106.432656396978189, 35.173610101677198 ], [ -106.432601595975513, 35.173655262924285 ], [ -106.432581310892189, 35.173672030654657 ], [ -106.432363136422026, 35.173851887744433 ], [ -106.431650339082879, 35.174439031319153 ], [ -106.430460899768235, 35.174544694500163 ], [ -106.429865899470272, 35.174777694636902 ], [ -106.429841845984441, 35.174799612055672 ], [ -106.428027829618657, 35.176731329509572 ], [ -106.427588691149055, 35.176998784990495 ], [ -106.421414897625624, 35.178344695458605 ], [ -106.420036897068186, 35.178810695679751 ], [ -106.420006667162994, 35.178835246619627 ], [ -106.419307503263454, 35.179261322471049 ], [ -106.419288742353572, 35.179278072313778 ], [ -106.419241506346808, 35.179352030728296 ], [ -106.419215672672522, 35.179398549868459 ], [ -106.419190169313779, 35.179444473587225 ], [ -106.419101189553402, 35.17957474676605 ], [ -106.41901201685576, 35.1797053022988 ], [ -106.418864897263745, 35.179920695184833 ], [ -106.418262079417204, 35.181136531236589 ], [ -106.418193896822174, 35.181260695476681 ], [ -106.416063518409786, 35.188473366323436 ], [ -106.416054464636971, 35.188504017029118 ], [ -106.41603645933499, 35.188573486285364 ], [ -106.41588439731845, 35.187582697097419 ], [ -106.415505896694782, 35.179530695646861 ], [ -106.414597896088196, 35.171926694456779 ] ] ] } }
]
}
