{
"type": "FeatureCollection",
"name": "MSBoundaries2526",
"crs": { "type": "name", "properties": { "name": "urn:ogc:def:crs:OGC:1.3:CRS84" } },
"features": [
{ "type": "Feature", "properties": { "NAME": "JOHN ADAMS", "ID": 405 }, "geometry": { "type": "Polygon", "coordinates": [ [ [ -106.68761233551021, 35.134177305600815 ], [ -106.687617023524382, 35.134148844482901 ], [ -106.687629239935418, 35.134116627803763 ], [ -106.690875404947747, 35.125554547885628 ], [ -106.690075499747493, 35.123454545951297 ], [ -106.692224371505475, 35.117654187394621 ], [ -106.692370902915158, 35.117258632299205 ], [ -106.691144451863465, 35.114478671563973 ], [ -106.690242483162308, 35.111684519100848 ], [ -106.690778253701083, 35.109145977187318 ], [ -106.691645710923638, 35.106286907522779 ], [ -106.691644178375554, 35.106173214271024 ], [ -106.691643794231481, 35.106142875608064 ], [ -106.691573548090801, 35.102821324175835 ], [ -106.691572242000333, 35.102759549907624 ], [ -106.691506725624308, 35.102529374456665 ], [ -106.691478489621957, 35.102430170011104 ], [ -106.690644975806137, 35.099501679121992 ], [ -106.690507526749641, 35.09901874273649 ], [ -106.690375450031794, 35.098554669310822 ], [ -106.688075450115321, 35.096454668781305 ], [ -106.687975450114024, 35.09295466832075 ], [ -106.684792712103786, 35.091120660187414 ], [ -106.684676354328943, 35.091053607331979 ], [ -106.680875150293645, 35.089425937259804 ], [ -106.680907061259262, 35.089386649477788 ], [ -106.680986469012808, 35.089295635250828 ], [ -106.68102546565494, 35.089250899119094 ], [ -106.681120117923413, 35.089141817806116 ], [ -106.682218673678847, 35.087878134505573 ], [ -106.682424355693428, 35.087644051369431 ], [ -106.68245212952516, 35.087612442973381 ], [ -106.682556069976357, 35.087494149717536 ], [ -106.682582310094872, 35.087462252888841 ], [ -106.682908579048117, 35.087102104231434 ], [ -106.683329582973897, 35.086727908711879 ], [ -106.683899525774223, 35.08632820145592 ], [ -106.684718388829353, 35.085833311140917 ], [ -106.685841810896861, 35.085506515505024 ], [ -106.686520135648209, 35.085355955332922 ], [ -106.686855185592123, 35.085281586937953 ], [ -106.686938670904084, 35.085260032620425 ], [ -106.68731115808238, 35.085163871584584 ], [ -106.687341893857351, 35.085156577069043 ], [ -106.687647711217664, 35.085076993343158 ], [ -106.687731450211331, 35.085055378069299 ], [ -106.687774825607661, 35.085044298595264 ], [ -106.68781122597413, 35.085036256941045 ], [ -106.688192230319046, 35.084951639801808 ], [ -106.689424592255165, 35.084705730103323 ], [ -106.690571616123648, 35.084438074760392 ], [ -106.691689630546961, 35.084177176880075 ], [ -106.691895067840093, 35.084131388295148 ], [ -106.692547157580563, 35.083993997167518 ], [ -106.693081182794288, 35.083881513804982 ], [ -106.693121285906244, 35.083873140620504 ], [ -106.693231056228811, 35.083852453185173 ], [ -106.693465207825227, 35.083808324737952 ], [ -106.694271241304023, 35.083619029913592 ], [ -106.694312640571994, 35.083607452333887 ], [ -106.695505970971155, 35.083376399621827 ], [ -106.696685804443405, 35.083097402411532 ], [ -106.698285822700441, 35.082708781451437 ], [ -106.700688389103604, 35.082191831508865 ], [ -106.702023326101155, 35.081885027144409 ], [ -106.704820493424023, 35.081218249561822 ], [ -106.709418209268776, 35.080234919621375 ], [ -106.709482462783214, 35.080221095820249 ], [ -106.710537038176653, 35.079996759162256 ], [ -106.710669843669024, 35.080666425593066 ], [ -106.710727075225563, 35.081295595459451 ], [ -106.710738447174975, 35.083135029024177 ], [ -106.710677115564337, 35.084486036326638 ], [ -106.710786820072158, 35.086235866104687 ], [ -106.710819636938311, 35.087325588277864 ], [ -106.71082230313165, 35.087414131260957 ], [ -106.710705886431953, 35.088704796527189 ], [ -106.710511457244763, 35.091062121163652 ], [ -106.710219896823276, 35.092286253487217 ], [ -106.710126330067766, 35.092652002344025 ], [ -106.709534954984463, 35.094357667143647 ], [ -106.70872538275303, 35.096363875545258 ], [ -106.708640495545367, 35.09656480795374 ], [ -106.708287512114367, 35.097400327757256 ], [ -106.707630549901751, 35.098895483013273 ], [ -106.707010404282642, 35.100393921171531 ], [ -106.706951397614375, 35.100568584774834 ], [ -106.70684766355869, 35.100884249357819 ], [ -106.70635643415909, 35.102016300798894 ], [ -106.70633019851951, 35.102080833305692 ], [ -106.706245635713017, 35.102282428844383 ], [ -106.705800497353749, 35.103383731748423 ], [ -106.705569202028201, 35.104011348544766 ], [ -106.70527251587508, 35.104559566552737 ], [ -106.705272434684915, 35.104559760669041 ], [ -106.705272353494735, 35.104559954785366 ], [ -106.705254954523895, 35.104601668843493 ], [ -106.703302954490908, 35.107421668669396 ], [ -106.702238963725605, 35.112212982059852 ], [ -106.702238828849502, 35.112213588335706 ], [ -106.702238693973399, 35.112214194611568 ], [ -106.702187954745483, 35.11244267004502 ], [ -106.703767314423146, 35.112429337842869 ], [ -106.704922634219642, 35.11244285820375 ], [ -106.70627003652811, 35.112470437483921 ], [ -106.707077902215786, 35.112484875873719 ], [ -106.707293697338656, 35.112469341390245 ], [ -106.707497370951941, 35.112456303304697 ], [ -106.707503205651463, 35.112456424614656 ], [ -106.708387072996089, 35.112475024177989 ], [ -106.708398331077817, 35.112475082569226 ], [ -106.709610455108233, 35.112502436655227 ], [ -106.709993572198044, 35.112497766232281 ], [ -106.711199113678333, 35.112483060676077 ], [ -106.711292614852908, 35.11248986330461 ], [ -106.711294213886958, 35.112489979816594 ], [ -106.711295808527936, 35.112490095443853 ], [ -106.711990287734039, 35.112475539926542 ], [ -106.712547653218451, 35.112479283825145 ], [ -106.713426360688857, 35.112485181164686 ], [ -106.714139158688567, 35.112489960471947 ], [ -106.715390265423508, 35.112512300074769 ], [ -106.731194542666358, 35.112589909796327 ], [ -106.731178355239209, 35.11359786106523 ], [ -106.73102760757584, 35.114045258335651 ], [ -106.730887906560184, 35.114344739289386 ], [ -106.730668794998962, 35.114734281125315 ], [ -106.73044753734753, 35.115055923339433 ], [ -106.730314701244069, 35.115171452603498 ], [ -106.729947931312125, 35.115470354482511 ], [ -106.729701287278672, 35.115753690631927 ], [ -106.729393164005018, 35.115953787439359 ], [ -106.729198918622927, 35.116114937998937 ], [ -106.728948661103956, 35.11627631047147 ], [ -106.72875461821252, 35.116472167880033 ], [ -106.728560704612462, 35.116690293778461 ], [ -106.727995591641928, 35.117915272233695 ], [ -106.72784580009548, 35.119644295983996 ], [ -106.727904434011862, 35.121415024060326 ], [ -106.727667355287124, 35.122692909357731 ], [ -106.727029381675223, 35.123827780683115 ], [ -106.725521504329294, 35.12540155956799 ], [ -106.722247106767966, 35.128725944861912 ], [ -106.723511546754011, 35.129656374112436 ], [ -106.72286218125663, 35.130501627848581 ], [ -106.721354935913908, 35.132463469893807 ], [ -106.720469921392535, 35.133620084933412 ], [ -106.720697329814215, 35.134262169077111 ], [ -106.720703073204845, 35.134333666387576 ], [ -106.720803963117277, 35.135589582654617 ], [ -106.720813210299866, 35.13570469077321 ], [ -106.720838438237919, 35.136017846962858 ], [ -106.720839861464086, 35.136037663266414 ], [ -106.720841300048335, 35.136057478608791 ], [ -106.720869352218898, 35.136400645460498 ], [ -106.720876330855091, 35.136481169495028 ], [ -106.720890583166295, 35.136515069673997 ], [ -106.720904886980961, 35.136548955227831 ], [ -106.721018010193532, 35.136813044965344 ], [ -106.721073865928048, 35.136943375734795 ], [ -106.721190374565268, 35.137215091859105 ], [ -106.721204630195331, 35.137247618184055 ], [ -106.721218938426105, 35.137280129879528 ], [ -106.72161078153178, 35.137654279233494 ], [ -106.721636787678321, 35.137679129962891 ], [ -106.714768603447681, 35.138820632167381 ], [ -106.714423693006282, 35.138877868286336 ], [ -106.714411359016495, 35.139004349242448 ], [ -106.711922854494901, 35.13943757461265 ], [ -106.711554601625309, 35.139683097526785 ], [ -106.711499762171826, 35.139991426803654 ], [ -106.710009392858154, 35.139988584681532 ], [ -106.709730398228743, 35.139651517541338 ], [ -106.709464438298824, 35.138702909030521 ], [ -106.70943639785834, 35.138602895645967 ], [ -106.709401442560008, 35.138491690906811 ], [ -106.709194274365757, 35.13790874285926 ], [ -106.708943098485932, 35.13689312845969 ], [ -106.708416267483102, 35.134808771574718 ], [ -106.707717331982792, 35.134818113787659 ], [ -106.704369056724772, 35.134829437878608 ], [ -106.704276804566078, 35.134829553847787 ], [ -106.704109282456486, 35.134829764311071 ], [ -106.704052631516589, 35.134828575728477 ], [ -106.702959103556054, 35.134811289155017 ], [ -106.701698743333509, 35.134816116786126 ], [ -106.701644267968405, 35.134815835737449 ], [ -106.701637768097882, 35.135072501101796 ], [ -106.701632026634201, 35.135299193317913 ], [ -106.701606722668316, 35.135519102042274 ], [ -106.701567227281132, 35.13586234962213 ], [ -106.701494008345094, 35.136221007697799 ], [ -106.701488164951428, 35.136249631382128 ], [ -106.701432479230661, 35.136462632777011 ], [ -106.701352652675538, 35.136723394207422 ], [ -106.701296964895761, 35.136884441719168 ], [ -106.701179103212709, 35.137180074581636 ], [ -106.701003357686815, 35.137622137829851 ], [ -106.700885548068328, 35.137889977774165 ], [ -106.700863537017369, 35.137932387857624 ], [ -106.700848239441683, 35.137961815609074 ], [ -106.700828771066099, 35.137999266398928 ], [ -106.700645247005724, 35.138372037002689 ], [ -106.700516087632067, 35.138605712588976 ], [ -106.700494646652317, 35.138644502989351 ], [ -106.700449591525995, 35.138726016741501 ], [ -106.700383743149018, 35.138836841572051 ], [ -106.700300976020912, 35.138976139129774 ], [ -106.700157924558255, 35.139203150184052 ], [ -106.700095659572114, 35.139296643909347 ], [ -106.699994330631071, 35.139448790857102 ], [ -106.699829049766407, 35.139683993440691 ], [ -106.69967184710508, 35.139892868909094 ], [ -106.6995515239105, 35.140047216068609 ], [ -106.69940411874876, 35.140220379311167 ], [ -106.699367007038788, 35.140263976423036 ], [ -106.699296808044352, 35.140346441142171 ], [ -106.699168986716941, 35.140488736373932 ], [ -106.699150716829422, 35.140509074848744 ], [ -106.698301899781853, 35.139920753827184 ], [ -106.697721024761009, 35.139440855254954 ], [ -106.697468391283081, 35.139552977826284 ], [ -106.697438362327375, 35.139561640699455 ], [ -106.697124814041345, 35.139646132844184 ], [ -106.69676461436265, 35.139703255271222 ], [ -106.696765955247827, 35.139195674447073 ], [ -106.695884582477262, 35.139191846941408 ], [ -106.695860163463365, 35.139191674465977 ], [ -106.695823758263273, 35.139184572513365 ], [ -106.69579556820706, 35.139171443024182 ], [ -106.69537249240858, 35.138967654252902 ], [ -106.695293060811082, 35.138947030851668 ], [ -106.694978766952488, 35.138865454409974 ], [ -106.694951697353702, 35.138858737987185 ], [ -106.694822897833575, 35.138825614017904 ], [ -106.694794232384368, 35.138818241757768 ], [ -106.694759736049249, 35.138809370155109 ], [ -106.694715609888647, 35.138797020053765 ], [ -106.69465963287638, 35.13874366887952 ], [ -106.694675690873339, 35.138727312754014 ], [ -106.694754351385811, 35.138647190421125 ], [ -106.694886140333381, 35.138508545081443 ], [ -106.694826127227614, 35.138468103051515 ], [ -106.694758840705759, 35.13842281357838 ], [ -106.694535472062128, 35.138641462559015 ], [ -106.694479217480946, 35.138567086138821 ], [ -106.694182322446508, 35.138174543902579 ], [ -106.694126038942912, 35.138099572463304 ], [ -106.693988337701029, 35.137917850134983 ], [ -106.693726991956069, 35.137825766600926 ], [ -106.693616493035691, 35.137787139520157 ], [ -106.693599816063355, 35.137770516640707 ], [ -106.693455470128526, 35.137626701200041 ], [ -106.693390337417554, 35.137561856160509 ], [ -106.693347750317542, 35.137540133920162 ], [ -106.693307649600271, 35.137520586768403 ], [ -106.693064774988898, 35.13740062377039 ], [ -106.692851868993259, 35.137295438120518 ], [ -106.692659306035381, 35.137200301907058 ], [ -106.69261538724794, 35.137140284612371 ], [ -106.692514932367089, 35.13700300904997 ], [ -106.692484801927748, 35.136961812189497 ], [ -106.692456251981483, 35.136922286236988 ], [ -106.692393252525363, 35.13683690246819 ], [ -106.692371021040358, 35.136826952350269 ], [ -106.692347134203288, 35.136816902801456 ], [ -106.692248611903935, 35.137020396522217 ], [ -106.692237881080729, 35.137038510539419 ], [ -106.69164138716836, 35.136663400728501 ], [ -106.691023489002248, 35.136561502567979 ], [ -106.690923710873236, 35.136545047388637 ], [ -106.690911779681755, 35.136393482282372 ], [ -106.690448553058658, 35.136264267082183 ], [ -106.690324798709781, 35.136010461690184 ], [ -106.69004944015704, 35.13592531351479 ], [ -106.68989642870865, 35.135962564116838 ], [ -106.689657523663129, 35.136020725975484 ], [ -106.689516685297235, 35.136055013058701 ], [ -106.688205627339514, 35.134494930430321 ], [ -106.688172613288017, 35.134456053298592 ], [ -106.687642992788199, 35.134193749029023 ], [ -106.68761233551021, 35.134177305600815 ] ] ] } },
{ "type": "Feature", "properties": { "NAME": "ERNIE PYLE", "ID": 450 }, "geometry": { "type": "Polygon", "coordinates": [ [ [ -106.661821792524904, 35.047850018807971 ], [ -106.662057191679665, 35.047555526108432 ], [ -106.662061625549129, 35.047535420239925 ], [ -106.668676198593715, 35.039455033240237 ], [ -106.670590574054302, 35.038178357701014 ], [ -106.671081406532707, 35.037854483549147 ], [ -106.673038689306523, 35.038575422810979 ], [ -106.673169519039647, 35.03861435948577 ], [ -106.67353496001104, 35.038657756263568 ], [ -106.6736100862515, 35.038726962280279 ], [ -106.673817578486165, 35.038763130837644 ], [ -106.674036473062941, 35.038801625522964 ], [ -106.674086903234311, 35.038820263634264 ], [ -106.67440184326253, 35.038943432260872 ], [ -106.674480860749952, 35.039007834666904 ], [ -106.674727841146236, 35.039209133474287 ], [ -106.674783671334211, 35.039255176588533 ], [ -106.67531189891551, 35.039435846448221 ], [ -106.675654184000265, 35.03942474724262 ], [ -106.675851402802849, 35.03941835168991 ], [ -106.676132409599475, 35.039357898546477 ], [ -106.676287541995279, 35.039324524273866 ], [ -106.676348446732391, 35.039307680160618 ], [ -106.676374077633454, 35.039300436114935 ], [ -106.676911554492463, 35.039149481815791 ], [ -106.677612230327796, 35.038941928012044 ], [ -106.678595232026836, 35.038650735561795 ], [ -106.678754899305716, 35.038603437110304 ], [ -106.679496153196496, 35.038351236622475 ], [ -106.679495412824664, 35.040384929373552 ], [ -106.679998530763584, 35.040394939388271 ], [ -106.680007020390292, 35.040276012264528 ], [ -106.680027169155807, 35.039993763437913 ], [ -106.680276289365224, 35.040003591400158 ], [ -106.680283762720279, 35.039745675483353 ], [ -106.681595976576006, 35.039767397048642 ], [ -106.683902886108456, 35.040335447627776 ], [ -106.683920968032396, 35.039949443169618 ], [ -106.684007477270782, 35.039972278718885 ], [ -106.684190671683041, 35.039936718813919 ], [ -106.68418300189586, 35.040116025701707 ], [ -106.684827312032354, 35.040113058520447 ], [ -106.685176205848251, 35.040053429207383 ], [ -106.685244022449865, 35.04026833173041 ], [ -106.68549953781779, 35.04020180581346 ], [ -106.685598458147041, 35.040451528013719 ], [ -106.685640578993386, 35.040557861606267 ], [ -106.686030192798, 35.040581103471162 ], [ -106.686016816766852, 35.040549825847783 ], [ -106.685917434750905, 35.040303415813256 ], [ -106.686721029530517, 35.040103396868808 ], [ -106.686886892679013, 35.040450527558519 ], [ -106.686915803603526, 35.040511034835447 ], [ -106.68708700406053, 35.040562408058939 ], [ -106.687207139271351, 35.040598457262561 ], [ -106.687396726604419, 35.039998879040205 ], [ -106.687837067874739, 35.03991537259833 ], [ -106.690021558674275, 35.039281453961067 ], [ -106.689911652688821, 35.038915782684775 ], [ -106.690348642463306, 35.038950127907597 ], [ -106.69067218636367, 35.040104481814872 ], [ -106.69108945563795, 35.040056407988949 ], [ -106.691200145320536, 35.040489726112703 ], [ -106.691556911951537, 35.040510492391547 ], [ -106.691554931582772, 35.040831404401743 ], [ -106.691553840712857, 35.041008187081005 ], [ -106.691864405759461, 35.041047711350195 ], [ -106.694162951920873, 35.040957753073982 ], [ -106.694160176022763, 35.04083044756716 ], [ -106.696435957347077, 35.040709788059246 ], [ -106.696742947664859, 35.040902659153979 ], [ -106.696777514955116, 35.040954264759364 ], [ -106.696934447407912, 35.04119065942519 ], [ -106.697435447366885, 35.041483660061701 ], [ -106.697513580995945, 35.0415838331012 ], [ -106.697600116741924, 35.041687901843801 ], [ -106.698127194948128, 35.042321766340784 ], [ -106.698227704618745, 35.042510199133282 ], [ -106.698249263594221, 35.043768577189169 ], [ -106.698253304187091, 35.044004416961023 ], [ -106.698258331796907, 35.044148240388118 ], [ -106.69826244837752, 35.044239660033305 ], [ -106.699471602373578, 35.044977149314811 ], [ -106.702292778876966, 35.045315811233117 ], [ -106.703792457952048, 35.045494208642609 ], [ -106.704221960842133, 35.045357014135703 ], [ -106.704271540563653, 35.045010986219424 ], [ -106.704493514313512, 35.045022395789623 ], [ -106.70480090836881, 35.044121848159428 ], [ -106.70485711440584, 35.043957185477026 ], [ -106.704867799751838, 35.043872028902676 ], [ -106.705102030973293, 35.043925020723663 ], [ -106.705611722025481, 35.04417877374236 ], [ -106.70579024424579, 35.044187749717274 ], [ -106.706278107214501, 35.044232279743106 ], [ -106.70630184425201, 35.043793973108485 ], [ -106.706428174193803, 35.041428948544244 ], [ -106.709542842226796, 35.041621793794782 ], [ -106.710832997432874, 35.041701539228214 ], [ -106.710878477775211, 35.041704350303725 ], [ -106.710751613072674, 35.042125588323671 ], [ -106.710668424007366, 35.042385861997261 ], [ -106.710481941509627, 35.04293253215905 ], [ -106.710286174194394, 35.043494939703749 ], [ -106.710270383768432, 35.043540303244292 ], [ -106.710267065225565, 35.04356208151944 ], [ -106.71013258413457, 35.043893566146458 ], [ -106.709367644093788, 35.045931999083507 ], [ -106.708758507680415, 35.047554160601123 ], [ -106.708744969912004, 35.047590210564735 ], [ -106.708512002775393, 35.048115069264938 ], [ -106.707855577964196, 35.049879260402427 ], [ -106.707560171596143, 35.050602911140736 ], [ -106.707227747454425, 35.051417230260846 ], [ -106.706847265886751, 35.052449855610703 ], [ -106.706562438471309, 35.053222857325636 ], [ -106.705949650959639, 35.054862780156029 ], [ -106.705860377305655, 35.055191895509019 ], [ -106.705854045822349, 35.055219414602881 ], [ -106.705709685992659, 35.055846887873294 ], [ -106.705652054074065, 35.056097389009452 ], [ -106.705793338147359, 35.056693591188534 ], [ -106.705802985870548, 35.056734302531396 ], [ -106.705555219220798, 35.056864334283397 ], [ -106.705452047397472, 35.056930263811275 ], [ -106.705258796978484, 35.057074694744969 ], [ -106.70516483237337, 35.057186844056417 ], [ -106.705143453724929, 35.057212359738124 ], [ -106.7050016508325, 35.057423708775517 ], [ -106.704897011035555, 35.057636705874536 ], [ -106.704873323960086, 35.057701466011217 ], [ -106.704845560134984, 35.057777374403045 ], [ -106.704442192103954, 35.058924296065598 ], [ -106.703869352925622, 35.060398479154792 ], [ -106.703720278888028, 35.060739375783463 ], [ -106.70370669279842, 35.060772427966818 ], [ -106.703656953707451, 35.060897040026887 ], [ -106.703126184770298, 35.062321352065517 ], [ -106.702513956843362, 35.063879476275126 ], [ -106.702215488028372, 35.064659104464631 ], [ -106.701991280401785, 35.065244747912139 ], [ -106.701133542658908, 35.067487152684095 ], [ -106.701125376582311, 35.067508500643847 ], [ -106.701028710175351, 35.067875919629607 ], [ -106.70100207844331, 35.067930663000958 ], [ -106.699537757322091, 35.067658573701202 ], [ -106.699501082238626, 35.067673486259082 ], [ -106.699340331699133, 35.06772967005552 ], [ -106.69926203931351, 35.067840053769075 ], [ -106.698654809600626, 35.068254538198367 ], [ -106.697983328585138, 35.068867086415267 ], [ -106.697860132476606, 35.068979469516215 ], [ -106.697786379819902, 35.069046746902288 ], [ -106.697555160118156, 35.069257669752794 ], [ -106.697107242515287, 35.069690873901159 ], [ -106.697066346398756, 35.069730426301014 ], [ -106.696789756244598, 35.070068415284219 ], [ -106.696771768991866, 35.070090395887462 ], [ -106.696748894428225, 35.070118348592949 ], [ -106.695930313277046, 35.07111862587 ], [ -106.695749923248584, 35.071040711040496 ], [ -106.6957126340983, 35.071024560610624 ], [ -106.695505869537257, 35.070935297476822 ], [ -106.695364658199125, 35.07117641682013 ], [ -106.695232573644304, 35.071330407628672 ], [ -106.695330121633503, 35.071382167952514 ], [ -106.695178360453468, 35.071555175896492 ], [ -106.695047943405982, 35.071492985451314 ], [ -106.69483890122288, 35.071722021161648 ], [ -106.694798894895101, 35.071702243052862 ], [ -106.69456731856296, 35.07202387442387 ], [ -106.694430325820747, 35.072214339831454 ], [ -106.694553838852386, 35.072265194314255 ], [ -106.694612294359473, 35.07228889109917 ], [ -106.694402408697357, 35.072528787141032 ], [ -106.694562613503223, 35.072613451399064 ], [ -106.693830160090783, 35.072881574196863 ], [ -106.693543381910274, 35.073218841162436 ], [ -106.693122856038741, 35.073776116342984 ], [ -106.692879440247225, 35.074013316083104 ], [ -106.692527944760513, 35.074271919009007 ], [ -106.692472759650002, 35.0744144391238 ], [ -106.692282830181725, 35.074521852265768 ], [ -106.691971757950711, 35.074697774484918 ], [ -106.691782512675772, 35.07500113959118 ], [ -106.691633976531278, 35.075335737554838 ], [ -106.691912360414776, 35.075425139293245 ], [ -106.691644743943286, 35.07589608770688 ], [ -106.691181832359959, 35.075769586772871 ], [ -106.69092241111143, 35.07575305462111 ], [ -106.691426341312862, 35.076823589366178 ], [ -106.691348593525248, 35.076827712516298 ], [ -106.691357871675848, 35.076878451297503 ], [ -106.691373018075168, 35.076961262255793 ], [ -106.691263017799656, 35.077949262064735 ], [ -106.690830495401656, 35.078621525939241 ], [ -106.690814923647451, 35.078645729759906 ], [ -106.690797025094597, 35.078670166497453 ], [ -106.690567381865492, 35.078846533670237 ], [ -106.690508869092383, 35.078891387069113 ], [ -106.690325521954549, 35.079031932248903 ], [ -106.690301537921371, 35.079050395444575 ], [ -106.689911131653375, 35.079584698866469 ], [ -106.689898183324431, 35.079602518878239 ], [ -106.689987047090753, 35.080005950897338 ], [ -106.690311132544693, 35.080327981518707 ], [ -106.691184755370031, 35.081198237403818 ], [ -106.691577060347299, 35.081588708821236 ], [ -106.692067409144414, 35.082076466890499 ], [ -106.692625968492194, 35.082633579606821 ], [ -106.693823186442486, 35.083181733704883 ], [ -106.6942953957291, 35.08358863099717 ], [ -106.694312640571994, 35.083607452333887 ], [ -106.694271241304023, 35.083619029913592 ], [ -106.693465207825227, 35.083808324737952 ], [ -106.693231056228811, 35.083852453185173 ], [ -106.693121285906244, 35.083873140620504 ], [ -106.693081182794288, 35.083881513804982 ], [ -106.692547157580563, 35.083993997167518 ], [ -106.691895067840093, 35.084131388295148 ], [ -106.691689630546961, 35.084177176880075 ], [ -106.690571616123648, 35.084438074760392 ], [ -106.689424592255165, 35.084705730103323 ], [ -106.688192230319046, 35.084951639801808 ], [ -106.68781122597413, 35.085036256941045 ], [ -106.687774825607661, 35.085044298595264 ], [ -106.687731450211331, 35.085055378069299 ], [ -106.687647711217664, 35.085076993343158 ], [ -106.687341893857351, 35.085156577069043 ], [ -106.68731115808238, 35.085163871584584 ], [ -106.686938670904084, 35.085260032620425 ], [ -106.686855185592123, 35.085281586937953 ], [ -106.686520135648209, 35.085355955332922 ], [ -106.685841810896861, 35.085506515505024 ], [ -106.684718388829353, 35.085833311140917 ], [ -106.683899525774223, 35.08632820145592 ], [ -106.683329582973897, 35.086727908711879 ], [ -106.682908579048117, 35.087102104231434 ], [ -106.682582310094872, 35.087462252888841 ], [ -106.682556069976357, 35.087494149717536 ], [ -106.68245212952516, 35.087612442973381 ], [ -106.682424355693428, 35.087644051369431 ], [ -106.682218673678847, 35.087878134505573 ], [ -106.681120117923413, 35.089141817806116 ], [ -106.68102546565494, 35.089250899119094 ], [ -106.680986469012808, 35.089295635250828 ], [ -106.680907061259262, 35.089386649477788 ], [ -106.680875150293645, 35.089425937259804 ], [ -106.676975446993893, 35.084454667215397 ], [ -106.675673040180229, 35.083456433845832 ], [ -106.671872463547459, 35.078756695267579 ], [ -106.668975444617232, 35.076354666569564 ], [ -106.665776986314768, 35.073953973164848 ], [ -106.661475441800008, 35.071754666286722 ], [ -106.659975441594227, 35.070354666501004 ], [ -106.659575441083291, 35.069254666490949 ], [ -106.659175441371858, 35.066154666063916 ], [ -106.659175440988761, 35.063654665666064 ], [ -106.65787544060943, 35.062854665317495 ], [ -106.658115303820296, 35.056803325091117 ], [ -106.660575587595503, 35.049555101049577 ], [ -106.660596844772982, 35.049526146380316 ], [ -106.661042811002545, 35.048918704697833 ], [ -106.661175823960491, 35.048737527763329 ], [ -106.661197754655888, 35.048707655723334 ], [ -106.661216318889799, 35.048682143725792 ], [ -106.661239562259482, 35.048650199282868 ], [ -106.661821792524904, 35.047850018807971 ] ] ] } },
{ "type": "Feature", "properties": { "NAME": "EISENHOWER", "ID": 480 }, "geometry": { "type": "Polygon", "coordinates": [ [ [ -106.414567465163131, 35.171951285805548 ], [ -106.415626397855377, 35.162599886075121 ], [ -106.415626283287494, 35.162599686110241 ], [ -106.415626395437712, 35.1625986934624 ], [ -106.414206393865257, 35.160128693359567 ], [ -106.41384081052901, 35.155158813821345 ], [ -106.414991941753016, 35.15278806295148 ], [ -106.414991833318652, 35.15278708773053 ], [ -106.414991939345512, 35.152786870336776 ], [ -106.414014468225432, 35.143952771006688 ], [ -106.414779976579865, 35.14271809120153 ], [ -106.418346809393881, 35.136968030232964 ], [ -106.418372308769435, 35.136952447465845 ], [ -106.420103719566058, 35.135919188519971 ], [ -106.420693219009109, 35.135567379270576 ], [ -106.421186856895091, 35.134356384151317 ], [ -106.421464513058922, 35.134357569188147 ], [ -106.421496896272302, 35.134357950657069 ], [ -106.431131891154138, 35.134407879083021 ], [ -106.440811896968967, 35.134457415945491 ], [ -106.450495514697806, 35.134506293526918 ], [ -106.450551715503622, 35.134506547598136 ], [ -106.450674535810052, 35.134506838289155 ], [ -106.450734692221815, 35.134506970339899 ], [ -106.450880894569693, 35.134507242825123 ], [ -106.454072404899378, 35.134523331136819 ], [ -106.460176612628018, 35.134553868040506 ], [ -106.460182031544107, 35.134531764062771 ], [ -106.460182028479252, 35.134530571447556 ], [ -106.460181987720901, 35.134507879275652 ], [ -106.460181985753366, 35.134506686658547 ], [ -106.460181895393802, 35.13445615323792 ], [ -106.460212589583506, 35.134455945854192 ], [ -106.462471906994338, 35.134443946108689 ], [ -106.466792907214796, 35.134420878888214 ], [ -106.469902079780979, 35.134429238079612 ], [ -106.473363967692862, 35.13443845090152 ], [ -106.48039899520785, 35.134456867824412 ], [ -106.480398980874881, 35.134455675231656 ], [ -106.480398613550975, 35.134432793491385 ], [ -106.480398597023353, 35.134431600902793 ], [ -106.480395794615333, 35.134258712384622 ], [ -106.48039577918513, 35.134257519793913 ], [ -106.480388842633005, 35.133568677226727 ], [ -106.480388830495045, 35.133567484629623 ], [ -106.480388419227722, 35.133526662283963 ], [ -106.480388407089805, 35.133525469686873 ], [ -106.480380101831869, 35.132700480712856 ], [ -106.480380092986195, 35.132699288109336 ], [ -106.480378582142393, 35.132176127263428 ], [ -106.480378578783331, 35.13217493464937 ], [ -106.480375634503048, 35.131154887288488 ], [ -106.480375631144156, 35.131153694674239 ], [ -106.480372298501436, 35.130978700376723 ], [ -106.480369813331663, 35.130628891322935 ], [ -106.480369802291975, 35.130627698723153 ], [ -106.48036822880151, 35.130492895001382 ], [ -106.480368216664559, 35.130491702403681 ], [ -106.480366638673587, 35.130287892547059 ], [ -106.480366627633998, 35.13028669994722 ], [ -106.480364507789886, 35.130107894684905 ], [ -106.480364496750369, 35.130106702085037 ], [ -106.480362943416722, 35.129811892398536 ], [ -106.480362934571829, 35.12981069979444 ], [ -106.480358012566313, 35.129273891789595 ], [ -106.480358002624328, 35.129272699187453 ], [ -106.480351162821421, 35.128400429286266 ], [ -106.48035115287972, 35.128399236683961 ], [ -106.480337385067585, 35.126837887122207 ], [ -106.48033737622363, 35.126836694517493 ], [ -106.482362907255748, 35.126849683653916 ], [ -106.482370336241047, 35.127952037348095 ], [ -106.482370906951431, 35.128036684415505 ], [ -106.483362527580809, 35.128052077194766 ], [ -106.484432907238258, 35.128068684263795 ], [ -106.485052665733349, 35.128182984289353 ], [ -106.485408907789989, 35.128248683940384 ], [ -106.485647966238616, 35.128412797489965 ], [ -106.486275895711884, 35.128843865416691 ], [ -106.486400907830685, 35.128929684168376 ], [ -106.486953855625785, 35.129408067732662 ], [ -106.48706936506936, 35.129508000363913 ], [ -106.487668908553957, 35.130026684408492 ], [ -106.488075513198368, 35.129507826562282 ], [ -106.488157908354381, 35.129402684310563 ], [ -106.488813159056079, 35.129662813305266 ], [ -106.489355386822396, 35.129974691680701 ], [ -106.489890589520854, 35.130263364623069 ], [ -106.491071909514588, 35.130791684511614 ], [ -106.492194315534292, 35.13076815180024 ], [ -106.494039463471836, 35.130794404001954 ], [ -106.494428438740982, 35.130794785738047 ], [ -106.495357361449649, 35.130761789769601 ], [ -106.495850497277573, 35.130687945966919 ], [ -106.498022883785495, 35.130649449502172 ], [ -106.50042017741977, 35.13065143049279 ], [ -106.503198982720619, 35.130651242510879 ], [ -106.504802081239802, 35.130651566188867 ], [ -106.50795810932226, 35.13067314875186 ], [ -106.512550535463902, 35.130665472438025 ], [ -106.513902647815982, 35.130663179489815 ], [ -106.515089077432947, 35.130679431545786 ], [ -106.515160129515891, 35.130678621665169 ], [ -106.515687936940836, 35.130655664184623 ], [ -106.518661471594626, 35.130681089122646 ], [ -106.522309118062097, 35.130683947118641 ], [ -106.524519420400665, 35.130688967881923 ], [ -106.526207879852976, 35.130647357320797 ], [ -106.533345202618094, 35.130640449492816 ], [ -106.53336634315562, 35.13889891281562 ], [ -106.537655193226911, 35.138922691231564 ], [ -106.537647022611509, 35.13921392648669 ], [ -106.537771612058521, 35.139726445266845 ], [ -106.53778564650635, 35.139767214228669 ], [ -106.537977906066871, 35.140203297722053 ], [ -106.538282618281585, 35.140973779925076 ], [ -106.538593922880978, 35.141779339851816 ], [ -106.538725674655325, 35.143227703555688 ], [ -106.538996192422232, 35.144058545759648 ], [ -106.539376651022465, 35.144750505432192 ], [ -106.539420165465017, 35.144842163536453 ], [ -106.539428077256332, 35.144861411293569 ], [ -106.539845923226224, 35.145802763962685 ], [ -106.539974485386395, 35.146488189725844 ], [ -106.540110096310869, 35.147177489944788 ], [ -106.54013041041361, 35.14754218154237 ], [ -106.540101945385373, 35.147801038238995 ], [ -106.539991921694849, 35.148050684426593 ], [ -106.539497932584837, 35.148569853744043 ], [ -106.538970975155777, 35.148858378622577 ], [ -106.539427792876268, 35.149501885591846 ], [ -106.539663421413223, 35.149956685159346 ], [ -106.539854904249736, 35.15073353366769 ], [ -106.539874548885436, 35.151313983603444 ], [ -106.539911856000685, 35.15204546115082 ], [ -106.539934832822226, 35.152533159393826 ], [ -106.539937395414555, 35.152587542974643 ], [ -106.539992750752418, 35.153525164217712 ], [ -106.539987772299611, 35.154341875309242 ], [ -106.540131922377, 35.154970685093303 ], [ -106.540396922010714, 35.155350685215495 ], [ -106.541710422380419, 35.156402685768462 ], [ -106.541913574546001, 35.156715677191983 ], [ -106.542058653390853, 35.157056016612742 ], [ -106.542100227014018, 35.157169792505584 ], [ -106.542174771613006, 35.157373797573946 ], [ -106.542202602532768, 35.157661475724659 ], [ -106.542220422981529, 35.157845685659389 ], [ -106.542250195667137, 35.158211230523676 ], [ -106.542256452120526, 35.159690731866561 ], [ -106.542257793936585, 35.160026903069209 ], [ -106.542252835866549, 35.161049802774549 ], [ -106.542252296622692, 35.161161124515672 ], [ -106.542248785955977, 35.162475743657048 ], [ -106.542251181068195, 35.163430395708673 ], [ -106.542259782920453, 35.164991995550629 ], [ -106.542260595313891, 35.165573482506538 ], [ -106.542257331436332, 35.16640740727987 ], [ -106.542261064223098, 35.167450741430542 ], [ -106.542274067413871, 35.171084783749293 ], [ -106.542274040624406, 35.171116566035224 ], [ -106.542242303357924, 35.174377254057035 ], [ -106.541694788839195, 35.174414884793407 ], [ -106.541518595181017, 35.174426709508026 ], [ -106.540053691842473, 35.174525121071241 ], [ -106.53965790172181, 35.174551684475169 ], [ -106.538437278259437, 35.174603033506727 ], [ -106.53839792311031, 35.174604688512055 ], [ -106.533438488873657, 35.174598000620428 ], [ -106.533439421502749, 35.174381157881577 ], [ -106.533455682831772, 35.169063949841956 ], [ -106.533453482580484, 35.168429907510827 ], [ -106.533448391576826, 35.166962766250585 ], [ -106.533432995694653, 35.165511890986579 ], [ -106.533453608859233, 35.164369315649076 ], [ -106.533446220342896, 35.163675243277908 ], [ -106.533508989446617, 35.163625561065537 ], [ -106.533451070036094, 35.161340802805384 ], [ -106.533479921525227, 35.159660685862036 ], [ -106.528490829040891, 35.159716023651043 ], [ -106.528119075878649, 35.159716877601305 ], [ -106.525908848628788, 35.159725356635633 ], [ -106.524672148245884, 35.159719962612336 ], [ -106.524531605309832, 35.159719326524481 ], [ -106.523564083854254, 35.159681263622559 ], [ -106.523490556334551, 35.159678371014294 ], [ -106.523173442994448, 35.159681111985364 ], [ -106.522995141366366, 35.159682159312332 ], [ -106.520131134444838, 35.159690521432672 ], [ -106.519978623818815, 35.159690938902045 ], [ -106.519834843468345, 35.159690501996359 ], [ -106.515819670983177, 35.159678224609841 ], [ -106.514702186658567, 35.15969007785111 ], [ -106.51404290857468, 35.159686910963707 ], [ -106.511845283695706, 35.159676328828496 ], [ -106.510157667445739, 35.159668175278469 ], [ -106.509143561756034, 35.159654914049732 ], [ -106.508474264322032, 35.159660018979125 ], [ -106.502514903441636, 35.159632387911671 ], [ -106.498144147556218, 35.159649092683708 ], [ -106.496774912883538, 35.159602688343824 ], [ -106.497223913060608, 35.158322687865478 ], [ -106.497245591459802, 35.157430869671288 ], [ -106.497241953471075, 35.15740461883216 ], [ -106.497245968092713, 35.157217236669354 ], [ -106.496500757974289, 35.157201200311931 ], [ -106.495667521476861, 35.157394312351364 ], [ -106.494865731970194, 35.157506124776127 ], [ -106.494251161715724, 35.157754585451599 ], [ -106.493759470663562, 35.158094912959356 ], [ -106.491888005895703, 35.158732736435809 ], [ -106.491709322667376, 35.158766426762519 ], [ -106.491330951481828, 35.158766743821531 ], [ -106.490896516965122, 35.158691414443624 ], [ -106.490220050544934, 35.158388849885206 ], [ -106.490186568731886, 35.158375422497762 ], [ -106.490096211693086, 35.158310031201722 ], [ -106.489589583472863, 35.158256401890469 ], [ -106.48908356798016, 35.158257401476774 ], [ -106.488311567419629, 35.15854335615392 ], [ -106.487593929903483, 35.159124542342418 ], [ -106.48718159634538, 35.159399055820806 ], [ -106.486702568626313, 35.159498530757091 ], [ -106.485836472195999, 35.159500219750278 ], [ -106.484636960184034, 35.159327380352963 ], [ -106.483979003463602, 35.159176831008097 ], [ -106.483934380395027, 35.159171239859951 ], [ -106.483875532617532, 35.159164104931953 ], [ -106.483837238617156, 35.159160779488346 ], [ -106.483766999294815, 35.159160949287497 ], [ -106.483739476545026, 35.159161015910058 ], [ -106.483072501518762, 35.159162626245134 ], [ -106.482834565203774, 35.159161789256927 ], [ -106.480565710606314, 35.159686569025141 ], [ -106.480305444719107, 35.159804818326194 ], [ -106.480215494345757, 35.159845686027438 ], [ -106.480191286910951, 35.159851018110999 ], [ -106.480161646840358, 35.159864064280441 ], [ -106.480138581921807, 35.159874796557702 ], [ -106.48011593893753, 35.159885682176714 ], [ -106.48000781005878, 35.159953966617586 ], [ -106.479970646401853, 35.159977534294725 ], [ -106.479927075191597, 35.1600052598776 ], [ -106.479564787084868, 35.16023462426589 ], [ -106.479526187995035, 35.160259184315215 ], [ -106.479498294991643, 35.160276852338932 ], [ -106.479477589917096, 35.160287594443027 ], [ -106.479450825810687, 35.160306612488682 ], [ -106.479415283387524, 35.16033184189768 ], [ -106.479385731625655, 35.160350644352825 ], [ -106.479357702506618, 35.160368333335029 ], [ -106.479328369957742, 35.160383900967815 ], [ -106.47897947407985, 35.160513561603423 ], [ -106.478957908648141, 35.16052168924422 ], [ -106.478923033774578, 35.160527864254625 ], [ -106.478880585503106, 35.160535446298802 ], [ -106.475244354760349, 35.161172783956374 ], [ -106.474547458190884, 35.161294912108218 ], [ -106.474512716365325, 35.161300613244507 ], [ -106.4736733532134, 35.161337515137333 ], [ -106.473386908170852, 35.161349689430935 ], [ -106.472922224980579, 35.161215274137597 ], [ -106.471979907887487, 35.160942690259169 ], [ -106.471554907249683, 35.161003690304163 ], [ -106.470908907756296, 35.161171689990766 ], [ -106.468673906658566, 35.162102690407835 ], [ -106.460341674668825, 35.164158793262025 ], [ -106.460288862519249, 35.164171564700574 ], [ -106.460230587964844, 35.164185169517893 ], [ -106.458942929358003, 35.164070423543471 ], [ -106.455760642094987, 35.165257124808612 ], [ -106.455738280206148, 35.165250309083653 ], [ -106.453908320167884, 35.16469253331109 ], [ -106.453870548444598, 35.164706384515817 ], [ -106.453566624555336, 35.164815057535598 ], [ -106.453018332163623, 35.165010553182405 ], [ -106.45174585425643, 35.165464247172665 ], [ -106.450446147245415, 35.165927630046113 ], [ -106.44965349293085, 35.166209686558311 ], [ -106.449555204054732, 35.166244055716064 ], [ -106.44792432775084, 35.166118561586899 ], [ -106.446862635434698, 35.16653184538405 ], [ -106.445294747366063, 35.167824332186257 ], [ -106.445264692559434, 35.167848828776854 ], [ -106.443010689345329, 35.168282296784525 ], [ -106.441756366645805, 35.168318882652855 ], [ -106.44091363545968, 35.1685505640163 ], [ -106.43978286332478, 35.169531109263666 ], [ -106.439754511068088, 35.169555577477695 ], [ -106.438511737647275, 35.171033191472993 ], [ -106.438476462565973, 35.171075215011577 ], [ -106.435254741318801, 35.173019751495929 ], [ -106.435223448326468, 35.17304021170024 ], [ -106.433624470937943, 35.173122096835691 ], [ -106.432720772030635, 35.173570669980165 ], [ -106.432680131434864, 35.173590842543327 ], [ -106.432656396978189, 35.173610101677198 ], [ -106.432601595975513, 35.173655262924285 ], [ -106.432581310892189, 35.173672030654657 ], [ -106.432363136422026, 35.173851887744433 ], [ -106.431650339082879, 35.174439031319153 ], [ -106.431620283384234, 35.174463099026823 ], [ -106.430430514845838, 35.174569995581706 ], [ -106.429841845984441, 35.174799612055672 ], [ -106.428027829618657, 35.176731329509572 ], [ -106.427588691149055, 35.176998784990495 ], [ -106.42755647064854, 35.177018408925385 ], [ -106.421384630431348, 35.178369509116919 ], [ -106.420006667162994, 35.178835246619627 ], [ -106.419307503263454, 35.179261322471049 ], [ -106.419288742353572, 35.179278072313778 ], [ -106.419241506346808, 35.179352030728296 ], [ -106.419215672672522, 35.179398549868459 ], [ -106.419190169313779, 35.179444473587225 ], [ -106.418432048233171, 35.180827005454709 ], [ -106.418409150622182, 35.180868704808205 ], [ -106.418262079417204, 35.181136531236589 ], [ -106.418193896822174, 35.181260695476681 ], [ -106.416063518409786, 35.188473366323436 ], [ -106.416054464636971, 35.188504017029118 ], [ -106.41603645933499, 35.188573486285364 ], [ -106.41588439731845, 35.187582697097419 ], [ -106.415475396144799, 35.179554695943096 ], [ -106.414567465163131, 35.171951285805548 ] ] ] } },
{ "type": "Feature", "properties": { "NAME": "HOOVER", "ID": 418 }, "geometry": { "type": "Polygon", "coordinates": [ [ [ -106.48033737622363, 35.126836694517493 ], [ -106.48033306409755, 35.126640667464507 ], [ -106.480331384305103, 35.126573269960716 ], [ -106.480330204323991, 35.126525950457847 ], [ -106.48032312673719, 35.126242059570302 ], [ -106.480320729612615, 35.126145904386341 ], [ -106.480304009142088, 35.125475148196337 ], [ -106.480293191386608, 35.125041192331018 ], [ -106.48028683580722, 35.124786452078155 ], [ -106.480243314626804, 35.12107630307888 ], [ -106.480243300299563, 35.121075110483432 ], [ -106.480229914347973, 35.119933876161483 ], [ -106.480229905506931, 35.119932683555412 ], [ -106.480206596658903, 35.119455297343514 ], [ -106.480105320767052, 35.116979799471309 ], [ -106.480069835778849, 35.116108618820746 ], [ -106.480068463650738, 35.11607400288738 ], [ -106.48005980044698, 35.115752589673328 ], [ -106.480055497400599, 35.115725171100472 ], [ -106.480054831620848, 35.115489873923231 ], [ -106.480054828268564, 35.115488681305841 ], [ -106.480046048633895, 35.111933636075115 ], [ -106.480046045282194, 35.111932443457043 ], [ -106.480045178330315, 35.111349538381738 ], [ -106.480045176075706, 35.111348345761442 ], [ -106.480045075908592, 35.111280693579133 ], [ -106.480045073653997, 35.11127950095883 ], [ -106.480040433611066, 35.108159702228697 ], [ -106.480040429162912, 35.108158509611954 ], [ -106.492999430569583, 35.108045305720424 ], [ -106.493110407458403, 35.108043680564869 ], [ -106.493633983774458, 35.108262191457875 ], [ -106.494110396712045, 35.1085119520341 ], [ -106.495044394238477, 35.10903620724163 ], [ -106.49544318193638, 35.109195785537544 ], [ -106.495899362220158, 35.1092426427115 ], [ -106.496388040304666, 35.10926427883534 ], [ -106.496782850744495, 35.109275762617273 ], [ -106.497486437886096, 35.109298463878659 ], [ -106.497602102315028, 35.109298870439368 ], [ -106.498729769085344, 35.109302827171042 ], [ -106.498887829815914, 35.1092929563724 ], [ -106.499199404964614, 35.109273498446051 ], [ -106.499585100513016, 35.109202113906413 ], [ -106.500124396337981, 35.108998425759644 ], [ -106.500370456275135, 35.108915067855087 ], [ -106.500953896981486, 35.108797013173756 ], [ -106.50150655485271, 35.108811923706952 ], [ -106.501773765715114, 35.108855423146736 ], [ -106.50224762777178, 35.108950302393104 ], [ -106.502884093903987, 35.109046510201942 ], [ -106.503404372986765, 35.109022187916892 ], [ -106.503636154001398, 35.109011269782229 ], [ -106.504495145380048, 35.108970800804357 ], [ -106.504993075963739, 35.108919856296204 ], [ -106.506519286604814, 35.108869936693118 ], [ -106.507740672316075, 35.108796124057399 ], [ -106.50946136509873, 35.108736713110261 ], [ -106.509906801781227, 35.108725687018946 ], [ -106.510119935964795, 35.108705595320821 ], [ -106.510997541972912, 35.108771036048921 ], [ -106.512056718693472, 35.108792461202874 ], [ -106.513092411638837, 35.108874679777024 ], [ -106.513457351569343, 35.108875697371992 ], [ -106.514244373156018, 35.108860196746761 ], [ -106.515569032261936, 35.108865202553005 ], [ -106.517179764409775, 35.108895155137262 ], [ -106.51721167631726, 35.108895606745293 ], [ -106.519858568677819, 35.108933025260768 ], [ -106.522133892292189, 35.108940606340965 ], [ -106.524507116566127, 35.108947291156973 ], [ -106.5249792101135, 35.108954849085528 ], [ -106.525543675585411, 35.108963882783463 ], [ -106.526847868792018, 35.108988635728061 ], [ -106.527858341796588, 35.108982802896968 ], [ -106.527916006237845, 35.108982437242126 ], [ -106.52825504795112, 35.108980286622533 ], [ -106.528457253576249, 35.108979003824984 ], [ -106.528516271677816, 35.108978631169556 ], [ -106.530158121365943, 35.108954529318112 ], [ -106.531515295185798, 35.108935005972491 ], [ -106.532267117456811, 35.108939826710504 ], [ -106.533119089173084, 35.108945416767988 ], [ -106.533115012983657, 35.109090446760383 ], [ -106.53310759909418, 35.109198817912947 ], [ -106.533105292187173, 35.109288928107993 ], [ -106.533099620533761, 35.109635277159853 ], [ -106.533086875772426, 35.110413493065941 ], [ -106.5330839166717, 35.110594179211418 ], [ -106.533087765437088, 35.110670755011313 ], [ -106.533090884980268, 35.110732821815823 ], [ -106.533164211129545, 35.112191728616295 ], [ -106.533270416996757, 35.114304679546493 ], [ -106.533284908239068, 35.114721207088763 ], [ -106.533269220542806, 35.11519109451055 ], [ -106.533236466769367, 35.116172094089869 ], [ -106.533319263909789, 35.123404669552372 ], [ -106.533345202618094, 35.130640449492816 ], [ -106.526207879852976, 35.130647357320797 ], [ -106.524519420400665, 35.130688967881923 ], [ -106.522309118062097, 35.130683947118641 ], [ -106.518661471594626, 35.130681089122646 ], [ -106.515687936940836, 35.130655664184623 ], [ -106.515160129515891, 35.130678621665169 ], [ -106.515089077432947, 35.130679431545786 ], [ -106.513902647815982, 35.130663179489815 ], [ -106.512550535463902, 35.130665472438025 ], [ -106.50795810932226, 35.13067314875186 ], [ -106.504802081239802, 35.130651566188867 ], [ -106.503198982720619, 35.130651242510879 ], [ -106.50042017741977, 35.13065143049279 ], [ -106.498022883785495, 35.130649449502172 ], [ -106.495850497277573, 35.130687945966919 ], [ -106.495357361449649, 35.130761789769601 ], [ -106.494428438740982, 35.130794785738047 ], [ -106.494039463471836, 35.130794404001954 ], [ -106.492194315534292, 35.13076815180024 ], [ -106.491071909514588, 35.130791684511614 ], [ -106.489890589520854, 35.130263364623069 ], [ -106.489355386822396, 35.129974691680701 ], [ -106.488813159056079, 35.129662813305266 ], [ -106.488157908354381, 35.129402684310563 ], [ -106.488075513198368, 35.129507826562282 ], [ -106.487668908553957, 35.130026684408492 ], [ -106.48706936506936, 35.129508000363913 ], [ -106.486953855625785, 35.129408067732662 ], [ -106.486400907830685, 35.128929684168376 ], [ -106.486275895711884, 35.128843865416691 ], [ -106.485647966238616, 35.128412797489965 ], [ -106.485408907789989, 35.128248683940384 ], [ -106.485052665733349, 35.128182984289353 ], [ -106.484432907238258, 35.128068684263795 ], [ -106.483362527580809, 35.128052077194766 ], [ -106.482370906951431, 35.128036684415505 ], [ -106.482370336241047, 35.127952037348095 ], [ -106.482362907255748, 35.126849683653916 ], [ -106.48033737622363, 35.126836694517493 ] ] ] } },
{ "type": "Feature", "properties": { "NAME": "JACKSON", "ID": 420 }, "geometry": { "type": "Polygon", "coordinates": [ [ [ -106.480040429162912, 35.108158509611954 ], [ -106.480003964489299, 35.104307680976063 ], [ -106.480030543691512, 35.102968595419739 ], [ -106.48007590752907, 35.100685872826524 ], [ -106.480075888793706, 35.100685450980514 ], [ -106.480075904178321, 35.100684680206207 ], [ -106.480074834938733, 35.100660553856315 ], [ -106.480023952777032, 35.099512893611099 ], [ -106.480017198313789, 35.099360608960673 ], [ -106.479989110567047, 35.098727387229168 ], [ -106.479988038000172, 35.098703228424519 ], [ -106.479983086337413, 35.098586674071512 ], [ -106.479961464622733, 35.098077122547878 ], [ -106.479724269577659, 35.092204051733596 ], [ -106.47972426738626, 35.092203661406614 ], [ -106.479973594215039, 35.092230283005428 ], [ -106.480009770423933, 35.092234691928965 ], [ -106.482095904697616, 35.092488678835494 ], [ -106.482624904331843, 35.092719678641828 ], [ -106.483763923334806, 35.093453065608479 ], [ -106.484516641440209, 35.093939062512135 ], [ -106.485120181474713, 35.094328305792175 ], [ -106.485459404624493, 35.094545679363385 ], [ -106.485559313308727, 35.094598659561044 ], [ -106.4862099053382, 35.094969679440339 ], [ -106.486632463875523, 35.095127713885731 ], [ -106.486671294545218, 35.095143387453874 ], [ -106.486710183285567, 35.095095275604343 ], [ -106.486824731178288, 35.094953553834635 ], [ -106.488134114886762, 35.093333178596417 ], [ -106.48817903229363, 35.093278365612619 ], [ -106.488223894690037, 35.093234828146706 ], [ -106.489552331263909, 35.091918264876305 ], [ -106.489974381144506, 35.091264156788903 ], [ -106.490261405798677, 35.090526678455284 ], [ -106.49073440543809, 35.08802667772342 ], [ -106.490910100939175, 35.087580860733347 ], [ -106.491305356797724, 35.087177572049477 ], [ -106.491994253086247, 35.086706414306612 ], [ -106.492265321919689, 35.086445844771433 ], [ -106.492641008448359, 35.086269946639185 ], [ -106.492951669108109, 35.086162673130012 ], [ -106.493470969109524, 35.086179660789703 ], [ -106.494334225286849, 35.086183424325846 ], [ -106.495143225003687, 35.086193421324275 ], [ -106.496917797399377, 35.0862094745899 ], [ -106.497290901058534, 35.086257036976725 ], [ -106.498337083718411, 35.086296550918874 ], [ -106.500092106459888, 35.086337931431594 ], [ -106.501779125581194, 35.08638591824856 ], [ -106.504194361625039, 35.086440651625118 ], [ -106.506205833302658, 35.086516076776519 ], [ -106.506367074363595, 35.086521226785187 ], [ -106.506478307783695, 35.086524779502419 ], [ -106.507255338444537, 35.08654959317635 ], [ -106.508702609828092, 35.086602141429928 ], [ -106.509733409340313, 35.086608592886634 ], [ -106.513816880042313, 35.086756392675497 ], [ -106.51501836816702, 35.086772958569853 ], [ -106.515047980928472, 35.088292988149625 ], [ -106.515318511664901, 35.093586549312725 ], [ -106.516062439093403, 35.093576811542974 ], [ -106.516621768167212, 35.093563368217808 ], [ -106.517024912471456, 35.093553677470581 ], [ -106.518460411909132, 35.093663677498007 ], [ -106.519273485667554, 35.094006623987397 ], [ -106.520009412515265, 35.09438367753598 ], [ -106.52018016530532, 35.094421548675847 ], [ -106.520769676426028, 35.094567269309621 ], [ -106.521380755469579, 35.094681358985397 ], [ -106.521460413291337, 35.094697677323275 ], [ -106.526490254815698, 35.094764808350824 ], [ -106.529855061645776, 35.094809143567765 ], [ -106.530213874044065, 35.094813496458457 ], [ -106.531939950946082, 35.094509876528861 ], [ -106.532408207844824, 35.094519445644508 ], [ -106.532714844064145, 35.094522776813356 ], [ -106.532853037025163, 35.099820962248863 ], [ -106.532939973563884, 35.101709764660399 ], [ -106.533003631264435, 35.104327588260347 ], [ -106.533084552615335, 35.107958822824756 ], [ -106.533098613315801, 35.108433598374994 ], [ -106.53310483982122, 35.108643281829451 ], [ -106.533119089173084, 35.108945416767988 ], [ -106.532267117456811, 35.108939826710504 ], [ -106.531515295185798, 35.108935005972491 ], [ -106.530158121365943, 35.108954529318112 ], [ -106.528516271677816, 35.108978631169556 ], [ -106.528457253576249, 35.108979003824984 ], [ -106.52825504795112, 35.108980286622533 ], [ -106.527916006237845, 35.108982437242126 ], [ -106.527858341796588, 35.108982802896968 ], [ -106.526847868792018, 35.108988635728061 ], [ -106.525543675585411, 35.108963882783463 ], [ -106.5249792101135, 35.108954849085528 ], [ -106.524507116566127, 35.108947291156973 ], [ -106.522133892292189, 35.108940606340965 ], [ -106.519858568677819, 35.108933025260768 ], [ -106.51721167631726, 35.108895606745293 ], [ -106.517179764409775, 35.108895155137262 ], [ -106.515569032261936, 35.108865202553005 ], [ -106.514244373156018, 35.108860196746761 ], [ -106.513457351569343, 35.108875697371992 ], [ -106.513092411638837, 35.108874679777024 ], [ -106.512056718693472, 35.108792461202874 ], [ -106.510997541972912, 35.108771036048921 ], [ -106.510119935964795, 35.108705595320821 ], [ -106.509906801781227, 35.108725687018946 ], [ -106.50946136509873, 35.108736713110261 ], [ -106.507740672316075, 35.108796124057399 ], [ -106.506519286604814, 35.108869936693118 ], [ -106.504993075963739, 35.108919856296204 ], [ -106.504495145380048, 35.108970800804357 ], [ -106.503636154001398, 35.109011269782229 ], [ -106.503404372986765, 35.109022187916892 ], [ -106.502884093903987, 35.109046510201942 ], [ -106.50224762777178, 35.108950302393104 ], [ -106.501773765715114, 35.108855423146736 ], [ -106.50150655485271, 35.108811923706952 ], [ -106.500953896981486, 35.108797013173756 ], [ -106.500370456275135, 35.108915067855087 ], [ -106.500124396337981, 35.108998425759644 ], [ -106.499585100513016, 35.109202113906413 ], [ -106.499199404964614, 35.109273498446051 ], [ -106.498887829815914, 35.1092929563724 ], [ -106.498729769085344, 35.109302827171042 ], [ -106.497602102315028, 35.109298870439368 ], [ -106.497486437886096, 35.109298463878659 ], [ -106.496782850744495, 35.109275762617273 ], [ -106.496388040304666, 35.10926427883534 ], [ -106.495899362220158, 35.1092426427115 ], [ -106.49544318193638, 35.109195785537544 ], [ -106.495044394238477, 35.10903620724163 ], [ -106.494110396712045, 35.1085119520341 ], [ -106.493633983774458, 35.108262191457875 ], [ -106.493110407458403, 35.108043680564869 ], [ -106.492999430569583, 35.108045305720424 ], [ -106.480040429162912, 35.108158509611954 ] ] ] } },
{ "type": "Feature", "properties": { "NAME": "KENNEDY", "ID": 427 }, "geometry": { "type": "Polygon", "coordinates": [ [ [ -106.497290901058534, 35.086257036976725 ], [ -106.497290706526243, 35.086231099721132 ], [ -106.497285725213246, 35.085511572334937 ], [ -106.497260814527067, 35.082709332540752 ], [ -106.497255411058205, 35.081240152513438 ], [ -106.497171902272683, 35.079092472395182 ], [ -106.497215211292385, 35.075710367322444 ], [ -106.497183626756268, 35.075524352402553 ], [ -106.497125188040414, 35.075311075256828 ], [ -106.49666638138001, 35.074268378466748 ], [ -106.496364429276355, 35.073580087527993 ], [ -106.496275835305894, 35.073364199219476 ], [ -106.496083797257256, 35.072519916434985 ], [ -106.496076062075559, 35.071597794255126 ], [ -106.496193990918727, 35.070936124673082 ], [ -106.496242905342839, 35.070661674929603 ], [ -106.496261206877136, 35.070629969469145 ], [ -106.496941729562309, 35.069450977413567 ], [ -106.497168905554318, 35.069082674602683 ], [ -106.497406229136473, 35.068629621462044 ], [ -106.49755963179004, 35.068239578163315 ], [ -106.497580905737493, 35.068193674730445 ], [ -106.498652039101245, 35.068295412140792 ], [ -106.498695009378523, 35.06829988002638 ], [ -106.498861324355374, 35.068319722612181 ], [ -106.499489890186112, 35.068376775674935 ], [ -106.49984551162359, 35.068415844060958 ], [ -106.501181937386107, 35.068562651508323 ], [ -106.501328668827327, 35.068577909472495 ], [ -106.501471576783075, 35.068592743386475 ], [ -106.5015099004506, 35.068597521896749 ], [ -106.502032133275094, 35.068654039412486 ], [ -106.502138795721407, 35.068665582695715 ], [ -106.502264382734722, 35.068679173408484 ], [ -106.502451911650368, 35.06869946725417 ], [ -106.502849906628384, 35.068739378845308 ], [ -106.503453739590256, 35.068792000675863 ], [ -106.50438243121701, 35.068903834357442 ], [ -106.504484984000015, 35.068916183789888 ], [ -106.504509820388265, 35.068919174106959 ], [ -106.504903659971589, 35.068966597739106 ], [ -106.50494783922835, 35.068971416943576 ], [ -106.505100440274902, 35.068988064281271 ], [ -106.505483509980479, 35.069029852015092 ], [ -106.506415184889747, 35.069131480034137 ], [ -106.507550881266127, 35.06926465165602 ], [ -106.508433421470173, 35.069368129932464 ], [ -106.508874896033944, 35.069401714419648 ], [ -106.508964638522556, 35.06940974416549 ], [ -106.509007960031823, 35.069413620793576 ], [ -106.509079547969307, 35.069418745952603 ], [ -106.50932938927842, 35.069434950347969 ], [ -106.509628058036753, 35.069458978966203 ], [ -106.509820932814677, 35.069491826236515 ], [ -106.5099756684982, 35.069518177898836 ], [ -106.510733914676251, 35.069599305257732 ], [ -106.512229002291235, 35.069762733268355 ], [ -106.512399455039514, 35.069781233095583 ], [ -106.514279532882085, 35.069982526335352 ], [ -106.515190885348829, 35.070080090814074 ], [ -106.5157162005912, 35.070136325363059 ], [ -106.518219651171918, 35.070375373983047 ], [ -106.518513078045416, 35.07040338846798 ], [ -106.521654526162635, 35.07075214351164 ], [ -106.523586130016454, 35.070979520293854 ], [ -106.523721816429031, 35.070994848171942 ], [ -106.523748150799307, 35.07099782665756 ], [ -106.524844563738995, 35.071126942189437 ], [ -106.53076907834091, 35.071751027797596 ], [ -106.53241747477027, 35.071929530792822 ], [ -106.532414583001938, 35.072065667794455 ], [ -106.532399214155333, 35.072246690456993 ], [ -106.532394436878121, 35.072375974440853 ], [ -106.532387025750936, 35.072576551046659 ], [ -106.532385388876165, 35.072620857069964 ], [ -106.532383348460598, 35.072750145490893 ], [ -106.532382640640705, 35.072770351543326 ], [ -106.532375872719925, 35.072963494107391 ], [ -106.532363121516127, 35.073327385145745 ], [ -106.532361851879656, 35.073558849437347 ], [ -106.532360531777087, 35.073799538467767 ], [ -106.532358411132407, 35.074186318892011 ], [ -106.532357545022265, 35.074344252910628 ], [ -106.532357423793712, 35.074366358768906 ], [ -106.532357059262935, 35.074432749363417 ], [ -106.532356146707528, 35.074599165310545 ], [ -106.532355845819552, 35.074654109029296 ], [ -106.532340927735476, 35.075697388523842 ], [ -106.532349601450292, 35.077543965708948 ], [ -106.532343650439429, 35.080057040608061 ], [ -106.532410193447021, 35.082206853815016 ], [ -106.532405980814801, 35.082311412893269 ], [ -106.532372015583846, 35.083154387377547 ], [ -106.532439787621456, 35.084307488527728 ], [ -106.532555240283841, 35.086047470322463 ], [ -106.532565826651464, 35.087252054671154 ], [ -106.532601908439446, 35.087461342991944 ], [ -106.532600145779256, 35.08896133437446 ], [ -106.532599694953902, 35.089345383036509 ], [ -106.532599587970978, 35.089436774768622 ], [ -106.532601420991867, 35.089526224747765 ], [ -106.532604253605214, 35.089664452018724 ], [ -106.532605290177528, 35.089746840937785 ], [ -106.532611675390285, 35.090056498040482 ], [ -106.532615590982687, 35.090246358207438 ], [ -106.532622867721201, 35.091727399052346 ], [ -106.532646014752729, 35.092379611834581 ], [ -106.532666871157971, 35.092709900949679 ], [ -106.532668177505457, 35.092730585422707 ], [ -106.532672304271472, 35.092795941292501 ], [ -106.532700905865383, 35.093159769928761 ], [ -106.532703639155258, 35.093360644037688 ], [ -106.532705692304205, 35.09351158266476 ], [ -106.532714844064145, 35.094522776813356 ], [ -106.532408207844824, 35.094519445644508 ], [ -106.531939950946082, 35.094509876528861 ], [ -106.530213874044065, 35.094813496458457 ], [ -106.529855061645776, 35.094809143567765 ], [ -106.526490254815698, 35.094764808350824 ], [ -106.521460413291337, 35.094697677323275 ], [ -106.521380755469579, 35.094681358985397 ], [ -106.520769676426028, 35.094567269309621 ], [ -106.52018016530532, 35.094421548675847 ], [ -106.520009412515265, 35.09438367753598 ], [ -106.519273485667554, 35.094006623987397 ], [ -106.518460411909132, 35.093663677498007 ], [ -106.517024912471456, 35.093553677470581 ], [ -106.516621768167212, 35.093563368217808 ], [ -106.516062439093403, 35.093576811542974 ], [ -106.515318511664901, 35.093586549312725 ], [ -106.515047980928472, 35.088292988149625 ], [ -106.51501836816702, 35.086772958569853 ], [ -106.513816880042313, 35.086756392675497 ], [ -106.509733409340313, 35.086608592886634 ], [ -106.508702609828092, 35.086602141429928 ], [ -106.507255338444537, 35.08654959317635 ], [ -106.506478307783695, 35.086524779502419 ], [ -106.506367074363595, 35.086521226785187 ], [ -106.506205833302658, 35.086516076776519 ], [ -106.504194361625039, 35.086440651625118 ], [ -106.501779125581194, 35.08638591824856 ], [ -106.500092106459888, 35.086337931431594 ], [ -106.498337083718411, 35.086296550918874 ], [ -106.497290901058534, 35.086257036976725 ] ] ] } },
{ "type": "Feature", "properties": { "NAME": "CLEVELAND", "ID": 407 }, "geometry": { "type": "Polygon", "coordinates": [ [ [ -106.559899408014871, 35.158928986767862 ], [ -106.5598967103153, 35.158076419877617 ], [ -106.559899248941932, 35.157842206060138 ], [ -106.560778823764167, 35.157844959709131 ], [ -106.561305551127077, 35.15783052749255 ], [ -106.561930859186972, 35.158001281926936 ], [ -106.562074205126407, 35.15765679309952 ], [ -106.562149134101389, 35.15747672379127 ], [ -106.562259668145586, 35.157211084879691 ], [ -106.562307083753439, 35.157215330172157 ], [ -106.562360902915074, 35.157229317087776 ], [ -106.562569273510107, 35.156815246849341 ], [ -106.562693733234028, 35.156452960031181 ], [ -106.563092931238856, 35.155632436324282 ], [ -106.564399494432564, 35.15272755825368 ], [ -106.564998188253568, 35.151390291281302 ], [ -106.565779511481622, 35.149597901511036 ], [ -106.565872574092424, 35.149281843356235 ], [ -106.56588101962096, 35.149253160738169 ], [ -106.566011164866296, 35.148635631341776 ], [ -106.566037490802699, 35.147764590881955 ], [ -106.566035217325606, 35.147176526058892 ], [ -106.566034171053317, 35.146905888198788 ], [ -106.566091257502364, 35.14641567201005 ], [ -106.566368419962743, 35.145743839196051 ], [ -106.566389990385773, 35.145302132242456 ], [ -106.566834385508429, 35.144274518089162 ], [ -106.567490468206771, 35.142761118234922 ], [ -106.568461322344703, 35.139167137800321 ], [ -106.568659503903433, 35.138402100306884 ], [ -106.566940932967128, 35.138417362260796 ], [ -106.566912409504042, 35.138411371909825 ], [ -106.566780236898637, 35.138383613921299 ], [ -106.566721229454629, 35.138370335667616 ], [ -106.566197810859805, 35.138234052204503 ], [ -106.565636631633055, 35.138088304064382 ], [ -106.565205088151771, 35.138033123689503 ], [ -106.565017319692046, 35.138009540542939 ], [ -106.564954073312592, 35.138001597301844 ], [ -106.564456793964638, 35.138049632373466 ], [ -106.56441285682078, 35.138053876810702 ], [ -106.564352007993008, 35.138078697395137 ], [ -106.563040934871779, 35.138343846565895 ], [ -106.563010360658083, 35.13834787929234 ], [ -106.562345690211004, 35.138435549150991 ], [ -106.562268674887576, 35.138444575510654 ], [ -106.559891366091335, 35.138477602392541 ], [ -106.559095876199734, 35.138426906420378 ], [ -106.556764911724173, 35.137660843860381 ], [ -106.55619304864841, 35.137519909828178 ], [ -106.555510709536421, 35.137438635493638 ], [ -106.555441204006144, 35.13742834847762 ], [ -106.555409553218055, 35.137426795721431 ], [ -106.555200233785015, 35.137429539713196 ], [ -106.552740026914265, 35.137461988642045 ], [ -106.551070476913566, 35.137483981194499 ], [ -106.551039880037251, 35.136476125307738 ], [ -106.551002817564481, 35.13237248300041 ], [ -106.551002675872581, 35.130699339998877 ], [ -106.551007365591659, 35.130076109022035 ], [ -106.55101608524086, 35.127502319547958 ], [ -106.551020430329956, 35.12676458052961 ], [ -106.550989398028904, 35.125168304591767 ], [ -106.550983779236887, 35.123567276672148 ], [ -106.550983503919156, 35.121721016850223 ], [ -106.550946893205719, 35.120009717372753 ], [ -106.550940516767781, 35.119235581806841 ], [ -106.550925112651214, 35.118442446115786 ], [ -106.550922600693795, 35.116453650863974 ], [ -106.550922541776146, 35.116406596108071 ], [ -106.55217119249356, 35.116426841188691 ], [ -106.553111653649864, 35.116463917317418 ], [ -106.553267620387828, 35.116430340262198 ], [ -106.55402307520805, 35.116435631590363 ], [ -106.554368153363981, 35.116427564836151 ], [ -106.554959131674366, 35.116421572266034 ], [ -106.555471419021174, 35.116412721019728 ], [ -106.556574414775241, 35.116422005124591 ], [ -106.557676230949284, 35.116419213546891 ], [ -106.558784197213456, 35.116416396288201 ], [ -106.559887733605166, 35.116427276887478 ], [ -106.559902779716666, 35.114651934977267 ], [ -106.559871342102824, 35.109191120117401 ], [ -106.561143888576837, 35.109187859858892 ], [ -106.562231718525183, 35.10914954217241 ], [ -106.562568338499446, 35.109131274893265 ], [ -106.563339647815283, 35.109138209070139 ], [ -106.563564882688226, 35.109120136719191 ], [ -106.564432655448343, 35.109152869092618 ], [ -106.564934312952744, 35.109143611602427 ], [ -106.565535572557224, 35.10913251349168 ], [ -106.566640171063796, 35.109125847351798 ], [ -106.568849730675652, 35.109123820594576 ], [ -106.57098013478435, 35.109104877935557 ], [ -106.572056788180447, 35.109102022529612 ], [ -106.573139227331765, 35.109075070650782 ], [ -106.574233421873259, 35.10909207306279 ], [ -106.575330176979236, 35.109093282404764 ], [ -106.576359179193631, 35.10909908135406 ], [ -106.577583331784567, 35.109109674690131 ], [ -106.577532585756572, 35.110912067450165 ], [ -106.577528346413089, 35.111510743204988 ], [ -106.577525776876541, 35.1118733962129 ], [ -106.577519897253197, 35.112703704386789 ], [ -106.577519749212684, 35.112724556271701 ], [ -106.577561514045016, 35.113776501756021 ], [ -106.577579861108802, 35.114238623787422 ], [ -106.577605582282175, 35.114996875247307 ], [ -106.577633425588758, 35.115946649560826 ], [ -106.57764825585727, 35.116728990868857 ], [ -106.577645622027191, 35.117425385338464 ], [ -106.577636370903747, 35.117940767292282 ], [ -106.577624559549477, 35.118598784612942 ], [ -106.577616585531047, 35.119042978133656 ], [ -106.577610856844686, 35.11936209824885 ], [ -106.577778885352842, 35.119363628093041 ], [ -106.578162545234179, 35.119364079228269 ], [ -106.578470011171234, 35.119364439967605 ], [ -106.578653009576243, 35.119368582806572 ], [ -106.579189826436917, 35.119370027910684 ], [ -106.579331705718843, 35.119370409655083 ], [ -106.580060948561339, 35.11936942858717 ], [ -106.580188980777024, 35.119369496367469 ], [ -106.580377573382577, 35.119371969004391 ], [ -106.580940704225384, 35.119369705390255 ], [ -106.581164371192713, 35.119369775127119 ], [ -106.581703440446304, 35.119373650384141 ], [ -106.581697747341835, 35.119631576448029 ], [ -106.581780624846786, 35.119631831906588 ], [ -106.582038211065864, 35.119635298501862 ], [ -106.582183449959885, 35.119641558684847 ], [ -106.582339296990881, 35.119646717784555 ], [ -106.582334517975141, 35.119371729802708 ], [ -106.582567934831786, 35.119373342348254 ], [ -106.582573116485534, 35.119645705090733 ], [ -106.582867871159763, 35.119647735595045 ], [ -106.583034055485072, 35.119706011343538 ], [ -106.5831598084051, 35.119721987443299 ], [ -106.5832083106054, 35.119800667060318 ], [ -106.583289792425646, 35.119932842717752 ], [ -106.583306873104377, 35.120176177518431 ], [ -106.58371053644801, 35.120177140216128 ], [ -106.58376376181711, 35.120182450152363 ], [ -106.58384348173999, 35.120177457435936 ], [ -106.58458161648457, 35.120179213748095 ], [ -106.584585697130137, 35.12018011024518 ], [ -106.584615018201433, 35.120179292821994 ], [ -106.586398805320641, 35.120183518750885 ], [ -106.586431874101152, 35.120504235188996 ], [ -106.586419954137597, 35.12083313904521 ], [ -106.586437336809709, 35.121100643995128 ], [ -106.586443299951625, 35.122441790811045 ], [ -106.586447071028871, 35.123290054860433 ], [ -106.58646070722574, 35.123707977937862 ], [ -106.586471432075399, 35.123906434840585 ], [ -106.58647898059985, 35.124749457083368 ], [ -106.586476623145316, 35.124903233847739 ], [ -106.586472088285589, 35.125145454289544 ], [ -106.58648847598036, 35.127215281462682 ], [ -106.586501893554512, 35.128881529236061 ], [ -106.586501893725099, 35.128881570702262 ], [ -106.586446011042653, 35.130954890230385 ], [ -106.586460425521977, 35.133665759033434 ], [ -106.586375430747495, 35.134384679295437 ], [ -106.586415665651316, 35.137763794930187 ], [ -106.586415239836015, 35.138590710485225 ], [ -106.58644636048254, 35.140576890128081 ], [ -106.586458045928907, 35.141322615264109 ], [ -106.586433908116533, 35.143018094601118 ], [ -106.586444786293711, 35.145745011780249 ], [ -106.586438177017655, 35.145935101079054 ], [ -106.586449082073486, 35.146821874369358 ], [ -106.58640265828457, 35.148040523667554 ], [ -106.586452248601148, 35.150158010360144 ], [ -106.5865050122583, 35.150528123800676 ], [ -106.586586097901574, 35.15089482227188 ], [ -106.586911816607724, 35.151595850447421 ], [ -106.587082241639408, 35.151885607759986 ], [ -106.587256376093961, 35.152123910782649 ], [ -106.587382935173054, 35.152297103888003 ], [ -106.58780591568339, 35.152673938521524 ], [ -106.588577942186134, 35.1531479362677 ], [ -106.5884829440689, 35.153556067046978 ], [ -106.587744446256096, 35.156834771610292 ], [ -106.587663865818797, 35.157202719083443 ], [ -106.587633432782468, 35.157341683218178 ], [ -106.587392693780288, 35.158238371192205 ], [ -106.586838750264391, 35.160280457096164 ], [ -106.584463278514704, 35.159958796972212 ], [ -106.582318410269096, 35.159900104357092 ], [ -106.582286129233637, 35.159899416753447 ], [ -106.582234276119621, 35.159899678850131 ], [ -106.57832593067829, 35.159890683714892 ], [ -106.577592926627887, 35.159898193777281 ], [ -106.570991654020716, 35.159883654642393 ], [ -106.568794033921264, 35.15988389164189 ], [ -106.566086191355467, 35.159841101436847 ], [ -106.566048313705082, 35.159840772065081 ], [ -106.565008867687297, 35.159821309892877 ], [ -106.563751700859399, 35.159815646857773 ], [ -106.563616756687992, 35.159734317180494 ], [ -106.562908609085653, 35.159488136219117 ], [ -106.562812128513201, 35.159445771331285 ], [ -106.562237491286268, 35.159193444442465 ], [ -106.561816835677092, 35.158976807078204 ], [ -106.561345291055289, 35.158924559535109 ], [ -106.559899408014871, 35.158928986767862 ] ] ] } },
{ "type": "Feature", "properties": { "NAME": "MCKINLEY", "ID": 440 }, "geometry": { "type": "MultiPolygon", "coordinates": [ [ [ [ -106.5599287158133, 35.174222491390225 ], [ -106.559930535189878, 35.174041453474452 ], [ -106.559942649149519, 35.172833739764705 ], [ -106.55994385823476, 35.172603852339201 ], [ -106.559951912919416, 35.171072624164921 ], [ -106.559953382879286, 35.170793454070754 ], [ -106.559954452560632, 35.170751034795252 ], [ -106.559971169777214, 35.170088776011369 ], [ -106.559969862970178, 35.169856087822915 ], [ -106.559966736922675, 35.16929935047397 ], [ -106.559966448705467, 35.169033049305632 ], [ -106.559966028370411, 35.16898534866354 ], [ -106.559956071797927, 35.168552675543594 ], [ -106.559945450378663, 35.168036466353307 ], [ -106.559940234413133, 35.167782918750383 ], [ -106.559945691817646, 35.167029616428778 ], [ -106.559956074088092, 35.166353655267535 ], [ -106.559957321495247, 35.166272449053572 ], [ -106.559956517111104, 35.166204531774589 ], [ -106.559954960950151, 35.166073013196204 ], [ -106.559953307905985, 35.165933317859192 ], [ -106.559948178932629, 35.165499835291101 ], [ -106.559939062558655, 35.164729434408905 ], [ -106.559940392774152, 35.163027699611895 ], [ -106.559938107860475, 35.162425391433388 ], [ -106.55992584739036, 35.160921734688657 ], [ -106.559923551291988, 35.160284569238193 ], [ -106.559923554801713, 35.160207647991157 ], [ -106.559923557101897, 35.160138510727457 ], [ -106.559923557622113, 35.160110576735306 ], [ -106.559923560324464, 35.160046465027776 ], [ -106.559923564293314, 35.159954326475912 ], [ -106.559923367724622, 35.15974883347031 ], [ -106.559908179314505, 35.159452214720083 ], [ -106.559899408014871, 35.158928986767862 ], [ -106.561345291055289, 35.158924559535109 ], [ -106.561816835677092, 35.158976807078204 ], [ -106.562237491286268, 35.159193444442465 ], [ -106.562812128513201, 35.159445771331285 ], [ -106.562908609085653, 35.159488136219117 ], [ -106.563616756687992, 35.159734317180494 ], [ -106.563751700859399, 35.159815646857773 ], [ -106.565008867687297, 35.159821309892877 ], [ -106.566048313705082, 35.159840772065081 ], [ -106.566086191355467, 35.159841101436847 ], [ -106.568794033921264, 35.15988389164189 ], [ -106.570991654020716, 35.159883654642393 ], [ -106.577592926627887, 35.159898193777281 ], [ -106.57832593067829, 35.159890683714892 ], [ -106.582234276119621, 35.159899678850131 ], [ -106.582286129233637, 35.159899416753447 ], [ -106.582318410269096, 35.159900104357092 ], [ -106.584463278514704, 35.159958796972212 ], [ -106.586838750264391, 35.160280457096164 ], [ -106.583932911341705, 35.172734819883829 ], [ -106.583572535456184, 35.174279070121841 ], [ -106.583572252981028, 35.174305600355723 ], [ -106.582608020192836, 35.174265207906757 ], [ -106.580378834049853, 35.174114429332747 ], [ -106.58010505937267, 35.174113407987022 ], [ -106.577595909257511, 35.174211521516277 ], [ -106.57298074027112, 35.174451281429207 ], [ -106.571313437174894, 35.17445571554218 ], [ -106.568849085341213, 35.17442968164039 ], [ -106.567316305643956, 35.174438394967979 ], [ -106.566171723889909, 35.174441387872903 ], [ -106.564369929697733, 35.174401562307033 ], [ -106.563776345388362, 35.174377954690108 ], [ -106.560712966954455, 35.174255022889668 ], [ -106.560417560431347, 35.174242703023808 ], [ -106.560374052677076, 35.17424088812507 ], [ -106.560127086394971, 35.174230587056982 ], [ -106.5599287158133, 35.174222491390225 ] ] ], [ [ [ -106.58780591568339, 35.152673938521524 ], [ -106.587256376093961, 35.152123910782649 ], [ -106.586586097901574, 35.15089482227188 ], [ -106.586452248601148, 35.150158010360144 ], [ -106.586416870198221, 35.148341651143085 ], [ -106.58640265828457, 35.148040523667554 ], [ -106.586442975075315, 35.147287353260928 ], [ -106.586449082073486, 35.146821874369358 ], [ -106.586444786293711, 35.145745011780249 ], [ -106.586473976511343, 35.14490541330327 ], [ -106.586465028050043, 35.143568680612596 ], [ -106.586463694577304, 35.143369458195963 ], [ -106.586433908116533, 35.143018094601118 ], [ -106.586456093967058, 35.1421449182589 ], [ -106.586468514441961, 35.141990700225662 ], [ -106.586458045928907, 35.141322615264109 ], [ -106.586415665651316, 35.137763794930187 ], [ -106.586416681122031, 35.135794686020496 ], [ -106.586375430747495, 35.134384679295437 ], [ -106.586413301612296, 35.134133574865679 ], [ -106.586458787516918, 35.133695440168729 ], [ -106.586460425521977, 35.133665759033434 ], [ -106.586472486029393, 35.131616880475363 ], [ -106.586446011042653, 35.130954890230385 ], [ -106.586484325081685, 35.130615079125342 ], [ -106.58648949823899, 35.130531994433397 ], [ -106.586501341153934, 35.129175095828899 ], [ -106.586501800721052, 35.129093694589152 ], [ -106.586501879992525, 35.12904067833648 ], [ -106.586502046075751, 35.128929009948109 ], [ -106.586501893725099, 35.128881570702262 ], [ -106.586501893554512, 35.128881529236061 ], [ -106.586499302992721, 35.128075967957955 ], [ -106.58649554118054, 35.127450585238648 ], [ -106.58648847598036, 35.127215281462682 ], [ -106.58647898059985, 35.124749457083368 ], [ -106.586487379947812, 35.124201546026349 ], [ -106.586471432075399, 35.123906434840585 ], [ -106.586443299951625, 35.122441790811045 ], [ -106.586437336809709, 35.121100643995128 ], [ -106.586431874101152, 35.120504235188996 ], [ -106.586443605843016, 35.120180540417834 ], [ -106.586398805320641, 35.120183518750885 ], [ -106.585444523011006, 35.120156172999593 ], [ -106.584615018201433, 35.120179292821994 ], [ -106.58458161648457, 35.120179213748095 ], [ -106.584471779474001, 35.120155074943781 ], [ -106.584188350353742, 35.120155856690701 ], [ -106.58384348173999, 35.120177457435936 ], [ -106.58371053644801, 35.120177140216128 ], [ -106.583499044348201, 35.120156042394669 ], [ -106.583306873104377, 35.120176177518431 ], [ -106.583289792425646, 35.119932842717752 ], [ -106.5832083106054, 35.119800667060318 ], [ -106.5831598084051, 35.119721987443299 ], [ -106.583034055485072, 35.119706011343538 ], [ -106.582867871159763, 35.119647735595045 ], [ -106.582573116485534, 35.119645705090733 ], [ -106.582567934831786, 35.119373342348254 ], [ -106.582334517975141, 35.119371729802708 ], [ -106.582339296990881, 35.119646717784555 ], [ -106.582038211065864, 35.119635298501862 ], [ -106.581862580746829, 35.119632084422953 ], [ -106.581780624846786, 35.119631831906588 ], [ -106.581697747341835, 35.119631576448029 ], [ -106.581703440446304, 35.119373650384141 ], [ -106.581231224180456, 35.119370141447874 ], [ -106.581164371192713, 35.119369775127119 ], [ -106.581062410319888, 35.119369216196581 ], [ -106.580940704225384, 35.119369705390255 ], [ -106.580060948561339, 35.11936942858717 ], [ -106.579516041722115, 35.119369138851397 ], [ -106.579331705718843, 35.119370409655083 ], [ -106.579189826436917, 35.119370027910684 ], [ -106.578470011171234, 35.119364439967605 ], [ -106.578162545234179, 35.119364079228269 ], [ -106.577778885352842, 35.119363628093041 ], [ -106.577610856844686, 35.11936209824885 ], [ -106.577616585531047, 35.119042978133656 ], [ -106.577624559549477, 35.118598784612942 ], [ -106.577636370903747, 35.117940767292282 ], [ -106.577645622027191, 35.117425385338464 ], [ -106.577650055232354, 35.117178436107629 ], [ -106.57764825585727, 35.116728990868857 ], [ -106.577646973988536, 35.116408801511689 ], [ -106.577633425588758, 35.115946649560826 ], [ -106.577605582282175, 35.114996875247307 ], [ -106.577593210931155, 35.114574856236317 ], [ -106.577579861108802, 35.114238623787422 ], [ -106.577561514045016, 35.113776501756021 ], [ -106.577519897253197, 35.112703704386789 ], [ -106.577525776876541, 35.1118733962129 ], [ -106.577528346413089, 35.111510743204988 ], [ -106.577583331784567, 35.109109674690131 ], [ -106.577587851723379, 35.10728917171086 ], [ -106.57756681764873, 35.105469289823354 ], [ -106.577584836423867, 35.104658666246962 ], [ -106.577598331861523, 35.104571721585138 ], [ -106.577578926473905, 35.103682675216412 ], [ -106.577581070848694, 35.102543964343518 ], [ -106.577583534854483, 35.101235070567405 ], [ -106.577627736492943, 35.101180868420116 ], [ -106.580143751612496, 35.10219823704228 ], [ -106.582322440184058, 35.103079142699521 ], [ -106.58294164913768, 35.103243820557914 ], [ -106.584975427571877, 35.103784674805624 ], [ -106.586910799212845, 35.103952171065416 ], [ -106.587674635453169, 35.104018267987932 ], [ -106.592646630578827, 35.104153087445582 ], [ -106.59575008455073, 35.104237211926105 ], [ -106.597006130244552, 35.10427127436575 ], [ -106.597599957543125, 35.104249226580301 ], [ -106.599637315297784, 35.104262426691804 ], [ -106.600270035469009, 35.104303440972174 ], [ -106.601198968156936, 35.104455543822951 ], [ -106.602348728675665, 35.104643794341506 ], [ -106.603830306461305, 35.10488635655534 ], [ -106.60482956976459, 35.105083873087239 ], [ -106.606650570854612, 35.105510505649853 ], [ -106.607245231008335, 35.105653531633806 ], [ -106.607520694708981, 35.105723022955047 ], [ -106.607867727919398, 35.105803247838011 ], [ -106.608162193282624, 35.105871320412938 ], [ -106.609378898961126, 35.106152502916231 ], [ -106.609383601981492, 35.106153589647654 ], [ -106.610220314512489, 35.106346946863454 ], [ -106.61132561095819, 35.106602360838529 ], [ -106.611854934079304, 35.106724674014714 ], [ -106.61249988602863, 35.10685758461392 ], [ -106.613198515304745, 35.107001553146461 ], [ -106.613558435046343, 35.107075721216646 ], [ -106.614193934508222, 35.107206674241176 ], [ -106.614685386459456, 35.107245037441018 ], [ -106.61540044153449, 35.107300852195841 ], [ -106.616136285784478, 35.107358285660055 ], [ -106.617433095118116, 35.107459491299672 ], [ -106.618370935771168, 35.107532673674086 ], [ -106.619074586054509, 35.107449278539718 ], [ -106.619074622233711, 35.107449273922306 ], [ -106.620648936438769, 35.107262673458237 ], [ -106.621217563883832, 35.107176566818474 ], [ -106.62304581218531, 35.106899804683863 ], [ -106.623853936343735, 35.106777672910688 ], [ -106.62467272854316, 35.10663644250053 ], [ -106.626633282278021, 35.106298249500888 ], [ -106.627836114618418, 35.106090745422051 ], [ -106.629121297484872, 35.105869020165429 ], [ -106.628645259934217, 35.107000567078849 ], [ -106.6277520120384, 35.109123740316846 ], [ -106.62769457867735, 35.109257529599439 ], [ -106.626374730462686, 35.112925610030594 ], [ -106.624884740886898, 35.117066132051328 ], [ -106.623602077552135, 35.120630168642613 ], [ -106.623184058797165, 35.121514406001346 ], [ -106.622831125283184, 35.122260950830977 ], [ -106.622692825503492, 35.122553486196878 ], [ -106.622183940047066, 35.123629878954731 ], [ -106.621933714215118, 35.124102396851733 ], [ -106.621933527106847, 35.124102750793817 ], [ -106.621757586895484, 35.124434337698077 ], [ -106.621656626714554, 35.124626986727613 ], [ -106.621640953871363, 35.12465515187148 ], [ -106.621580379606698, 35.124713371053197 ], [ -106.621469900634509, 35.12481955329595 ], [ -106.621354422381657, 35.124930541052365 ], [ -106.621220418184421, 35.125059333160465 ], [ -106.621095609769114, 35.125179286205437 ], [ -106.620931063159304, 35.125337431620373 ], [ -106.620807463242656, 35.125456222305878 ], [ -106.620669352967752, 35.125588958479618 ], [ -106.620535545440987, 35.125717558114751 ], [ -106.620391444309178, 35.125856050905057 ], [ -106.620283839814874, 35.12595946754395 ], [ -106.62017898260784, 35.126060243465908 ], [ -106.620067839059303, 35.126167060166594 ], [ -106.619988612937107, 35.12624320039999 ], [ -106.619953877914071, 35.126275654908092 ], [ -106.619948689758161, 35.126280399742903 ], [ -106.617111647650987, 35.128150692888354 ], [ -106.615670155068088, 35.129100924916784 ], [ -106.615233316913105, 35.129372463839715 ], [ -106.614086813467097, 35.130082071866688 ], [ -106.613928968591239, 35.130180016824021 ], [ -106.613928661103273, 35.130180207051446 ], [ -106.612600444197838, 35.131004366163268 ], [ -106.611055960194321, 35.131962679445941 ], [ -106.610048958330879, 35.132587476022437 ], [ -106.609495254717928, 35.132929744434634 ], [ -106.6074447195803, 35.134192198901381 ], [ -106.60647757210333, 35.134787617842044 ], [ -106.605836022961341, 35.135183647714364 ], [ -106.60541913394033, 35.135440990365694 ], [ -106.605389468095282, 35.13546013757334 ], [ -106.605166482103641, 35.13560346609664 ], [ -106.604508646318308, 35.136026296129295 ], [ -106.603017819610301, 35.136984402964181 ], [ -106.602897675093274, 35.137061613902716 ], [ -106.602538566510887, 35.137292392082486 ], [ -106.601487044987451, 35.137968504965308 ], [ -106.600581782646671, 35.138499757577591 ], [ -106.599773765702579, 35.138972651541543 ], [ -106.597273983700831, 35.140435588047936 ], [ -106.595055687434908, 35.14173370389932 ], [ -106.595021970837564, 35.141754195140372 ], [ -106.594239720442914, 35.142273861232127 ], [ -106.593090408949209, 35.143037352372559 ], [ -106.592568358236278, 35.143384144783333 ], [ -106.592536678562169, 35.143406530724299 ], [ -106.592319951359585, 35.143613621369461 ], [ -106.591348291202209, 35.144542057203751 ], [ -106.590450026602099, 35.145398395820884 ], [ -106.590365442046902, 35.145748568720165 ], [ -106.590064029324779, 35.146996365256641 ], [ -106.589696077944708, 35.148519566124556 ], [ -106.589147427386393, 35.150790695456749 ], [ -106.588760584758077, 35.152391950306743 ], [ -106.588577942186134, 35.1531479362677 ], [ -106.58780591568339, 35.152673938521524 ] ] ] ] } },
{ "type": "Feature", "properties": { "NAME": "GEORGE I SANCHEZ CCS", "ID": 496 }, "geometry": { "type": "MultiPolygon", "coordinates": [ [ [ [ -106.740743674860994, 35.055627912143819 ], [ -106.739692957936697, 35.052246658599543 ], [ -106.737893956866998, 35.048986658177192 ], [ -106.736631352709622, 35.046843329200534 ], [ -106.734753683872285, 35.04365566523856 ], [ -106.732856249783509, 35.043945671156543 ], [ -106.732680091546626, 35.043986208349345 ], [ -106.729218955496322, 35.044467658113696 ], [ -106.728926574034702, 35.044472786232838 ], [ -106.728616549123274, 35.044491030928349 ], [ -106.72780671450839, 35.044492412775959 ], [ -106.726990259604122, 35.044392780011023 ], [ -106.726316274307507, 35.0441897605793 ], [ -106.726342946298587, 35.044136723242552 ], [ -106.726465500110294, 35.043921540327496 ], [ -106.726624293083972, 35.043644481380923 ], [ -106.726970827855325, 35.042803817505082 ], [ -106.727128017674559, 35.0424224818534 ], [ -106.727201900098081, 35.042243244921288 ], [ -106.727214129864635, 35.042213576754961 ], [ -106.727324154008471, 35.041793810618231 ], [ -106.727574811208399, 35.040837483732645 ], [ -106.727826826384415, 35.039036251167005 ], [ -106.727896610018988, 35.038537470500629 ], [ -106.727901339842134, 35.038498572922158 ], [ -106.727902136644332, 35.038378659742726 ], [ -106.727902093654066, 35.038220306321229 ], [ -106.727895960132955, 35.038074965982304 ], [ -106.727872820023777, 35.037526665456568 ], [ -106.72787150933641, 35.037397736969481 ], [ -106.727869530550265, 35.03720299840797 ], [ -106.727866568563243, 35.036911478730516 ], [ -106.727861709775524, 35.036433262933734 ], [ -106.727859954319328, 35.035978656673073 ], [ -106.727884958496773, 35.035782084606566 ], [ -106.727915829446673, 35.035539387974957 ], [ -106.727918855121942, 35.035515601914398 ], [ -106.728044903808467, 35.034924776781601 ], [ -106.728157836372858, 35.034526100212666 ], [ -106.728210293899835, 35.03435473819728 ], [ -106.728247759583695, 35.034232348347302 ], [ -106.728296448284581, 35.034095893872149 ], [ -106.728349006028395, 35.033948596712108 ], [ -106.728394386586544, 35.03383995168852 ], [ -106.728594492429636, 35.033360878774005 ], [ -106.728608400295656, 35.033332861594033 ], [ -106.72877529295873, 35.032996672437534 ], [ -106.728863290606839, 35.032838864825152 ], [ -106.729100953733266, 35.03241265664974 ], [ -106.729319634208977, 35.032077975900656 ], [ -106.729448984594626, 35.031880008601625 ], [ -106.729796603856514, 35.031425471607356 ], [ -106.729867229704965, 35.031328852597035 ], [ -106.730098786583198, 35.031034954646181 ], [ -106.730203461112254, 35.030902098220132 ], [ -106.730224014644463, 35.030870102555831 ], [ -106.73046696323091, 35.03049189950076 ], [ -106.730601629180768, 35.030279522621633 ], [ -106.730749237509912, 35.029987062841258 ], [ -106.730870216576463, 35.029723514501534 ], [ -106.730925296447722, 35.029599616129985 ], [ -106.730935914130725, 35.029575732277756 ], [ -106.730983233354578, 35.029448239870192 ], [ -106.731043679081296, 35.029203042457524 ], [ -106.731071698907272, 35.029089402600952 ], [ -106.731135507613487, 35.028738561591695 ], [ -106.731154814036501, 35.028549633082058 ], [ -106.731184745575987, 35.028256795471727 ], [ -106.731170425979457, 35.025694963130753 ], [ -106.731164362927785, 35.02466077293105 ], [ -106.73116599104317, 35.024603485958643 ], [ -106.731188641680177, 35.023806648638896 ], [ -106.731192957556317, 35.023648314543124 ], [ -106.731253310130356, 35.023246274075412 ], [ -106.731259218474349, 35.023203379943205 ], [ -106.731272953372724, 35.023103654719968 ], [ -106.731309455996296, 35.022993761785159 ], [ -106.731356744021284, 35.022836992539247 ], [ -106.731425603781005, 35.022615811358357 ], [ -106.731477710668983, 35.022455089873723 ], [ -106.731683181852674, 35.021966341553082 ], [ -106.731603226365692, 35.0218280621717 ], [ -106.730990954011929, 35.020734654344473 ], [ -106.730292859006923, 35.017655151560859 ], [ -106.730221122632244, 35.01765365413894 ], [ -106.730220983173268, 35.016285529993759 ], [ -106.730220954432525, 35.016010704566199 ], [ -106.730220899667032, 35.015469572465356 ], [ -106.730475518918226, 35.015206552549948 ], [ -106.731239507816284, 35.015205440432815 ], [ -106.732188015099396, 35.01520405303647 ], [ -106.736357760349293, 35.015197865464629 ], [ -106.73854079382987, 35.015195849053448 ], [ -106.739060161855789, 35.01519536379972 ], [ -106.745072746158726, 35.015186707122155 ], [ -106.745109125182296, 35.015186654281763 ], [ -106.745055955505634, 35.00455863975089 ], [ -106.760404694887967, 35.004498999240845 ], [ -106.762545347310123, 35.004469416227629 ], [ -106.765168573693813, 35.004483314508576 ], [ -106.765381121494215, 35.00448343452549 ], [ -106.76547417177494, 35.004483599228308 ], [ -106.765700672318232, 35.004482918433716 ], [ -106.765876385652732, 35.00448238004595 ], [ -106.766328451040124, 35.004480663534764 ], [ -106.766629425681771, 35.004479721897916 ], [ -106.767016511678946, 35.004478508332404 ], [ -106.780173407928714, 35.004440033290088 ], [ -106.797855987636979, 35.004499052857604 ], [ -106.875165001383394, 35.004403233855818 ], [ -106.875204578752829, 35.00440275056598 ], [ -106.87557810216488, 35.004398184876806 ], [ -106.876221330577977, 35.004390320372273 ], [ -106.876285525454549, 35.004389534845309 ], [ -106.886123882196088, 35.004268611103996 ], [ -106.903601984846773, 35.004166671935856 ], [ -106.926489274319763, 35.004029382804788 ], [ -106.927110865833725, 35.00402559612877 ], [ -106.927151596155937, 35.005583385112374 ], [ -106.927153959184949, 35.005673775767093 ], [ -106.927309289513161, 35.011613840104481 ], [ -106.927364298331938, 35.013667489126981 ], [ -106.927370134839819, 35.013861336813719 ], [ -106.927373726475807, 35.014057333459036 ], [ -106.934371099847553, 35.023409177247359 ], [ -106.941298188210922, 35.032665817819471 ], [ -106.941303791302417, 35.032673306664506 ], [ -106.941305193454809, 35.032675179994705 ], [ -106.941309396594306, 35.032680796398232 ], [ -106.941392827722538, 35.032792282478766 ], [ -106.941689734332641, 35.033189013385204 ], [ -106.940671567159782, 35.033465180234558 ], [ -106.940581696290707, 35.033489556635786 ], [ -106.94045653699807, 35.033523504309443 ], [ -106.939586539800203, 35.033759419357608 ], [ -106.938435432522667, 35.034019492035831 ], [ -106.920954581826038, 35.037940915931713 ], [ -106.91945156314371, 35.037942459892406 ], [ -106.872108748887698, 35.037981575351381 ], [ -106.787544184469482, 35.043300566482223 ], [ -106.786344180051074, 35.043471369654824 ], [ -106.785162682836003, 35.043797324100659 ], [ -106.784854175709313, 35.043806844462743 ], [ -106.784507028509978, 35.043602321815747 ], [ -106.782744233469728, 35.043380953347366 ], [ -106.781607613236403, 35.04312826635244 ], [ -106.781157931997527, 35.043030682848162 ], [ -106.780665919632526, 35.042921948843343 ], [ -106.780502002878023, 35.042885723179879 ], [ -106.780446352310932, 35.042873424564831 ], [ -106.780105949672745, 35.042799165834374 ], [ -106.779863130562077, 35.042838430135014 ], [ -106.779123324713638, 35.042964678382347 ], [ -106.762931276750479, 35.041888973539834 ], [ -106.762900922080505, 35.043723633946769 ], [ -106.762898565348266, 35.04390004329403 ], [ -106.76223088984564, 35.043902431285026 ], [ -106.762192633161732, 35.045968095931833 ], [ -106.762829425423448, 35.04766694344373 ], [ -106.762627929973391, 35.05852256037921 ], [ -106.761763004495776, 35.058521531171181 ], [ -106.757160025315983, 35.058499017464548 ], [ -106.756966662231534, 35.058494121339479 ], [ -106.745205129744761, 35.058443352862092 ], [ -106.745070984527445, 35.058443190964432 ], [ -106.745031959310367, 35.056584659174462 ], [ -106.744806959243832, 35.056214658639284 ], [ -106.744055959597929, 35.055559659095529 ], [ -106.743953959413517, 35.055484658825094 ], [ -106.741564958682886, 35.055492659157338 ], [ -106.740743674860994, 35.055627912143819 ] ] ], [ [ [ -106.716086645406193, 35.012537884879173 ], [ -106.717051696157796, 35.012506778901766 ], [ -106.717061221803149, 35.01394411894865 ], [ -106.718473773167105, 35.013940309402244 ], [ -106.718478027822684, 35.014269645462242 ], [ -106.718498665524365, 35.014347237506307 ], [ -106.718508415524525, 35.014494458970944 ], [ -106.718528617876572, 35.015421915092247 ], [ -106.718652416806464, 35.015888166778218 ], [ -106.718662128842823, 35.015924743016384 ], [ -106.718762281381586, 35.01610458894401 ], [ -106.715638496942688, 35.016130894516806 ], [ -106.715789930449773, 35.015092669439525 ], [ -106.715882037754241, 35.014252610127706 ], [ -106.716086645406193, 35.012537884879173 ] ] ] ] } },
{ "type": "Feature", "properties": { "NAME": "JEFFERSON", "ID": 425 }, "geometry": { "type": "MultiPolygon", "coordinates": [ [ [ [ -106.627831306042268, 35.109124717382201 ], [ -106.628645259934217, 35.107000567078849 ], [ -106.629121297484872, 35.105869020165429 ], [ -106.627836114618418, 35.106090745422051 ], [ -106.626633282278021, 35.106298249500888 ], [ -106.62467272854316, 35.10663644250053 ], [ -106.623853936343735, 35.106777672910688 ], [ -106.62304581218531, 35.106899804683863 ], [ -106.622710346118268, 35.106950501935472 ], [ -106.621217563883832, 35.107176566818474 ], [ -106.619074622233711, 35.107449273922306 ], [ -106.619074586054509, 35.107449278539718 ], [ -106.618370935771168, 35.107532673674086 ], [ -106.617433095118116, 35.107459491299672 ], [ -106.616136285784478, 35.107358285660055 ], [ -106.61540044153449, 35.107300852195841 ], [ -106.614685386459456, 35.107245037441018 ], [ -106.614193934508222, 35.107206674241176 ], [ -106.613558435046343, 35.107075721216646 ], [ -106.613198515304745, 35.107001553146461 ], [ -106.61249988602863, 35.10685758461392 ], [ -106.61132561095819, 35.106602360838529 ], [ -106.610220314512489, 35.106346946863454 ], [ -106.609383601981492, 35.106153589647654 ], [ -106.609378898961126, 35.106152502916231 ], [ -106.607867727919398, 35.105803247838011 ], [ -106.607245231008335, 35.105653531633806 ], [ -106.607038977804834, 35.105601498931378 ], [ -106.606650570854612, 35.105510505649853 ], [ -106.60482956976459, 35.105083873087239 ], [ -106.604205635779437, 35.10493768723591 ], [ -106.603830306461305, 35.10488635655534 ], [ -106.602348728675665, 35.104643794341506 ], [ -106.601198968156936, 35.104455543822951 ], [ -106.600270035469009, 35.104303440972174 ], [ -106.599637315297784, 35.104262426691804 ], [ -106.598765843832965, 35.104205931311384 ], [ -106.597599957543125, 35.104249226580301 ], [ -106.59575008455073, 35.104237211926105 ], [ -106.595479047339438, 35.104229798482706 ], [ -106.592646630578827, 35.104153087445582 ], [ -106.587657526865968, 35.103987450791045 ], [ -106.587639550814217, 35.103961467795102 ], [ -106.586857080567938, 35.102830439489011 ], [ -106.586753427688492, 35.102676175098821 ], [ -106.586735679784056, 35.102634045400464 ], [ -106.586720737905679, 35.102598613816127 ], [ -106.586661767485523, 35.102438894041768 ], [ -106.586629708889106, 35.102352063137914 ], [ -106.586590963795729, 35.102247122563277 ], [ -106.586556756740634, 35.102154473312183 ], [ -106.58654154673016, 35.102113277653324 ], [ -106.586491294571474, 35.101977171488336 ], [ -106.586482427132424, 35.101942174639227 ], [ -106.586364784832597, 35.100879101632273 ], [ -106.586348987708888, 35.100090806353926 ], [ -106.586172163540212, 35.087423808548479 ], [ -106.585297320670833, 35.087398220644459 ], [ -106.583971010641463, 35.087395722830465 ], [ -106.58344443890303, 35.087390943755985 ], [ -106.583145676145008, 35.087388231203867 ], [ -106.581833087291784, 35.087376305283271 ], [ -106.58168994477154, 35.087375003968504 ], [ -106.580908857796985, 35.08733130072681 ], [ -106.580784943009206, 35.087330607541048 ], [ -106.580085747805455, 35.087326692098848 ], [ -106.579640403673196, 35.087346114734899 ], [ -106.579201967980723, 35.087329094566812 ], [ -106.578579554742234, 35.087346683446846 ], [ -106.578325787018954, 35.087331470019699 ], [ -106.577994121003684, 35.087340454521339 ], [ -106.577941009328754, 35.087340859588139 ], [ -106.577484647747283, 35.087351114663498 ], [ -106.577467958106041, 35.086792454585044 ], [ -106.577446849194686, 35.084991818208088 ], [ -106.577456808618166, 35.083703846644468 ], [ -106.57746742980963, 35.082717348895471 ], [ -106.577459470456688, 35.07884668303609 ], [ -106.577474131264495, 35.078735663277321 ], [ -106.577470756720345, 35.077891106288845 ], [ -106.577451034538669, 35.076843117290856 ], [ -106.57745093753762, 35.076799898986515 ], [ -106.578351710806814, 35.076915055981111 ], [ -106.579214427641929, 35.077011256387188 ], [ -106.580091849799715, 35.077119851635764 ], [ -106.580943480052582, 35.077179376089283 ], [ -106.581817079993655, 35.077281388634454 ], [ -106.582695442285427, 35.077386911920335 ], [ -106.583579758322571, 35.077486342049014 ], [ -106.584438269262932, 35.07756818185026 ], [ -106.586198033225088, 35.077787259875109 ], [ -106.587322848019099, 35.077895026541583 ], [ -106.588320495292109, 35.078003227727564 ], [ -106.589333237593706, 35.078086585698138 ], [ -106.590289924527227, 35.078195498254921 ], [ -106.590322685321979, 35.07819904731123 ], [ -106.592301925435024, 35.078413458671896 ], [ -106.595329221974396, 35.078740634691997 ], [ -106.596383084348872, 35.078869299618553 ], [ -106.598797256542483, 35.079117489788224 ], [ -106.598947064630011, 35.079133581630309 ], [ -106.599872954941546, 35.079229801077879 ], [ -106.599911465138774, 35.079168940838457 ], [ -106.599912773576065, 35.079123528009283 ], [ -106.59993218522925, 35.078450080560955 ], [ -106.602229215164328, 35.078443430970175 ], [ -106.603369411982754, 35.078462022186791 ], [ -106.604545431512634, 35.078463416268718 ], [ -106.604556487125265, 35.079050690723591 ], [ -106.605789018541657, 35.079063579544425 ], [ -106.60703746334228, 35.079075055903687 ], [ -106.608259073590389, 35.079072444924023 ], [ -106.609538667712414, 35.079091738125818 ], [ -106.610815380971999, 35.079093446202862 ], [ -106.612049923059232, 35.07909003739605 ], [ -106.613299115083038, 35.079086301700009 ], [ -106.613315111131328, 35.075456343594674 ], [ -106.613510652166042, 35.075459601476929 ], [ -106.614565758270004, 35.075482098030427 ], [ -106.615787761385604, 35.075478418594301 ], [ -106.616410803089664, 35.075469259526848 ], [ -106.617067760221303, 35.075458774044343 ], [ -106.617709359581454, 35.075473593073312 ], [ -106.618309081017102, 35.075486925889329 ], [ -106.61954910078066, 35.075487300536643 ], [ -106.620811152716868, 35.075479301749063 ], [ -106.621208860899159, 35.075484892921509 ], [ -106.621515214408419, 35.075405654399418 ], [ -106.62187952236863, 35.075228690856662 ], [ -106.621901331853593, 35.075220326979952 ], [ -106.621930663718373, 35.075209575511714 ], [ -106.621962217576069, 35.075185383723543 ], [ -106.622102934366453, 35.07506611943171 ], [ -106.622126480153824, 35.075046042075932 ], [ -106.622388557009259, 35.075045152931907 ], [ -106.624062384905031, 35.075034503117593 ], [ -106.62539454313108, 35.075031366089881 ], [ -106.626675434739496, 35.075044668380265 ], [ -106.626817742168853, 35.075083092591861 ], [ -106.627115935238663, 35.075162668466426 ], [ -106.627523928061535, 35.075447592458055 ], [ -106.627755352757603, 35.075696869890415 ], [ -106.629452368428801, 35.07361883498578 ], [ -106.629659580160364, 35.073420846978188 ], [ -106.62997593522752, 35.07304066779291 ], [ -106.640039599389681, 35.07309470606144 ], [ -106.6400355001512, 35.073217664280932 ], [ -106.639976327528316, 35.074915043901797 ], [ -106.639275162419324, 35.076034642284291 ], [ -106.638334875555628, 35.077143756722492 ], [ -106.63967893833545, 35.077122667693473 ], [ -106.640902180508178, 35.077115256930661 ], [ -106.642108713127726, 35.077087020072305 ], [ -106.64330009473457, 35.077068376672237 ], [ -106.644520489056845, 35.077064412858938 ], [ -106.645819938911103, 35.077058667936768 ], [ -106.648246939467356, 35.077380667670624 ], [ -106.647753089713788, 35.080021951144005 ], [ -106.647739221458124, 35.08009367216895 ], [ -106.647477751641404, 35.081445868019955 ], [ -106.647069141939923, 35.083553523410878 ], [ -106.646982118373302, 35.084004634418484 ], [ -106.646834383919796, 35.084941472414876 ], [ -106.646549940699103, 35.086747293268132 ], [ -106.646502940526361, 35.087045669386583 ], [ -106.645082153513158, 35.094490444698202 ], [ -106.644892756139285, 35.095479461744503 ], [ -106.644457477538381, 35.097738072202205 ], [ -106.643056711118788, 35.105074161630981 ], [ -106.642982103721366, 35.105475868227145 ], [ -106.642961353833442, 35.105618000525659 ], [ -106.64295585567163, 35.105645369265069 ], [ -106.642685613891402, 35.106990481853977 ], [ -106.642037673170506, 35.110215369435331 ], [ -106.642025790594801, 35.110274509636795 ], [ -106.642029941000345, 35.110295673081708 ], [ -106.641338639500702, 35.110235915725049 ], [ -106.639682827932219, 35.110083620162271 ], [ -106.636214915690658, 35.109699033518353 ], [ -106.634835382009641, 35.109583808950944 ], [ -106.634246608557078, 35.109529277291898 ], [ -106.632882675875976, 35.109394241066227 ], [ -106.631575938590572, 35.10923267358465 ], [ -106.630588938901226, 35.109158673298914 ], [ -106.627831306042268, 35.109124717382201 ] ] ], [ [ [ -106.569143896755847, 35.041795328458797 ], [ -106.56906237976213, 35.041145329462417 ], [ -106.568980864096602, 35.040495329433242 ], [ -106.568918777935139, 35.040406473172361 ], [ -106.568921118495439, 35.038570541906296 ], [ -106.568922461535195, 35.036733953737595 ], [ -106.568923803748575, 35.034897365917367 ], [ -106.568925147320584, 35.033060776637001 ], [ -106.568927835266393, 35.029387597310318 ], [ -106.568930524273043, 35.025714414859038 ], [ -106.56892741059859, 35.021645813001321 ], [ -106.568924299925783, 35.017577207508751 ], [ -106.568921190069773, 35.01350860019015 ], [ -106.568918083214839, 35.009439989236988 ], [ -106.568914983902076, 35.005379885398142 ], [ -106.56891188648973, 35.001319778840781 ], [ -106.568908790977531, 34.997259669564976 ], [ -106.568905698457172, 34.993199556666589 ], [ -106.568905694599138, 34.993165518974386 ], [ -106.568905691293438, 34.993141508330858 ], [ -106.568905651543673, 34.990806031912449 ], [ -106.568905630941444, 34.988470553644852 ], [ -106.568905610871383, 34.986135075379956 ], [ -106.568905591329937, 34.983799596216322 ], [ -106.568969061560864, 34.974648880933799 ], [ -106.569032526868, 34.965498151896206 ], [ -106.56909598506887, 34.956347409110926 ], [ -106.569159673754925, 34.94719665375834 ], [ -106.571922845189349, 34.947207543610659 ], [ -106.574686254426936, 34.94721837087215 ], [ -106.582673045640647, 34.947249315446314 ], [ -106.590659838442519, 34.947279734867493 ], [ -106.643278535104727, 34.947130744551423 ], [ -106.647646783516393, 34.947118394484789 ], [ -106.647985059030546, 34.947117420109791 ], [ -106.654614418012528, 34.947098127053643 ], [ -106.66124377129826, 34.947078472222493 ], [ -106.66336819543605, 34.947072097357655 ], [ -106.662411935860177, 34.949052243578386 ], [ -106.661445841156763, 34.95103321290992 ], [ -106.66047970037998, 34.953014174235371 ], [ -106.659513514613806, 34.954995126647873 ], [ -106.658576175178098, 34.956694484652367 ], [ -106.658002945429928, 34.958234080555208 ], [ -106.657429694505907, 34.959773673510483 ], [ -106.656991990034342, 34.961418485223511 ], [ -106.656554268387382, 34.963063295034267 ], [ -106.656116529563008, 34.964708102942481 ], [ -106.655678774649687, 34.966352908042673 ], [ -106.653508666172129, 34.973058837985384 ], [ -106.65133821012698, 34.979764724148694 ], [ -106.649166634396877, 34.986470397762069 ], [ -106.64699317100667, 34.993175689086215 ], [ -106.646982632097576, 34.99320820161131 ], [ -106.646963823004143, 34.993266211233561 ], [ -106.645996974389504, 34.995944953782001 ], [ -106.645030063543857, 34.99862368696806 ], [ -106.644063090459483, 35.00130241169083 ], [ -106.643096055124317, 35.003981127948045 ], [ -106.641773869667531, 35.007654651417177 ], [ -106.640451568540769, 35.011328158136649 ], [ -106.639129149530362, 35.015001649910509 ], [ -106.637806613692192, 35.018675124926268 ], [ -106.6376666978598, 35.019841837083469 ], [ -106.637526778210756, 35.021008548881156 ], [ -106.637246931211521, 35.023341837067754 ], [ -106.63603893218567, 35.023343660053186 ], [ -106.635625798789164, 35.023494664174223 ], [ -106.63557267874917, 35.023514044036148 ], [ -106.635548425607539, 35.023522944610363 ], [ -106.635406932541969, 35.023574660250503 ], [ -106.634633932963681, 35.02402166020093 ], [ -106.634612279313515, 35.024041872924023 ], [ -106.633866070342847, 35.024739035544208 ], [ -106.633848070270616, 35.024765417905719 ], [ -106.633432872523471, 35.02537396047402 ], [ -106.633301743348696, 35.025566151953868 ], [ -106.633237547771444, 35.025660239363667 ], [ -106.633015545206632, 35.02598681008358 ], [ -106.632909212567796, 35.026143225832051 ], [ -106.63263026333108, 35.026564422666823 ], [ -106.632019087982115, 35.02751470597898 ], [ -106.631971802964017, 35.027592170578295 ], [ -106.631911563253908, 35.027696980333793 ], [ -106.630802575507559, 35.029626447492824 ], [ -106.630141931808481, 35.030849661455449 ], [ -106.629523766045025, 35.032270460997594 ], [ -106.629104953576118, 35.033602457069691 ], [ -106.628864152442546, 35.034743848704537 ], [ -106.628727362183696, 35.035799087815555 ], [ -106.628684761397096, 35.036794079184858 ], [ -106.627964590394427, 35.036803930229581 ], [ -106.623603705865094, 35.036888874716183 ], [ -106.62330157360509, 35.036933080170286 ], [ -106.623103904371789, 35.036991732354288 ], [ -106.622714592558509, 35.03714920260397 ], [ -106.62258521402768, 35.037165398960042 ], [ -106.622322996178198, 35.03717135118945 ], [ -106.622079774250651, 35.03713054347962 ], [ -106.621921448124766, 35.037075323948521 ], [ -106.621780485383468, 35.037077432654186 ], [ -106.619857546450106, 35.037309375112528 ], [ -106.609419440455625, 35.038567852557776 ], [ -106.602570725798699, 35.039393064489914 ], [ -106.597536778853311, 35.03951057580754 ], [ -106.597501178121007, 35.039515603360925 ], [ -106.597578637136067, 35.040722532077382 ], [ -106.597598119947833, 35.041026104882697 ], [ -106.597599399057714, 35.041050168449338 ], [ -106.597479808864605, 35.041190506230528 ], [ -106.597226756479841, 35.04147900615726 ], [ -106.59720200034576, 35.041505979328093 ], [ -106.590493269533468, 35.041628754976486 ], [ -106.590473857611514, 35.041641399269551 ], [ -106.590422763527812, 35.041673683363641 ], [ -106.590321536619527, 35.041737484351117 ], [ -106.590286754232366, 35.041759666825222 ], [ -106.589863809687344, 35.041775875132018 ], [ -106.58726909920604, 35.041875275477899 ], [ -106.585889248189687, 35.041863211331723 ], [ -106.585850183558975, 35.041862982322385 ], [ -106.585519936976937, 35.041860559686697 ], [ -106.585405250549783, 35.041859505649306 ], [ -106.582070052017357, 35.041828804152232 ], [ -106.581995725642017, 35.041828197135075 ], [ -106.57009611064683, 35.041720022481471 ], [ -106.569837465611982, 35.041713822785859 ], [ -106.569143896755847, 35.041795328458797 ] ] ] ] } },
{ "type": "Feature", "properties": { "NAME": "WASHINGTON", "ID": 465 }, "geometry": { "type": "Polygon", "coordinates": [ [ [ -106.670625564475813, 35.10488471301904 ], [ -106.670433402425601, 35.104909888185745 ], [ -106.670168243383273, 35.104973267094522 ], [ -106.667632692384899, 35.105581264160435 ], [ -106.666615469782755, 35.105824850786128 ], [ -106.666296857817798, 35.105866142708543 ], [ -106.664462945586067, 35.106107671211824 ], [ -106.664311191213585, 35.106115020203795 ], [ -106.664120640606129, 35.106124248544731 ], [ -106.663197902969827, 35.106169777748846 ], [ -106.663169725483385, 35.106169973842626 ], [ -106.662562945325945, 35.106199671489691 ], [ -106.66041391104595, 35.106090254008926 ], [ -106.660274066849595, 35.106084438825533 ], [ -106.65860414102832, 35.106121710462858 ], [ -106.65850619427404, 35.106124560092333 ], [ -106.6581464916258, 35.106135024080224 ], [ -106.658016307458183, 35.106134533792982 ], [ -106.657397983110357, 35.10614763162004 ], [ -106.657076395581555, 35.106176551346223 ], [ -106.656651543021766, 35.106214755421576 ], [ -106.655702168940294, 35.106395265829597 ], [ -106.655345111684369, 35.106463120612283 ], [ -106.654598025931193, 35.106604963261759 ], [ -106.65407441673274, 35.106704591759737 ], [ -106.653657938924425, 35.10678358592444 ], [ -106.653179837954468, 35.106874267187031 ], [ -106.652800004408505, 35.106946308050979 ], [ -106.652692906416348, 35.106939959753319 ], [ -106.652203858263945, 35.106908565787734 ], [ -106.651906457553295, 35.106890197040599 ], [ -106.651856257088383, 35.106887020874431 ], [ -106.651783441986723, 35.106881672321883 ], [ -106.651151048060626, 35.106769901615777 ], [ -106.650329442575469, 35.106622672000221 ], [ -106.647390440959143, 35.105973672163302 ], [ -106.645121440966349, 35.10563767173268 ], [ -106.644956110608092, 35.105626538468513 ], [ -106.644108408130364, 35.105561778455794 ], [ -106.643610846977197, 35.105523765310643 ], [ -106.643079114681044, 35.105483086252988 ], [ -106.643012867925464, 35.105478018523165 ], [ -106.642982103721366, 35.105475868227145 ], [ -106.643056711118788, 35.105074161630981 ], [ -106.644457477538381, 35.097738072202205 ], [ -106.644892756139285, 35.095479461744503 ], [ -106.645082153513158, 35.094490444698202 ], [ -106.646502940526361, 35.087045669386583 ], [ -106.646549940699103, 35.086747293268132 ], [ -106.646834383919796, 35.084941472414876 ], [ -106.646982118373302, 35.084004634418484 ], [ -106.647069141939923, 35.083553523410878 ], [ -106.647477751641404, 35.081445868019955 ], [ -106.647739221458124, 35.08009367216895 ], [ -106.647753089713788, 35.080021951144005 ], [ -106.648246939467356, 35.077380667670624 ], [ -106.645819938911103, 35.077058667936768 ], [ -106.644520489056845, 35.077064412858938 ], [ -106.64330009473457, 35.077068376672237 ], [ -106.642108713127726, 35.077087020072305 ], [ -106.640902180508178, 35.077115256930661 ], [ -106.63967893833545, 35.077122667693473 ], [ -106.638334875555628, 35.077143756722492 ], [ -106.639275162419324, 35.076034642284291 ], [ -106.639976327528316, 35.074915043901797 ], [ -106.6400355001512, 35.073217664280932 ], [ -106.640039599389681, 35.07309470606144 ], [ -106.6400427667934, 35.073032398974732 ], [ -106.640075436921734, 35.072174666896792 ], [ -106.639985125606458, 35.071738932120063 ], [ -106.639275437233735, 35.068314666978175 ], [ -106.639076445813515, 35.065826499947718 ], [ -106.638875436046163, 35.063344666232759 ], [ -106.638275435988746, 35.061074665954457 ], [ -106.638075435921223, 35.059474665971095 ], [ -106.637975434589549, 35.050554663924565 ], [ -106.638075434635212, 35.048254663714445 ], [ -106.638048197664318, 35.047430871809851 ], [ -106.637860914486922, 35.041454127112928 ], [ -106.637866810447662, 35.041104409195832 ], [ -106.637876228460854, 35.04054581247847 ], [ -106.639632400870084, 35.040540185706355 ], [ -106.641750173691804, 35.040505044473115 ], [ -106.642422862692527, 35.04071529445045 ], [ -106.642802489473524, 35.040884006662786 ], [ -106.643033827881595, 35.041220928335854 ], [ -106.643100935666695, 35.041318662712321 ], [ -106.643150048475917, 35.041379184483212 ], [ -106.643247439967041, 35.04149766511032 ], [ -106.643291774280513, 35.041551601816593 ], [ -106.643356336299718, 35.041630785032673 ], [ -106.643376926793451, 35.041688509091045 ], [ -106.643388531909423, 35.041720007248841 ], [ -106.643426654521477, 35.041823482154776 ], [ -106.64343747897145, 35.04185286260396 ], [ -106.643563688172804, 35.042195426436813 ], [ -106.643592912909739, 35.042291088340846 ], [ -106.643616913974142, 35.042359381725028 ], [ -106.643643745040634, 35.042435181395099 ], [ -106.643668749103455, 35.04250621285324 ], [ -106.643688278988392, 35.042562103114506 ], [ -106.643701935734612, 35.042599662307893 ], [ -106.643736863862344, 35.042624285932554 ], [ -106.645188688469688, 35.043647782817786 ], [ -106.64528373745496, 35.043700440269518 ], [ -106.645385503126192, 35.04375596403532 ], [ -106.645475110157832, 35.043805213521921 ], [ -106.645588634200763, 35.043867569715118 ], [ -106.645670654348763, 35.04391254292721 ], [ -106.645777818287343, 35.0439713417883 ], [ -106.645848290193015, 35.044009554640525 ], [ -106.645928936297864, 35.044053662250256 ], [ -106.646213851065042, 35.044144720723025 ], [ -106.646265271800232, 35.044160953048902 ], [ -106.646402763560729, 35.044204908021058 ], [ -106.646430936748374, 35.044213662896809 ], [ -106.647739497618858, 35.044353566899971 ], [ -106.647841044956238, 35.044363547564217 ], [ -106.6479857045546, 35.044361210716552 ], [ -106.648420929476231, 35.044354177017503 ], [ -106.648907005010244, 35.04434632012002 ], [ -106.649451888351976, 35.044337509547702 ], [ -106.649691759323574, 35.044333806961603 ], [ -106.649901888072208, 35.044330561618665 ], [ -106.650298675609363, 35.04432435821947 ], [ -106.650944202842439, 35.044314264119755 ], [ -106.651396879458858, 35.044307182807586 ], [ -106.651560749003934, 35.04430496835095 ], [ -106.651650794305311, 35.044303813006124 ], [ -106.654169879220802, 35.044264124545357 ], [ -106.654243876110385, 35.044262972958407 ], [ -106.654685268715411, 35.044255691609322 ], [ -106.655054934620011, 35.044316661446281 ], [ -106.657011804235495, 35.044299505172027 ], [ -106.657043824991433, 35.044299223768242 ], [ -106.657107938849819, 35.044298661593956 ], [ -106.657089841055821, 35.047502665741234 ], [ -106.657089718561693, 35.047531664281124 ], [ -106.657088014733418, 35.047901656650666 ], [ -106.657758942847437, 35.047894346369915 ], [ -106.657825967767437, 35.047893366563393 ], [ -106.658086955938799, 35.047890643685676 ], [ -106.658271480343231, 35.047888739192935 ], [ -106.661657784774818, 35.047851809507115 ], [ -106.661821792524904, 35.047850018807971 ], [ -106.661239562259482, 35.048650199282868 ], [ -106.661216318889799, 35.048682143725792 ], [ -106.661197754655888, 35.048707655723334 ], [ -106.661175823960491, 35.048737527763329 ], [ -106.661042811002545, 35.048918704697833 ], [ -106.660596844772982, 35.049526146380316 ], [ -106.660575587595503, 35.049555101049577 ], [ -106.658115303820296, 35.056803325091117 ], [ -106.65787544060943, 35.062854665317495 ], [ -106.659175440988761, 35.063654665666064 ], [ -106.659175441371858, 35.066154666063916 ], [ -106.659575441083291, 35.069254666490949 ], [ -106.659975441594227, 35.070354666501004 ], [ -106.661475441800008, 35.071754666286722 ], [ -106.665776986314768, 35.073953973164848 ], [ -106.668975444617232, 35.076354666569564 ], [ -106.671872463547459, 35.078756695267579 ], [ -106.675673040180229, 35.083456433845832 ], [ -106.676975446993893, 35.084454667215397 ], [ -106.680875150293645, 35.089425937259804 ], [ -106.684676354328943, 35.091053607331979 ], [ -106.684792712103786, 35.091120660187414 ], [ -106.687975450114024, 35.09295466832075 ], [ -106.688075450115321, 35.096454668781305 ], [ -106.690375450031794, 35.098554669310822 ], [ -106.690507526749641, 35.09901874273649 ], [ -106.690644975806137, 35.099501679121992 ], [ -106.691478489621957, 35.102430170011104 ], [ -106.691506725624308, 35.102529374456665 ], [ -106.691572242000333, 35.102759549907624 ], [ -106.691573548090801, 35.102821324175835 ], [ -106.691643794231481, 35.106142875608064 ], [ -106.691644178375554, 35.106173214271024 ], [ -106.691645710923638, 35.106286907522779 ], [ -106.690778253701083, 35.109145977187318 ], [ -106.690624565542876, 35.109874185892679 ], [ -106.68972523397737, 35.109885921332328 ], [ -106.688825902081248, 35.109897650101942 ], [ -106.687660197528402, 35.109791612496103 ], [ -106.687412867662616, 35.109732984317539 ], [ -106.686597484435651, 35.109551512489048 ], [ -106.684538014540266, 35.109299244346644 ], [ -106.684076087301662, 35.109312198870107 ], [ -106.68377720281326, 35.109943365947672 ], [ -106.683776051752687, 35.109945792258657 ], [ -106.681235709760614, 35.109769600503753 ], [ -106.679864568121417, 35.10960245573159 ], [ -106.679962537246823, 35.109124942605334 ], [ -106.67989263660688, 35.10905383180922 ], [ -106.679934619785186, 35.108854834122866 ], [ -106.679456065235968, 35.108854447993295 ], [ -106.679340739396821, 35.108943403099616 ], [ -106.679254128522558, 35.109070936694522 ], [ -106.67898224852587, 35.109533985358681 ], [ -106.678982026486068, 35.109534318779026 ], [ -106.678801542560763, 35.109484327432511 ], [ -106.6781421050988, 35.109303108730792 ], [ -106.677750394373163, 35.109214087882826 ], [ -106.677750338361705, 35.109214075460166 ], [ -106.67748591348078, 35.109154916689505 ], [ -106.676935259864521, 35.109157096964999 ], [ -106.676542744123708, 35.109234050726869 ], [ -106.675884603690491, 35.109365541324962 ], [ -106.675519257611739, 35.109387243874657 ], [ -106.675519225808884, 35.109387245789172 ], [ -106.674644038704812, 35.109439228992471 ], [ -106.672210521470461, 35.109699143782002 ], [ -106.671056966256856, 35.107202988924527 ], [ -106.670625564475813, 35.10488471301904 ] ] ] } },
{ "type": "Feature", "properties": { "NAME": "WILSON", "ID": 470 }, "geometry": { "type": "Polygon", "coordinates": [ [ [ -106.57745093753762, 35.076799898986515 ], [ -106.575261261619971, 35.076590534059541 ], [ -106.574196893876646, 35.076458652991505 ], [ -106.573940572422273, 35.076431971453289 ], [ -106.574066105862627, 35.074399464017276 ], [ -106.5741032684804, 35.072724145000329 ], [ -106.574188091769685, 35.070917100553892 ], [ -106.574218422664984, 35.067289109573466 ], [ -106.574278961901854, 35.065468996821863 ], [ -106.574309076655794, 35.06368529726587 ], [ -106.574339143321154, 35.061889967580584 ], [ -106.574354388754742, 35.060051131973239 ], [ -106.57436616282763, 35.058242213735554 ], [ -106.574366369596063, 35.058210501618156 ], [ -106.575465619766234, 35.058247602907961 ], [ -106.575504880071492, 35.058247660731688 ], [ -106.576564434692372, 35.058244813009033 ], [ -106.577198959707175, 35.05825574436497 ], [ -106.57760092214447, 35.058262668073269 ], [ -106.577603029776498, 35.058194179364207 ], [ -106.577663258456965, 35.056353447769339 ], [ -106.577657335915887, 35.056246866083626 ], [ -106.577615211244037, 35.055488788569974 ], [ -106.577618751790681, 35.055365166244435 ], [ -106.577618199344471, 35.055296290748331 ], [ -106.577560724865563, 35.055276491222152 ], [ -106.5770510678215, 35.055100923122673 ], [ -106.576903663510677, 35.055054787934601 ], [ -106.576763373893328, 35.055021245737301 ], [ -106.575700076097519, 35.054633284102827 ], [ -106.573229668885745, 35.05387508042547 ], [ -106.572713653611245, 35.0537167000086 ], [ -106.569767686760457, 35.05278304206356 ], [ -106.569081855305271, 35.052577762400446 ], [ -106.568914920128108, 35.052550668023663 ], [ -106.56907664873178, 35.049992430995133 ], [ -106.569077557461029, 35.049702666414809 ], [ -106.569077981668414, 35.048176039959401 ], [ -106.569078186507895, 35.047757130115073 ], [ -106.569078710298911, 35.046680287393478 ], [ -106.569072797483472, 35.045505587857356 ], [ -106.569037596727554, 35.043765102739336 ], [ -106.56901850407813, 35.042819563841235 ], [ -106.569045599188513, 35.042277210545656 ], [ -106.569080894620598, 35.042196559420866 ], [ -106.569117435312577, 35.042112849051328 ], [ -106.569143896755847, 35.041795328458797 ], [ -106.569837465611982, 35.041713822785859 ], [ -106.57009611064683, 35.041720022481471 ], [ -106.581995725642017, 35.041828197135075 ], [ -106.582070052017357, 35.041828804152232 ], [ -106.585405250549783, 35.041859505649306 ], [ -106.585519936976937, 35.041860559686697 ], [ -106.585850183558975, 35.041862982322385 ], [ -106.585889248189687, 35.041863211331723 ], [ -106.58726909920604, 35.041875275477899 ], [ -106.589863809687344, 35.041775875132018 ], [ -106.590286754232366, 35.041759666825222 ], [ -106.590321536619527, 35.041737484351117 ], [ -106.590422763527812, 35.041673683363641 ], [ -106.590473857611514, 35.041641399269551 ], [ -106.590493269533468, 35.041628754976486 ], [ -106.59720200034576, 35.041505979328093 ], [ -106.597226756479841, 35.04147900615726 ], [ -106.597479808864605, 35.041190506230528 ], [ -106.597599399057714, 35.041050168449338 ], [ -106.597598119947833, 35.041026104882697 ], [ -106.597578637136067, 35.040722532077382 ], [ -106.597501178121007, 35.039515603360925 ], [ -106.597536778853311, 35.03951057580754 ], [ -106.602570725798699, 35.039393064489914 ], [ -106.609419440455625, 35.038567852557776 ], [ -106.619857546450106, 35.037309375112528 ], [ -106.621780485383468, 35.037077432654186 ], [ -106.621921448124766, 35.037075323948521 ], [ -106.622079774250651, 35.03713054347962 ], [ -106.622322996178198, 35.03717135118945 ], [ -106.62258521402768, 35.037165398960042 ], [ -106.622714592558509, 35.03714920260397 ], [ -106.623103904371789, 35.036991732354288 ], [ -106.62330157360509, 35.036933080170286 ], [ -106.623603705865094, 35.036888874716183 ], [ -106.627964590394427, 35.036803930229581 ], [ -106.628684761397096, 35.036794079184858 ], [ -106.628727362183696, 35.035799087815555 ], [ -106.628864152442546, 35.034743848704537 ], [ -106.629104953576118, 35.033602457069691 ], [ -106.629523766045025, 35.032270460997594 ], [ -106.630141931808481, 35.030849661455449 ], [ -106.630802575507559, 35.029626447492824 ], [ -106.631911563253908, 35.027696980333793 ], [ -106.631971802964017, 35.027592170578295 ], [ -106.632019087982115, 35.02751470597898 ], [ -106.63263026333108, 35.026564422666823 ], [ -106.632909212567796, 35.026143225832051 ], [ -106.633015545206632, 35.02598681008358 ], [ -106.633237547771444, 35.025660239363667 ], [ -106.633301743348696, 35.025566151953868 ], [ -106.633432872523471, 35.02537396047402 ], [ -106.633848070270616, 35.024765417905719 ], [ -106.633866070342847, 35.024739035544208 ], [ -106.634612279313515, 35.024041872924023 ], [ -106.634633932963681, 35.02402166020093 ], [ -106.635406932541969, 35.023574660250503 ], [ -106.635548425607539, 35.023522944610363 ], [ -106.63557267874917, 35.023514044036148 ], [ -106.635625798789164, 35.023494664174223 ], [ -106.63603893218567, 35.023343660053186 ], [ -106.637246931211521, 35.023341837067754 ], [ -106.637825771032027, 35.024494527608887 ], [ -106.637864613219861, 35.025669354910725 ], [ -106.637882556265424, 35.026212070108123 ], [ -106.637901992801147, 35.026799921222548 ], [ -106.637977075064484, 35.029070699587855 ], [ -106.637967602546979, 35.029997400612409 ], [ -106.637966314950944, 35.030123365136774 ], [ -106.637957182476526, 35.031016758596273 ], [ -106.637884566006576, 35.037790935966726 ], [ -106.637875864920304, 35.038675848681173 ], [ -106.637876174625234, 35.04031594920238 ], [ -106.637876228460854, 35.04054581247847 ], [ -106.637866810447662, 35.041104409195832 ], [ -106.637860914486922, 35.041454127112928 ], [ -106.638048197664318, 35.047430871809851 ], [ -106.638075434635212, 35.048254663714445 ], [ -106.637975434589549, 35.050554663924565 ], [ -106.638075435921223, 35.059474665971095 ], [ -106.638275435988746, 35.061074665954457 ], [ -106.638875436046163, 35.063344666232759 ], [ -106.639076445813515, 35.065826499947718 ], [ -106.639275437233735, 35.068314666978175 ], [ -106.639985125606458, 35.071738932120063 ], [ -106.640075436921734, 35.072174666896792 ], [ -106.6400427667934, 35.073032398974732 ], [ -106.640039599389681, 35.07309470606144 ], [ -106.62997593522752, 35.07304066779291 ], [ -106.629659580160364, 35.073420846978188 ], [ -106.629452368428801, 35.07361883498578 ], [ -106.627755352757603, 35.075696869890415 ], [ -106.627523928061535, 35.075447592458055 ], [ -106.627115935238663, 35.075162668466426 ], [ -106.626817742168853, 35.075083092591861 ], [ -106.626675434739496, 35.075044668380265 ], [ -106.62539454313108, 35.075031366089881 ], [ -106.624062384905031, 35.075034503117593 ], [ -106.622388557009259, 35.075045152931907 ], [ -106.622126480153824, 35.075046042075932 ], [ -106.622102934366453, 35.07506611943171 ], [ -106.621962217576069, 35.075185383723543 ], [ -106.621930663718373, 35.075209575511714 ], [ -106.621901331853593, 35.075220326979952 ], [ -106.62187952236863, 35.075228690856662 ], [ -106.621515214408419, 35.075405654399418 ], [ -106.621208860899159, 35.075484892921509 ], [ -106.620811152716868, 35.075479301749063 ], [ -106.61954910078066, 35.075487300536643 ], [ -106.618309081017102, 35.075486925889329 ], [ -106.617709359581454, 35.075473593073312 ], [ -106.617067760221303, 35.075458774044343 ], [ -106.616410803089664, 35.075469259526848 ], [ -106.615787761385604, 35.075478418594301 ], [ -106.614565758270004, 35.075482098030427 ], [ -106.613510652166042, 35.075459601476929 ], [ -106.613315111131328, 35.075456343594674 ], [ -106.613299115083038, 35.079086301700009 ], [ -106.612049923059232, 35.07909003739605 ], [ -106.610815380971999, 35.079093446202862 ], [ -106.609538667712414, 35.079091738125818 ], [ -106.608259073590389, 35.079072444924023 ], [ -106.60703746334228, 35.079075055903687 ], [ -106.605789018541657, 35.079063579544425 ], [ -106.604556487125265, 35.079050690723591 ], [ -106.604545431512634, 35.078463416268718 ], [ -106.603369411982754, 35.078462022186791 ], [ -106.602229215164328, 35.078443430970175 ], [ -106.59993218522925, 35.078450080560955 ], [ -106.599912773576065, 35.079123528009283 ], [ -106.599911465138774, 35.079168940838457 ], [ -106.599872954941546, 35.079229801077879 ], [ -106.598947064630011, 35.079133581630309 ], [ -106.598797256542483, 35.079117489788224 ], [ -106.596383084348872, 35.078869299618553 ], [ -106.595329221974396, 35.078740634691997 ], [ -106.592301925435024, 35.078413458671896 ], [ -106.590322685321979, 35.07819904731123 ], [ -106.590289924527227, 35.078195498254921 ], [ -106.589333237593706, 35.078086585698138 ], [ -106.588320495292109, 35.078003227727564 ], [ -106.587322848019099, 35.077895026541583 ], [ -106.586198033225088, 35.077787259875109 ], [ -106.584438269262932, 35.07756818185026 ], [ -106.583579758322571, 35.077486342049014 ], [ -106.582695442285427, 35.077386911920335 ], [ -106.581817079993655, 35.077281388634454 ], [ -106.580943480052582, 35.077179376089283 ], [ -106.580091849799715, 35.077119851635764 ], [ -106.579214427641929, 35.077011256387188 ], [ -106.578351710806814, 35.076915055981111 ], [ -106.57745093753762, 35.076799898986515 ] ] ] } },
{ "type": "Feature", "properties": { "NAME": "POLK", "ID": 448 }, "geometry": { "type": "Polygon", "coordinates": [ [ [ -106.637876228460854, 35.04054581247847 ], [ -106.637876174625234, 35.04031594920238 ], [ -106.637875864920304, 35.038675848681173 ], [ -106.637884566006576, 35.037790935966726 ], [ -106.637957182476526, 35.031016758596273 ], [ -106.637966314950944, 35.030123365136774 ], [ -106.637967602546979, 35.029997400612409 ], [ -106.637977075064484, 35.029070699587855 ], [ -106.637901992801147, 35.026799921222548 ], [ -106.637882556265424, 35.026212070108123 ], [ -106.637864613219861, 35.025669354910725 ], [ -106.637825771032027, 35.024494527608887 ], [ -106.637246931211521, 35.023341837067754 ], [ -106.637526778210756, 35.021008548881156 ], [ -106.6376666978598, 35.019841837083469 ], [ -106.637806613692192, 35.018675124926268 ], [ -106.639129149530362, 35.015001649910509 ], [ -106.640451568540769, 35.011328158136649 ], [ -106.641773869667531, 35.007654651417177 ], [ -106.643096055124317, 35.003981127948045 ], [ -106.644063090459483, 35.00130241169083 ], [ -106.645030063543857, 34.99862368696806 ], [ -106.645996974389504, 34.995944953782001 ], [ -106.646963823004143, 34.993266211233561 ], [ -106.646982632097576, 34.99320820161131 ], [ -106.64699317100667, 34.993175689086215 ], [ -106.649166634396877, 34.986470397762069 ], [ -106.65133821012698, 34.979764724148694 ], [ -106.653508666172129, 34.973058837985384 ], [ -106.655678774649687, 34.966352908042673 ], [ -106.656116529563008, 34.964708102942481 ], [ -106.656554268387382, 34.963063295034267 ], [ -106.656991990034342, 34.961418485223511 ], [ -106.657429694505907, 34.959773673510483 ], [ -106.658002945429928, 34.958234080555208 ], [ -106.658576175178098, 34.956694484652367 ], [ -106.659513514613806, 34.954995126647873 ], [ -106.66047970037998, 34.953014174235371 ], [ -106.661445841156763, 34.95103321290992 ], [ -106.662411935860177, 34.949052243578386 ], [ -106.66336819543605, 34.947072097357655 ], [ -106.663811703375544, 34.945475511866043 ], [ -106.664254798973133, 34.94387974885057 ], [ -106.667008101884036, 34.930785263612762 ], [ -106.669760550948169, 34.917690693081958 ], [ -106.670410149516115, 34.911998145426089 ], [ -106.671059662495566, 34.906305588708499 ], [ -106.671067864674157, 34.906250597104844 ], [ -106.671097038313206, 34.906249954241837 ], [ -106.675374932267175, 34.906155639796062 ], [ -106.6787768716773, 34.906183291377573 ], [ -106.68267795500951, 34.906214883642285 ], [ -106.686153934710063, 34.906242639342814 ], [ -106.686352934877689, 34.905945639681065 ], [ -106.686427934829922, 34.905574639095207 ], [ -106.688768935049197, 34.903081638513648 ], [ -106.690407935299831, 34.901524638596143 ], [ -106.693018103970658, 34.899695832841942 ], [ -106.69430393600399, 34.898794638175303 ], [ -106.696211936008353, 34.896917637128553 ], [ -106.697016936253803, 34.895819637688739 ], [ -106.698376936507515, 34.893528637319548 ], [ -106.699579236580519, 34.890137707959681 ], [ -106.700270032148509, 34.88818939115783 ], [ -106.700826935781436, 34.886618635260902 ], [ -106.701672348168572, 34.885286745852532 ], [ -106.702341362126901, 34.884232818678107 ], [ -106.702896935942178, 34.883357635070595 ], [ -106.703758489884166, 34.882123815760728 ], [ -106.704671936596895, 34.880815634861548 ], [ -106.705921936286401, 34.880128634091179 ], [ -106.70728293660251, 34.879804634454345 ], [ -106.710590469351672, 34.879422568932171 ], [ -106.711255938235297, 34.879345634194216 ], [ -106.712699937699199, 34.879023633600205 ], [ -106.715111382377671, 34.878055590686294 ], [ -106.715616938687745, 34.877852633381906 ], [ -106.716310938804313, 34.877211633665191 ], [ -106.716698939298496, 34.876500632936221 ], [ -106.717502938685541, 34.875425632819258 ], [ -106.718363939399552, 34.874622632720722 ], [ -106.719055939351662, 34.873111632560438 ], [ -106.719970939671271, 34.871552632473467 ], [ -106.720269978889547, 34.870088063016709 ], [ -106.720302939146052, 34.869926632377897 ], [ -106.721101941491966, 34.869939560542306 ], [ -106.72404017219425, 34.869987034272064 ], [ -106.72438694052812, 34.869992632326728 ], [ -106.734396946507999, 34.869979209652961 ], [ -106.73468650428282, 34.869979252067004 ], [ -106.734828941587537, 34.86997931525601 ], [ -106.740126943874628, 34.869971631005434 ], [ -106.745632944624916, 34.870050631068359 ], [ -106.75000994614804, 34.869955630948049 ], [ -106.909906981203036, 34.869564622056458 ], [ -106.931994980966778, 34.869851869207643 ], [ -106.932902985913913, 34.869863620521691 ], [ -107.000010000705871, 34.869613617339589 ], [ -107.00461700150575, 34.869729624040467 ], [ -107.009157996784708, 34.869843777693873 ], [ -107.023873005922241, 34.870212615386713 ], [ -107.024419011505273, 34.871029181222312 ], [ -107.024542089253828, 34.871215176120451 ], [ -107.024550544579512, 34.871233750112857 ], [ -107.024589266504321, 34.8713287277969 ], [ -107.028293007310737, 34.880429617189115 ], [ -107.035254941669336, 34.894562196641445 ], [ -107.035912876411885, 34.895898326794594 ], [ -107.037641262555525, 34.899405643884407 ], [ -107.061731769572006, 34.948268199099189 ], [ -107.062124692176383, 34.949064616169679 ], [ -107.062503268994902, 34.949831938830208 ], [ -107.064145038653891, 34.953159382527978 ], [ -107.065557944658451, 34.956022738286947 ], [ -107.065570327110592, 34.956047829896967 ], [ -107.066113193483716, 34.957147618578908 ], [ -107.065991512614602, 34.957146746836266 ], [ -107.065983947181635, 34.957146692194797 ], [ -107.065976382852469, 34.957146638446872 ], [ -107.065961254185225, 34.957146530048234 ], [ -107.065953872706629, 34.957146475971939 ], [ -107.065946492340743, 34.95714642369061 ], [ -106.963158625902565, 34.956367563145122 ], [ -106.962003031669383, 34.956358312297823 ], [ -106.948974329329161, 34.956382043908675 ], [ -106.948928208082933, 34.956382245317585 ], [ -106.948882086392331, 34.956382394426981 ], [ -106.947620879090252, 34.956386278043524 ], [ -106.947613656990725, 34.956391456027461 ], [ -106.947606435977505, 34.956396633103282 ], [ -106.94529529992397, 34.958053479655483 ], [ -106.944074438011114, 34.958928701793745 ], [ -106.942883832044117, 34.95978222491447 ], [ -106.940324713144747, 34.961616914882633 ], [ -106.936392648723, 34.964435129954381 ], [ -106.936366247397672, 34.964454052002139 ], [ -106.936365917577817, 34.964454289146317 ], [ -106.936363088470713, 34.964456316285094 ], [ -106.936357100436183, 34.964460607706634 ], [ -106.933992362908683, 34.976085131729626 ], [ -106.933186559439633, 34.97833511220302 ], [ -106.932626029935577, 34.979897295503896 ], [ -106.932496322039626, 34.980258451435049 ], [ -106.93207502387834, 34.981432942224117 ], [ -106.931463133839529, 34.98313583306534 ], [ -106.92966110524047, 34.988152728070929 ], [ -106.929657370550657, 34.988163122906066 ], [ -106.929656436885509, 34.98816572251625 ], [ -106.929653636955265, 34.988173517734971 ], [ -106.926897363406496, 34.995846135605106 ], [ -106.926910074848251, 34.996335938421467 ], [ -106.927110865833725, 35.00402559612877 ], [ -106.926489274319763, 35.004029382804788 ], [ -106.903601984846773, 35.004166671935856 ], [ -106.886123882196088, 35.004268611103996 ], [ -106.876285525454549, 35.004389534845309 ], [ -106.876221330577977, 35.004390320372273 ], [ -106.87557810216488, 35.004398184876806 ], [ -106.875204578752829, 35.00440275056598 ], [ -106.875165001383394, 35.004403233855818 ], [ -106.797855987636979, 35.004499052857604 ], [ -106.780173407928714, 35.004440033290088 ], [ -106.767016511678946, 35.004478508332404 ], [ -106.766629425681771, 35.004479721897916 ], [ -106.766328451040124, 35.004480663534764 ], [ -106.765876385652732, 35.00448238004595 ], [ -106.765700672318232, 35.004482918433716 ], [ -106.76547417177494, 35.004483599228308 ], [ -106.765381121494215, 35.00448343452549 ], [ -106.765168573693813, 35.004483314508576 ], [ -106.762545347310123, 35.004469416227629 ], [ -106.760404694887967, 35.004498999240845 ], [ -106.745055955505634, 35.00455863975089 ], [ -106.744998815281491, 35.004558672648322 ], [ -106.717394260602205, 35.004571403439449 ], [ -106.717065982569437, 35.004509376204368 ], [ -106.714324268738267, 35.004545848574132 ], [ -106.713891006351801, 35.004635656433592 ], [ -106.713543809829602, 35.004579072792211 ], [ -106.713376025396428, 35.004551443516952 ], [ -106.713359985128051, 35.004616392046593 ], [ -106.712635333137527, 35.004546410657333 ], [ -106.712558436605121, 35.004571654393096 ], [ -106.712463617410052, 35.004604324103795 ], [ -106.711604110186684, 35.00450608005859 ], [ -106.707252188498089, 35.004466691979445 ], [ -106.706825947388936, 35.00516265332395 ], [ -106.703173946850853, 35.010009654593446 ], [ -106.702739946450663, 35.011439654954117 ], [ -106.702744366812851, 35.011886506860073 ], [ -106.702787582228638, 35.01609010263163 ], [ -106.7025939565046, 35.016240659468231 ], [ -106.697946188528007, 35.016278616841134 ], [ -106.697822946644436, 35.016369690182053 ], [ -106.695721390833427, 35.016404894599162 ], [ -106.692810186027074, 35.016453583510426 ], [ -106.686319195457344, 35.016464551595938 ], [ -106.686221965750931, 35.01645785886879 ], [ -106.684671038329938, 35.016352656925328 ], [ -106.684468942511472, 35.016481682069916 ], [ -106.671702328271436, 35.016654967781072 ], [ -106.67158048977187, 35.016656570163022 ], [ -106.6716872976736, 35.017734574877345 ], [ -106.672619726249607, 35.026717579964227 ], [ -106.672680438918547, 35.027254811628758 ], [ -106.67256002133513, 35.030901189071095 ], [ -106.672475441011855, 35.033554659494165 ], [ -106.671081406532707, 35.037854483549147 ], [ -106.670590574054302, 35.038178357701014 ], [ -106.668676198593715, 35.039455033240237 ], [ -106.662061625549129, 35.047535420239925 ], [ -106.662057191679665, 35.047555526108432 ], [ -106.661821792524904, 35.047850018807971 ], [ -106.661657784774818, 35.047851809507115 ], [ -106.658271480343231, 35.047888739192935 ], [ -106.658086955938799, 35.047890643685676 ], [ -106.657825967767437, 35.047893366563393 ], [ -106.657758942847437, 35.047894346369915 ], [ -106.657088014733418, 35.047901656650666 ], [ -106.657089718561693, 35.047531664281124 ], [ -106.657089841055821, 35.047502665741234 ], [ -106.657107938849819, 35.044298661593956 ], [ -106.657043824991433, 35.044299223768242 ], [ -106.657011804235495, 35.044299505172027 ], [ -106.655054934620011, 35.044316661446281 ], [ -106.654685268715411, 35.044255691609322 ], [ -106.654243876110385, 35.044262972958407 ], [ -106.654169879220802, 35.044264124545357 ], [ -106.651650794305311, 35.044303813006124 ], [ -106.651560749003934, 35.04430496835095 ], [ -106.651396879458858, 35.044307182807586 ], [ -106.650944202842439, 35.044314264119755 ], [ -106.650298675609363, 35.04432435821947 ], [ -106.649901888072208, 35.044330561618665 ], [ -106.649691759323574, 35.044333806961603 ], [ -106.649451888351976, 35.044337509547702 ], [ -106.648907005010244, 35.04434632012002 ], [ -106.648420929476231, 35.044354177017503 ], [ -106.6479857045546, 35.044361210716552 ], [ -106.647841044956238, 35.044363547564217 ], [ -106.647739497618858, 35.044353566899971 ], [ -106.646430936748374, 35.044213662896809 ], [ -106.646402763560729, 35.044204908021058 ], [ -106.646265271800232, 35.044160953048902 ], [ -106.646213851065042, 35.044144720723025 ], [ -106.645928936297864, 35.044053662250256 ], [ -106.645848290193015, 35.044009554640525 ], [ -106.645777818287343, 35.0439713417883 ], [ -106.645670654348763, 35.04391254292721 ], [ -106.645588634200763, 35.043867569715118 ], [ -106.645475110157832, 35.043805213521921 ], [ -106.645385503126192, 35.04375596403532 ], [ -106.64528373745496, 35.043700440269518 ], [ -106.645188688469688, 35.043647782817786 ], [ -106.643736863862344, 35.042624285932554 ], [ -106.643701935734612, 35.042599662307893 ], [ -106.643688278988392, 35.042562103114506 ], [ -106.643668749103455, 35.04250621285324 ], [ -106.643643745040634, 35.042435181395099 ], [ -106.643616913974142, 35.042359381725028 ], [ -106.643592912909739, 35.042291088340846 ], [ -106.643563688172804, 35.042195426436813 ], [ -106.64343747897145, 35.04185286260396 ], [ -106.643426654521477, 35.041823482154776 ], [ -106.643388531909423, 35.041720007248841 ], [ -106.643376926793451, 35.041688509091045 ], [ -106.643356336299718, 35.041630785032673 ], [ -106.643291774280513, 35.041551601816593 ], [ -106.643247439967041, 35.04149766511032 ], [ -106.643150048475917, 35.041379184483212 ], [ -106.643100935666695, 35.041318662712321 ], [ -106.643033827881595, 35.041220928335854 ], [ -106.642802489473524, 35.040884006662786 ], [ -106.642422862692527, 35.04071529445045 ], [ -106.641750173691804, 35.040505044473115 ], [ -106.639632400870084, 35.040540185706355 ], [ -106.637876228460854, 35.04054581247847 ] ] ] } },
{ "type": "Feature", "properties": { "NAME": "TRUMAN", "ID": 475 }, "geometry": { "type": "Polygon", "coordinates": [ [ [ -106.710267065225565, 35.04356208151944 ], [ -106.711980011782543, 35.04377532940223 ], [ -106.711926277467768, 35.043876670276127 ], [ -106.715055197862412, 35.043930591326117 ], [ -106.71767559697922, 35.043927892849673 ], [ -106.726223716519968, 35.043917888558425 ], [ -106.726396164862152, 35.043918622338836 ], [ -106.726465500110294, 35.043921540327496 ], [ -106.726342946298587, 35.044136723242552 ], [ -106.726316274307507, 35.0441897605793 ], [ -106.726990259604122, 35.044392780011023 ], [ -106.72780671450839, 35.044492412775959 ], [ -106.728616549123274, 35.044491030928349 ], [ -106.728926574034702, 35.044472786232838 ], [ -106.729218955496322, 35.044467658113696 ], [ -106.732680091546626, 35.043986208349345 ], [ -106.732856249783509, 35.043945671156543 ], [ -106.734753683872285, 35.04365566523856 ], [ -106.736631352709622, 35.046843329200534 ], [ -106.737893956866998, 35.048986658177192 ], [ -106.739692957936697, 35.052246658599543 ], [ -106.740743674860994, 35.055627912143819 ], [ -106.741347659145163, 35.057602468500427 ], [ -106.741483125971826, 35.059525175611633 ], [ -106.741776644474783, 35.063690824505819 ], [ -106.741495959640261, 35.063525660324487 ], [ -106.740214959260257, 35.063472660759288 ], [ -106.738271958903439, 35.063035660295398 ], [ -106.73041695640822, 35.063740660666532 ], [ -106.72763589766852, 35.063934787367408 ], [ -106.725533964067807, 35.064112363309931 ], [ -106.723337659646006, 35.064317129067526 ], [ -106.723228135072176, 35.064327417417708 ], [ -106.715600931259402, 35.065043660194071 ], [ -106.71034438224423, 35.066101044098424 ], [ -106.710265624811825, 35.066116874128149 ], [ -106.711091037497695, 35.068104437559363 ], [ -106.711213050712587, 35.068398232451955 ], [ -106.711496070639086, 35.069080868743931 ], [ -106.711794739977776, 35.069804440992471 ], [ -106.711829452934097, 35.069888538816897 ], [ -106.713118320195946, 35.073257826983244 ], [ -106.713141457918553, 35.073317850204255 ], [ -106.713398453446857, 35.073984538500298 ], [ -106.71353268822341, 35.074690185631283 ], [ -106.713546420334325, 35.074762368340615 ], [ -106.713438453068534, 35.075442539218784 ], [ -106.713154287591479, 35.076098036809761 ], [ -106.712908043051996, 35.07642308331139 ], [ -106.712375246950884, 35.07687405343146 ], [ -106.711355515445007, 35.077543598082713 ], [ -106.711337382461892, 35.077556423511993 ], [ -106.711039258070983, 35.077884294866273 ], [ -106.710571207026817, 35.078401791353798 ], [ -106.710519561212919, 35.078832623758224 ], [ -106.710447753871733, 35.07943946453679 ], [ -106.710537038176653, 35.079996759162256 ], [ -106.709482462783214, 35.080221095820249 ], [ -106.709418209268776, 35.080234919621375 ], [ -106.704820493424023, 35.081218249561822 ], [ -106.702023326101155, 35.081885027144409 ], [ -106.700688389103604, 35.082191831508865 ], [ -106.698285822700441, 35.082708781451437 ], [ -106.696685804443405, 35.083097402411532 ], [ -106.695505970971155, 35.083376399621827 ], [ -106.694312640571994, 35.083607452333887 ], [ -106.6942953957291, 35.08358863099717 ], [ -106.693823186442486, 35.083181733704883 ], [ -106.692625968492194, 35.082633579606821 ], [ -106.692067409144414, 35.082076466890499 ], [ -106.691577060347299, 35.081588708821236 ], [ -106.691184755370031, 35.081198237403818 ], [ -106.690311132544693, 35.080327981518707 ], [ -106.689987047090753, 35.080005950897338 ], [ -106.689898183324431, 35.079602518878239 ], [ -106.689911131653375, 35.079584698866469 ], [ -106.690301537921371, 35.079050395444575 ], [ -106.690325521954549, 35.079031932248903 ], [ -106.690508869092383, 35.078891387069113 ], [ -106.690567381865492, 35.078846533670237 ], [ -106.690797025094597, 35.078670166497453 ], [ -106.690814923647451, 35.078645729759906 ], [ -106.690830495401656, 35.078621525939241 ], [ -106.691263017799656, 35.077949262064735 ], [ -106.691373018075168, 35.076961262255793 ], [ -106.691357871675848, 35.076878451297503 ], [ -106.691348593525248, 35.076827712516298 ], [ -106.691426341312862, 35.076823589366178 ], [ -106.69092241111143, 35.07575305462111 ], [ -106.691181832359959, 35.075769586772871 ], [ -106.691644743943286, 35.07589608770688 ], [ -106.691912360414776, 35.075425139293245 ], [ -106.691633976531278, 35.075335737554838 ], [ -106.691782512675772, 35.07500113959118 ], [ -106.691971757950711, 35.074697774484918 ], [ -106.692282830181725, 35.074521852265768 ], [ -106.692472759650002, 35.0744144391238 ], [ -106.692527944760513, 35.074271919009007 ], [ -106.692879440247225, 35.074013316083104 ], [ -106.693122856038741, 35.073776116342984 ], [ -106.693543381910274, 35.073218841162436 ], [ -106.693830160090783, 35.072881574196863 ], [ -106.694562613503223, 35.072613451399064 ], [ -106.694402408697357, 35.072528787141032 ], [ -106.694612294359473, 35.07228889109917 ], [ -106.694553838852386, 35.072265194314255 ], [ -106.694430325820747, 35.072214339831454 ], [ -106.69456731856296, 35.07202387442387 ], [ -106.694798894895101, 35.071702243052862 ], [ -106.69483890122288, 35.071722021161648 ], [ -106.695047943405982, 35.071492985451314 ], [ -106.695178360453468, 35.071555175896492 ], [ -106.695330121633503, 35.071382167952514 ], [ -106.695232573644304, 35.071330407628672 ], [ -106.695364658199125, 35.07117641682013 ], [ -106.695505869537257, 35.070935297476822 ], [ -106.6957126340983, 35.071024560610624 ], [ -106.695749923248584, 35.071040711040496 ], [ -106.695930313277046, 35.07111862587 ], [ -106.696748894428225, 35.070118348592949 ], [ -106.696771768991866, 35.070090395887462 ], [ -106.696789756244598, 35.070068415284219 ], [ -106.697066346398756, 35.069730426301014 ], [ -106.697107242515287, 35.069690873901159 ], [ -106.697555160118156, 35.069257669752794 ], [ -106.697786379819902, 35.069046746902288 ], [ -106.697860132476606, 35.068979469516215 ], [ -106.697983328585138, 35.068867086415267 ], [ -106.698654809600626, 35.068254538198367 ], [ -106.69926203931351, 35.067840053769075 ], [ -106.699340331699133, 35.06772967005552 ], [ -106.699501082238626, 35.067673486259082 ], [ -106.699537757322091, 35.067658573701202 ], [ -106.70100207844331, 35.067930663000958 ], [ -106.701028710175351, 35.067875919629607 ], [ -106.701125376582311, 35.067508500643847 ], [ -106.701133542658908, 35.067487152684095 ], [ -106.701991280401785, 35.065244747912139 ], [ -106.702215488028372, 35.064659104464631 ], [ -106.702513956843362, 35.063879476275126 ], [ -106.703126184770298, 35.062321352065517 ], [ -106.703656953707451, 35.060897040026887 ], [ -106.70370669279842, 35.060772427966818 ], [ -106.703720278888028, 35.060739375783463 ], [ -106.703869352925622, 35.060398479154792 ], [ -106.704442192103954, 35.058924296065598 ], [ -106.704845560134984, 35.057777374403045 ], [ -106.704873323960086, 35.057701466011217 ], [ -106.704897011035555, 35.057636705874536 ], [ -106.7050016508325, 35.057423708775517 ], [ -106.705143453724929, 35.057212359738124 ], [ -106.70516483237337, 35.057186844056417 ], [ -106.705258796978484, 35.057074694744969 ], [ -106.705452047397472, 35.056930263811275 ], [ -106.705555219220798, 35.056864334283397 ], [ -106.705802985870548, 35.056734302531396 ], [ -106.705793338147359, 35.056693591188534 ], [ -106.705652054074065, 35.056097389009452 ], [ -106.705709685992659, 35.055846887873294 ], [ -106.705854045822349, 35.055219414602881 ], [ -106.705860377305655, 35.055191895509019 ], [ -106.705949650959639, 35.054862780156029 ], [ -106.706562438471309, 35.053222857325636 ], [ -106.706847265886751, 35.052449855610703 ], [ -106.707227747454425, 35.051417230260846 ], [ -106.707560171596143, 35.050602911140736 ], [ -106.707855577964196, 35.049879260402427 ], [ -106.708512002775393, 35.048115069264938 ], [ -106.708744969912004, 35.047590210564735 ], [ -106.708758507680415, 35.047554160601123 ], [ -106.709367644093788, 35.045931999083507 ], [ -106.71013258413457, 35.043893566146458 ], [ -106.710267065225565, 35.04356208151944 ] ] ] } },
{ "type": "Feature", "properties": { "NAME": "DESERT RIDGE", "ID": 430 }, "geometry": { "type": "Polygon", "coordinates": [ [ [ -106.459432135450911, 35.217790675095721 ], [ -106.458497953532657, 35.216768937460458 ], [ -106.457902622611812, 35.216069094712054 ], [ -106.457693908214679, 35.215802698931348 ], [ -106.456545908334334, 35.214551698578347 ], [ -106.456503908236911, 35.214528698770245 ], [ -106.456229673457415, 35.214303150887147 ], [ -106.455661738376548, 35.213836038856897 ], [ -106.451735907451351, 35.210588698625983 ], [ -106.451665474609044, 35.21054898761048 ], [ -106.451601957746462, 35.210496648477211 ], [ -106.449583125237154, 35.209113378115021 ], [ -106.449425187153437, 35.209005158061984 ], [ -106.444728905111731, 35.205759698327348 ], [ -106.443766194100746, 35.205345178819051 ], [ -106.443449448580267, 35.205201779151786 ], [ -106.44035933498067, 35.203870671484765 ], [ -106.436274751556141, 35.202304201441116 ], [ -106.436250757853813, 35.202294957100818 ], [ -106.436150232517306, 35.20222694102435 ], [ -106.43381486584515, 35.200777848014958 ], [ -106.433529431977419, 35.200598335038336 ], [ -106.432850057792209, 35.2001671040411 ], [ -106.432813852859326, 35.200144123244904 ], [ -106.432785150675301, 35.200125904250605 ], [ -106.432762978170373, 35.200109979481574 ], [ -106.432732627534307, 35.200080461579311 ], [ -106.432710994418017, 35.200057243317623 ], [ -106.432625454095486, 35.199967460682466 ], [ -106.432237507127397, 35.199567143917356 ], [ -106.431985686423857, 35.199304514146156 ], [ -106.43132867586155, 35.198626485388516 ], [ -106.431253314812267, 35.198556627328621 ], [ -106.431214542790102, 35.198523952168522 ], [ -106.431148542165872, 35.198468074931796 ], [ -106.430901225969706, 35.19820368550721 ], [ -106.430706901220006, 35.198006697602743 ], [ -106.430642783848327, 35.197984139105351 ], [ -106.430539151168105, 35.197941629264804 ], [ -106.429791901550047, 35.197657697562427 ], [ -106.429704898408446, 35.197608676433013 ], [ -106.429683483335808, 35.197588533018042 ], [ -106.429657818633032, 35.197568045242512 ], [ -106.429640356008136, 35.197552415790369 ], [ -106.428156881831697, 35.1965758809649 ], [ -106.428119610467675, 35.196552018704736 ], [ -106.427796728888865, 35.196345299203195 ], [ -106.427546375283754, 35.196188589149507 ], [ -106.427243237825152, 35.195998837719813 ], [ -106.426893900378204, 35.195761697443679 ], [ -106.426828418662055, 35.195739668955497 ], [ -106.426799134947657, 35.195720346007505 ], [ -106.426353050680859, 35.195520592991286 ], [ -106.426249151033332, 35.195474022447058 ], [ -106.424944450039035, 35.194885884462913 ], [ -106.424888380325243, 35.1948606087483 ], [ -106.423428769773423, 35.194060616089551 ], [ -106.421521875630035, 35.193014780807054 ], [ -106.419280270519209, 35.191339665513659 ], [ -106.419171568048014, 35.191252689241743 ], [ -106.41603645933499, 35.188573486285364 ], [ -106.416054464636971, 35.188504017029118 ], [ -106.416063518409786, 35.188473366323436 ], [ -106.418193896822174, 35.181260695476681 ], [ -106.418262079417204, 35.181136531236589 ], [ -106.418409150622182, 35.180868704808205 ], [ -106.418432048233171, 35.180827005454709 ], [ -106.419190169313779, 35.179444473587225 ], [ -106.419215672672522, 35.179398549868459 ], [ -106.419241506346808, 35.179352030728296 ], [ -106.419288742353572, 35.179278072313778 ], [ -106.419307503263454, 35.179261322471049 ], [ -106.420006667162994, 35.178835246619627 ], [ -106.421384630431348, 35.178369509116919 ], [ -106.42755647064854, 35.177018408925385 ], [ -106.427588691149055, 35.176998784990495 ], [ -106.428027829618657, 35.176731329509572 ], [ -106.429841845984441, 35.174799612055672 ], [ -106.430430514845838, 35.174569995581706 ], [ -106.431620283384234, 35.174463099026823 ], [ -106.431650339082879, 35.174439031319153 ], [ -106.432363136422026, 35.173851887744433 ], [ -106.432581310892189, 35.173672030654657 ], [ -106.432601595975513, 35.173655262924285 ], [ -106.432656396978189, 35.173610101677198 ], [ -106.432680131434864, 35.173590842543327 ], [ -106.432720772030635, 35.173570669980165 ], [ -106.433624470937943, 35.173122096835691 ], [ -106.435223448326468, 35.17304021170024 ], [ -106.435254741318801, 35.173019751495929 ], [ -106.438476462565973, 35.171075215011577 ], [ -106.438511737647275, 35.171033191472993 ], [ -106.439754511068088, 35.169555577477695 ], [ -106.43978286332478, 35.169531109263666 ], [ -106.44091363545968, 35.1685505640163 ], [ -106.441756366645805, 35.168318882652855 ], [ -106.443010689345329, 35.168282296784525 ], [ -106.445264692559434, 35.167848828776854 ], [ -106.445294747366063, 35.167824332186257 ], [ -106.446862635434698, 35.16653184538405 ], [ -106.44792432775084, 35.166118561586899 ], [ -106.449555204054732, 35.166244055716064 ], [ -106.44965349293085, 35.166209686558311 ], [ -106.450446147245415, 35.165927630046113 ], [ -106.45174585425643, 35.165464247172665 ], [ -106.453018332163623, 35.165010553182405 ], [ -106.453566624555336, 35.164815057535598 ], [ -106.453870548444598, 35.164706384515817 ], [ -106.453908320167884, 35.16469253331109 ], [ -106.455738280206148, 35.165250309083653 ], [ -106.455760642094987, 35.165257124808612 ], [ -106.458942929358003, 35.164070423543471 ], [ -106.460230587964844, 35.164185169517893 ], [ -106.460288862519249, 35.164171564700574 ], [ -106.460341674668825, 35.164158793262025 ], [ -106.468673906658566, 35.162102690407835 ], [ -106.470908907756296, 35.161171689990766 ], [ -106.471554907249683, 35.161003690304163 ], [ -106.471979907887487, 35.160942690259169 ], [ -106.472922224980579, 35.161215274137597 ], [ -106.473386908170852, 35.161349689430935 ], [ -106.4736733532134, 35.161337515137333 ], [ -106.474512716365325, 35.161300613244507 ], [ -106.474547458190884, 35.161294912108218 ], [ -106.475244354760349, 35.161172783956374 ], [ -106.478880585503106, 35.160535446298802 ], [ -106.478923033774578, 35.160527864254625 ], [ -106.478957908648141, 35.16052168924422 ], [ -106.47897947407985, 35.160513561603423 ], [ -106.479328369957742, 35.160383900967815 ], [ -106.479357702506618, 35.160368333335029 ], [ -106.479385731625655, 35.160350644352825 ], [ -106.479415283387524, 35.16033184189768 ], [ -106.479450825810687, 35.160306612488682 ], [ -106.479477589917096, 35.160287594443027 ], [ -106.479498294991643, 35.160276852338932 ], [ -106.479526187995035, 35.160259184315215 ], [ -106.479564787084868, 35.16023462426589 ], [ -106.479927075191597, 35.1600052598776 ], [ -106.479970646401853, 35.159977534294725 ], [ -106.48000781005878, 35.159953966617586 ], [ -106.48011593893753, 35.159885682176714 ], [ -106.480138581921807, 35.159874796557702 ], [ -106.480161646840358, 35.159864064280441 ], [ -106.480191286910951, 35.159851018110999 ], [ -106.480215494345757, 35.159845686027438 ], [ -106.480305444719107, 35.159804818326194 ], [ -106.480565710606314, 35.159686569025141 ], [ -106.482834565203774, 35.159161789256927 ], [ -106.483072501518762, 35.159162626245134 ], [ -106.483739476545026, 35.159161015910058 ], [ -106.483766999294815, 35.159160949287497 ], [ -106.483837238617156, 35.159160779488346 ], [ -106.483875532617532, 35.159164104931953 ], [ -106.483934380395027, 35.159171239859951 ], [ -106.483979003463602, 35.159176831008097 ], [ -106.484636960184034, 35.159327380352963 ], [ -106.485836472195999, 35.159500219750278 ], [ -106.486702568626313, 35.159498530757091 ], [ -106.48718159634538, 35.159399055820806 ], [ -106.487593929903483, 35.159124542342418 ], [ -106.488311567419629, 35.15854335615392 ], [ -106.48908356798016, 35.158257401476774 ], [ -106.489589583472863, 35.158256401890469 ], [ -106.490096211693086, 35.158310031201722 ], [ -106.490186568731886, 35.158375422497762 ], [ -106.490220050544934, 35.158388849885206 ], [ -106.490896516965122, 35.158691414443624 ], [ -106.491330951481828, 35.158766743821531 ], [ -106.491709322667376, 35.158766426762519 ], [ -106.491888005895703, 35.158732736435809 ], [ -106.493759470663562, 35.158094912959356 ], [ -106.494251161715724, 35.157754585451599 ], [ -106.494865731970194, 35.157506124776127 ], [ -106.495667521476861, 35.157394312351364 ], [ -106.496500757974289, 35.157201200311931 ], [ -106.497245968092713, 35.157217236669354 ], [ -106.497241953471075, 35.15740461883216 ], [ -106.497245591459802, 35.157430869671288 ], [ -106.497223913060608, 35.158322687865478 ], [ -106.496774912883538, 35.159602688343824 ], [ -106.498144147556218, 35.159649092683708 ], [ -106.502514903441636, 35.159632387911671 ], [ -106.508474264322032, 35.159660018979125 ], [ -106.509143561756034, 35.159654914049732 ], [ -106.510157667445739, 35.159668175278469 ], [ -106.511845283695706, 35.159676328828496 ], [ -106.51404290857468, 35.159686910963707 ], [ -106.514702186658567, 35.15969007785111 ], [ -106.515819670983177, 35.159678224609841 ], [ -106.519834843468345, 35.159690501996359 ], [ -106.519978623818815, 35.159690938902045 ], [ -106.520131134444838, 35.159690521432672 ], [ -106.522995141366366, 35.159682159312332 ], [ -106.523173442994448, 35.159681111985364 ], [ -106.523490556334551, 35.159678371014294 ], [ -106.523564083854254, 35.159681263622559 ], [ -106.524531605309832, 35.159719326524481 ], [ -106.524672148245884, 35.159719962612336 ], [ -106.525908848628788, 35.159725356635633 ], [ -106.528119075878649, 35.159716877601305 ], [ -106.528490829040891, 35.159716023651043 ], [ -106.533479921525227, 35.159660685862036 ], [ -106.533451070036094, 35.161340802805384 ], [ -106.533508989446617, 35.163625561065537 ], [ -106.533446220342896, 35.163675243277908 ], [ -106.533453608859233, 35.164369315649076 ], [ -106.533432995694653, 35.165511890986579 ], [ -106.533448391576826, 35.166962766250585 ], [ -106.533453482580484, 35.168429907510827 ], [ -106.533455682831772, 35.169063949841956 ], [ -106.533439421502749, 35.174381157881577 ], [ -106.533438488873657, 35.174598000620428 ], [ -106.53839792311031, 35.174604688512055 ], [ -106.538437278259437, 35.174603033506727 ], [ -106.53965790172181, 35.174551684475169 ], [ -106.540053691842473, 35.174525121071241 ], [ -106.541518595181017, 35.174426709508026 ], [ -106.541694788839195, 35.174414884793407 ], [ -106.542242303357924, 35.174377254057035 ], [ -106.543359098657632, 35.174319505196664 ], [ -106.548561553836024, 35.174047421864003 ], [ -106.548849003880505, 35.174040827511568 ], [ -106.550287562966872, 35.174007813427906 ], [ -106.551103659551785, 35.173989076634612 ], [ -106.551556909373829, 35.173989764645967 ], [ -106.554014466969875, 35.173993467308499 ], [ -106.554096896282644, 35.173993590332493 ], [ -106.556474609679114, 35.174086877505601 ], [ -106.5599287158133, 35.174222491390225 ], [ -106.560127086394971, 35.174230587056982 ], [ -106.560374052677076, 35.17424088812507 ], [ -106.560417560431347, 35.174242703023808 ], [ -106.560712966954455, 35.174255022889668 ], [ -106.563776345388362, 35.174377954690108 ], [ -106.564369929697733, 35.174401562307033 ], [ -106.566171723889909, 35.174441387872903 ], [ -106.567316305643956, 35.174438394967979 ], [ -106.568849085341213, 35.17442968164039 ], [ -106.571313437174894, 35.17445571554218 ], [ -106.57298074027112, 35.174451281429207 ], [ -106.577595909257511, 35.174211521516277 ], [ -106.58010505937267, 35.174113407987022 ], [ -106.580378834049853, 35.174114429332747 ], [ -106.582608020192836, 35.174265207906757 ], [ -106.583572252981028, 35.174305600355723 ], [ -106.583729485741245, 35.174314021240136 ], [ -106.58476220194494, 35.174351058665287 ], [ -106.585584118900726, 35.174380529631641 ], [ -106.587771081212821, 35.174458917229465 ], [ -106.588338758799665, 35.174474136753403 ], [ -106.588836088734652, 35.174476230702204 ], [ -106.590988879561877, 35.174489107385824 ], [ -106.592944536472189, 35.174500772411569 ], [ -106.593158624257498, 35.174493891167884 ], [ -106.593455178362461, 35.17446816367319 ], [ -106.594948586203259, 35.174434825160809 ], [ -106.595292892613372, 35.174423416308791 ], [ -106.595644947403969, 35.174427763213473 ], [ -106.59567737584517, 35.174428177286984 ], [ -106.595709805395941, 35.174428594052969 ], [ -106.596489455113172, 35.17443857557398 ], [ -106.598219074487204, 35.174440567718754 ], [ -106.598313506775028, 35.174441103910176 ], [ -106.598357119325001, 35.174441539192593 ], [ -106.598472287509367, 35.174442689002731 ], [ -106.599773246967729, 35.174457787689029 ], [ -106.600010443502057, 35.174463043950468 ], [ -106.600139900769705, 35.174467069755345 ], [ -106.601318093803229, 35.174500318240518 ], [ -106.601871168949572, 35.174510950881334 ], [ -106.603071937705451, 35.1745266846372 ], [ -106.603107284742038, 35.174528457504593 ], [ -106.603561676935684, 35.174551241139717 ], [ -106.60538313157015, 35.174645706899206 ], [ -106.605293936535986, 35.178867090289714 ], [ -106.60522593915212, 35.181374685864618 ], [ -106.60471493872798, 35.184660686067247 ], [ -106.603729938340294, 35.188083686718073 ], [ -106.601759543077065, 35.192735993538385 ], [ -106.601268220501822, 35.193895970044245 ], [ -106.601253938377454, 35.193929687432657 ], [ -106.59973034816673, 35.197219127912447 ], [ -106.598181938630674, 35.200562689234886 ], [ -106.597395938418359, 35.201954689391975 ], [ -106.596351938536515, 35.202092689276512 ], [ -106.595430937902691, 35.202600689687557 ], [ -106.592081005206822, 35.207550092975211 ], [ -106.595995962122473, 35.207957242444188 ], [ -106.594035922702787, 35.209525097358593 ], [ -106.592642756038956, 35.209990294280374 ], [ -106.592110521564337, 35.210129860670129 ], [ -106.589671179916749, 35.214126725706571 ], [ -106.588173994987557, 35.214693988291735 ], [ -106.587156997820898, 35.215897564077082 ], [ -106.586398792187978, 35.217505654786038 ], [ -106.586216307757027, 35.217985933015534 ], [ -106.585735735574389, 35.217980692482115 ], [ -106.571956765110983, 35.21781249336464 ], [ -106.57192810832727, 35.21781214048449 ], [ -106.571532780555799, 35.21780728392789 ], [ -106.569072229625121, 35.217777219667113 ], [ -106.568456933925361, 35.21776969282228 ], [ -106.567322386494254, 35.217772785391197 ], [ -106.562739374188808, 35.217785167841498 ], [ -106.562687193682962, 35.21778529540962 ], [ -106.561220292392093, 35.217788880427776 ], [ -106.55981918085395, 35.217777193785381 ], [ -106.524017857560509, 35.217840800259346 ], [ -106.509631688504456, 35.217863763952479 ], [ -106.506277495222093, 35.217864714057747 ], [ -106.459432135450911, 35.217790675095721 ] ] ] } },
{ "type": "Feature", "properties": { "NAME": "TONY HILLERMAN", "ID": 492 }, "geometry": { "type": "Polygon", "coordinates": [ [ [ -106.842900546252565, 35.217932394861272 ], [ -106.842784883027008, 35.217932321243374 ], [ -106.842247811744585, 35.217932480788782 ], [ -106.838346370746962, 35.217928781577442 ], [ -106.831759993932195, 35.217922291143942 ], [ -106.829776443593246, 35.217920365694027 ], [ -106.828089992858324, 35.217918667893876 ], [ -106.82772399333696, 35.217918295756071 ], [ -106.81158199745181, 35.217900691505257 ], [ -106.810847304265849, 35.217899416178319 ], [ -106.791126969127163, 35.217747853655773 ], [ -106.790960389961057, 35.217746657327389 ], [ -106.785559985067323, 35.217753648711998 ], [ -106.777748978297339, 35.217752161933156 ], [ -106.776649971112604, 35.217754952873989 ], [ -106.775813073253417, 35.21775685894346 ], [ -106.775526957592632, 35.21775745043356 ], [ -106.774372951389481, 35.217759786966845 ], [ -106.772190432895954, 35.217764167952538 ], [ -106.772143217959069, 35.21776426252184 ], [ -106.772095959062199, 35.217764353656598 ], [ -106.77194024546958, 35.217764652781639 ], [ -106.764902776047791, 35.217778857329449 ], [ -106.764862704168948, 35.217778936707546 ], [ -106.764822589491487, 35.217779022564372 ], [ -106.76409001874687, 35.217780585089564 ], [ -106.764038583557365, 35.217780681798587 ], [ -106.763447228270806, 35.217781797607174 ], [ -106.763404539893614, 35.217781877683571 ], [ -106.763371927433866, 35.217781938456199 ], [ -106.763331156708958, 35.217781981529306 ], [ -106.763177900441434, 35.217782144482761 ], [ -106.763108222126817, 35.217782218967521 ], [ -106.755548702083487, 35.217796578598062 ], [ -106.755436971646958, 35.217796787303428 ], [ -106.755065157226326, 35.217797088735168 ], [ -106.754187977731291, 35.217797796417692 ], [ -106.745676145667233, 35.21781189155778 ], [ -106.745496402079297, 35.217812557030662 ], [ -106.745465161882009, 35.217812676773015 ], [ -106.745433921525674, 35.217812770366514 ], [ -106.745346967412914, 35.217812956705657 ], [ -106.74467901830262, 35.217813848890309 ], [ -106.743824972650287, 35.217814406786545 ], [ -106.743385105080023, 35.217815314991377 ], [ -106.732944299567308, 35.217829995789742 ], [ -106.730706984805124, 35.21783285228075 ], [ -106.727654447840706, 35.217836682547521 ], [ -106.727654968893304, 35.217954684081263 ], [ -106.720300911495613, 35.217957490834713 ], [ -106.719667117329777, 35.217929178198844 ], [ -106.718407198007284, 35.21788641877189 ], [ -106.717766966285367, 35.217864685311113 ], [ -106.714731995715468, 35.21785143817327 ], [ -106.713933950129274, 35.217838044238228 ], [ -106.711988878996394, 35.217838351926154 ], [ -106.712005721113002, 35.217753181713853 ], [ -106.712007607603127, 35.216017123740805 ], [ -106.710543213929057, 35.216022079315735 ], [ -106.710525903587651, 35.214401592448837 ], [ -106.712006728904313, 35.214392386440259 ], [ -106.711993964323923, 35.210505683974468 ], [ -106.712365964239652, 35.209093684245737 ], [ -106.713165964261222, 35.209004684053532 ], [ -106.712659964599936, 35.206094683864137 ], [ -106.713348576224021, 35.206014802421237 ], [ -106.713644964412268, 35.205980683540417 ], [ -106.713039097245769, 35.204669823812154 ], [ -106.715298897084438, 35.204421793652514 ], [ -106.715239529242893, 35.204289910417266 ], [ -106.716433748019782, 35.20416588249995 ], [ -106.716403773076394, 35.203403294353144 ], [ -106.716794181291036, 35.203366964883003 ], [ -106.717842213891103, 35.203260072949028 ], [ -106.718784946526867, 35.203252338886728 ], [ -106.727639115736537, 35.203321337560737 ], [ -106.72766861050242, 35.203326980467587 ], [ -106.727665701184378, 35.203196055213567 ], [ -106.727661400540484, 35.20300250839378 ], [ -106.727646384623867, 35.202317948220596 ], [ -106.727631540147073, 35.201641231562292 ], [ -106.727623098388491, 35.201256362822939 ], [ -106.727662200570151, 35.200022855875886 ], [ -106.727665652734842, 35.199913959024073 ], [ -106.727672895482698, 35.199680067083214 ], [ -106.727673778711733, 35.198769243500685 ], [ -106.727673824320334, 35.198721698109992 ], [ -106.727674062992534, 35.198501730252033 ], [ -106.727706121140884, 35.197696097115347 ], [ -106.727708509198862, 35.197636743609955 ], [ -106.72774932331464, 35.196622319957832 ], [ -106.727755291476726, 35.194640302658534 ], [ -106.727710948917533, 35.193469982358572 ], [ -106.727701331429927, 35.19321614303243 ], [ -106.727695957027805, 35.193074282969256 ], [ -106.727660088722246, 35.192132555250993 ], [ -106.72766153222355, 35.192055172220464 ], [ -106.727716910595873, 35.189086601261764 ], [ -106.727026257043534, 35.189096827133227 ], [ -106.726400287568921, 35.189046609428019 ], [ -106.725758570407109, 35.18889446739076 ], [ -106.725721713491211, 35.188883063886664 ], [ -106.725339544028472, 35.188764823226002 ], [ -106.725243379760869, 35.188735070151019 ], [ -106.724916713120123, 35.188552711204373 ], [ -106.724789339207533, 35.188481606015145 ], [ -106.724604406553539, 35.188378368345859 ], [ -106.724285364198849, 35.188122100669169 ], [ -106.724184847888878, 35.188022135670636 ], [ -106.723983796139891, 35.187822187461592 ], [ -106.720114798560346, 35.183974162662992 ], [ -106.71714587159093, 35.181042994836695 ], [ -106.71701047295393, 35.180894597836136 ], [ -106.716746549000831, 35.180685728254325 ], [ -106.716378778209162, 35.180462427552811 ], [ -106.716230675370355, 35.180397080167076 ], [ -106.716182627932824, 35.180375879418698 ], [ -106.715858365847225, 35.180238179557193 ], [ -106.715609000858649, 35.180169978366877 ], [ -106.71538983841458, 35.180114678266598 ], [ -106.715011448716524, 35.180045714921455 ], [ -106.714798254442286, 35.179995453303235 ], [ -106.714465789380895, 35.17989756067719 ], [ -106.714363495438604, 35.179873596972712 ], [ -106.714092451140388, 35.179810101933469 ], [ -106.71383201019809, 35.179770021972232 ], [ -106.713491372660812, 35.179742264512285 ], [ -106.711830962288118, 35.179739068769955 ], [ -106.711514157047219, 35.179738456301386 ], [ -106.71138343683198, 35.179738466634753 ], [ -106.71128174823366, 35.179738475341388 ], [ -106.710812729885845, 35.179738511839247 ], [ -106.710522481631727, 35.179738308655566 ], [ -106.707670898184332, 35.179736277916788 ], [ -106.707643116988649, 35.179736257586583 ], [ -106.707148605568577, 35.17973589845171 ], [ -106.703582540766376, 35.179733665206143 ], [ -106.703518225283474, 35.17973514551403 ], [ -106.703518889390836, 35.179804697035792 ], [ -106.703284522979359, 35.179804572844688 ], [ -106.702410846924636, 35.179810118121338 ], [ -106.701797206725971, 35.179590145658487 ], [ -106.7009141485767, 35.179508183737475 ], [ -106.699284604012973, 35.179002723785167 ], [ -106.699366959287403, 35.178609679893562 ], [ -106.699062959497226, 35.177999680277978 ], [ -106.699607958679763, 35.176975679438875 ], [ -106.698840831485555, 35.175799099995146 ], [ -106.697815958589118, 35.175282679580356 ], [ -106.697357958760151, 35.174758679221007 ], [ -106.697326958508512, 35.174168679647586 ], [ -106.698236320710478, 35.173259551727952 ], [ -106.698419452981909, 35.173100390212227 ], [ -106.698478927873822, 35.173054227309656 ], [ -106.69898595884419, 35.172660679369883 ], [ -106.700008958853147, 35.172474679095167 ], [ -106.701660959179151, 35.17275967913681 ], [ -106.702791959714105, 35.172413679093367 ], [ -106.703475959733254, 35.171541678420311 ], [ -106.703068959290746, 35.169633678182471 ], [ -106.703923409189628, 35.169461982489416 ], [ -106.704337959690037, 35.16937867871151 ], [ -106.70481637542062, 35.169498171141363 ], [ -106.705248770206936, 35.169606177226349 ], [ -106.705398959662588, 35.1696436786671 ], [ -106.705399959323842, 35.169879678799411 ], [ -106.70645896053442, 35.169430677935267 ], [ -106.708062960851677, 35.168446678507358 ], [ -106.708694336446811, 35.168342719840219 ], [ -106.709483789438906, 35.168212728814687 ], [ -106.709822960177092, 35.168036678117147 ], [ -106.709811454564317, 35.16759032293384 ], [ -106.709793960718358, 35.166911677890099 ], [ -106.709993934231093, 35.166678609773818 ], [ -106.71041120397831, 35.166615693422585 ], [ -106.710944942113599, 35.166644232440369 ], [ -106.711436960430788, 35.166361677354253 ], [ -106.711623573770424, 35.166145125828848 ], [ -106.712243961466527, 35.165862677695458 ], [ -106.712961961298475, 35.164812677291884 ], [ -106.712993101699951, 35.164788438474737 ], [ -106.713017179020156, 35.164760865177897 ], [ -106.713127346943821, 35.164658303792024 ], [ -106.71332996155148, 35.164469677225263 ], [ -106.713326054331745, 35.164225536441805 ], [ -106.713323960874874, 35.164094677097246 ], [ -106.713440385747575, 35.163763019530784 ], [ -106.713626206426795, 35.163571825393497 ], [ -106.713708960938149, 35.163486676912207 ], [ -106.713897961260031, 35.163033676852621 ], [ -106.713891866569313, 35.162913974608749 ], [ -106.713868569080873, 35.162434363691787 ], [ -106.714290874392731, 35.162124176025358 ], [ -106.714601961535976, 35.161895676423796 ], [ -106.714919960917229, 35.161477676805923 ], [ -106.714932934298773, 35.161366721098794 ], [ -106.71495696139489, 35.161160676971591 ], [ -106.717426061828789, 35.160299229740588 ], [ -106.717512736798142, 35.160268988238329 ], [ -106.718351381704821, 35.159976375247993 ], [ -106.718380307829648, 35.159966282681829 ], [ -106.719920633968243, 35.15943644808096 ], [ -106.719962008463682, 35.159418368775313 ], [ -106.72096596286238, 35.158979676102291 ], [ -106.721329693609846, 35.15845508761879 ], [ -106.721657962541428, 35.15776067589757 ], [ -106.722174962472536, 35.157054675416163 ], [ -106.722328962687584, 35.156687675851963 ], [ -106.722346099884845, 35.156368648008652 ], [ -106.722367962049503, 35.155961675257259 ], [ -106.722535557050421, 35.155687386874916 ], [ -106.722613148393776, 35.155419976696543 ], [ -106.722851962351498, 35.155103675153256 ], [ -106.723204962193591, 35.15422267517507 ], [ -106.723848182357059, 35.154076945892051 ], [ -106.724032962806504, 35.154088674692034 ], [ -106.724080963045495, 35.153956674676003 ], [ -106.723719962322988, 35.153549674672675 ], [ -106.723722962263835, 35.153379674717016 ], [ -106.722904961845856, 35.152509674484172 ], [ -106.72243496197477, 35.151752674327106 ], [ -106.722598961918422, 35.151321674324976 ], [ -106.72338096278456, 35.150734674616849 ], [ -106.723397862225724, 35.150640584705549 ], [ -106.723602962071297, 35.14949867437241 ], [ -106.723810962054827, 35.149255674643506 ], [ -106.723825836998415, 35.149161415886894 ], [ -106.723713962314406, 35.148897674289046 ], [ -106.723407962036589, 35.148408674633046 ], [ -106.723015961616511, 35.147960673916522 ], [ -106.722659962201803, 35.147809674462771 ], [ -106.722565053128449, 35.147564199958751 ], [ -106.722364962030412, 35.147046673877419 ], [ -106.722637961514707, 35.146716674254066 ], [ -106.723103403367276, 35.146705671297788 ], [ -106.72348396244449, 35.146696674044229 ], [ -106.725091327125469, 35.146491327194219 ], [ -106.725479961954534, 35.146441673965342 ], [ -106.725720001785149, 35.146562470571681 ], [ -106.725694948717475, 35.146407133391193 ], [ -106.725609962113495, 35.145878673345301 ], [ -106.725482962073741, 35.145719673405623 ], [ -106.725519962445091, 35.145429673299276 ], [ -106.725958906201583, 35.145141467348246 ], [ -106.72624796297562, 35.144951673430405 ], [ -106.726253962351933, 35.140213672910122 ], [ -106.72557696133839, 35.139242672948669 ], [ -106.724656961477208, 35.138428672440121 ], [ -106.724098786709476, 35.138183766572126 ], [ -106.723619961703918, 35.137973672735512 ], [ -106.722854960704851, 35.138094672487526 ], [ -106.722368960615057, 35.138008672664483 ], [ -106.721636787678321, 35.137679129962891 ], [ -106.72161078153178, 35.137654279233494 ], [ -106.721218938426105, 35.137280129879528 ], [ -106.721204630195331, 35.137247618184055 ], [ -106.721190374565268, 35.137215091859105 ], [ -106.721073865928048, 35.136943375734795 ], [ -106.721018010193532, 35.136813044965344 ], [ -106.720904886980961, 35.136548955227831 ], [ -106.720890583166295, 35.136515069673997 ], [ -106.720876330855091, 35.136481169495028 ], [ -106.720869352218898, 35.136400645460498 ], [ -106.720841300048335, 35.136057478608791 ], [ -106.720839861464086, 35.136037663266414 ], [ -106.720838438237919, 35.136017846962858 ], [ -106.720813210299866, 35.13570469077321 ], [ -106.720803963117277, 35.135589582654617 ], [ -106.720703073204845, 35.134333666387576 ], [ -106.720697329814215, 35.134262169077111 ], [ -106.720469921392535, 35.133620084933412 ], [ -106.721354935913908, 35.132463469893807 ], [ -106.72286218125663, 35.130501627848581 ], [ -106.723511546754011, 35.129656374112436 ], [ -106.722247106767966, 35.128725944861912 ], [ -106.725521504329294, 35.12540155956799 ], [ -106.745360695060256, 35.125062787041955 ], [ -106.750330857380291, 35.125042271260625 ], [ -106.763164663744689, 35.124988353579234 ], [ -106.780897972743347, 35.124911667481804 ], [ -106.780898262394814, 35.124911666213087 ], [ -106.780900322028742, 35.125104111441537 ], [ -106.780900322695587, 35.12510421420297 ], [ -106.780900325243408, 35.125104437749421 ], [ -106.780900327791258, 35.125104661295872 ], [ -106.780900727378864, 35.125137664039002 ], [ -106.780901133520715, 35.125170662246035 ], [ -106.796350976504073, 35.125197659301001 ], [ -106.796351193742879, 35.125197658321746 ], [ -106.796351412090885, 35.125197659140376 ], [ -106.79635140648638, 35.125173653788025 ], [ -106.796351407324707, 35.125173615022284 ], [ -106.796357157122188, 35.125033705268351 ], [ -106.796359977031088, 35.125033722304458 ], [ -106.796360122965865, 35.125033723449491 ], [ -106.796466948070758, 35.125034358745246 ], [ -106.797739852559104, 35.125042006592615 ], [ -106.79786697049623, 35.125042667034876 ], [ -106.810608293536859, 35.125117557527041 ], [ -106.810609040753604, 35.125117561282423 ], [ -106.810609789079876, 35.125117566835577 ], [ -106.813370669200708, 35.125133616854328 ], [ -106.820125071259326, 35.125173373260466 ], [ -106.820131142403127, 35.125274661137908 ], [ -106.830846826590872, 35.125243366379983 ], [ -106.830847342262359, 35.125243364810139 ], [ -106.83084785793389, 35.125243363240308 ], [ -106.833329539978337, 35.125235980801151 ], [ -106.834060527403111, 35.125233796418485 ], [ -106.834165734258022, 35.125233481403122 ], [ -106.834166165447968, 35.125233480226356 ], [ -106.834166597735063, 35.125233479044304 ], [ -106.851408988172054, 35.125180667715732 ], [ -106.851409422652026, 35.12518066646129 ], [ -106.851409858262286, 35.125180669708413 ], [ -106.867339849979203, 35.125343520907045 ], [ -106.86734985935918, 35.125343621365772 ], [ -106.86735077390253, 35.125343552705438 ], [ -106.869352003363375, 35.125193119774082 ], [ -106.871436429045104, 35.125036396797299 ], [ -106.873109887954811, 35.124910547903099 ], [ -106.873110056826178, 35.124910535316218 ], [ -106.873110226794694, 35.124910522723717 ], [ -106.873145595287468, 35.124907861935995 ], [ -106.87065108006982, 35.126502027999344 ], [ -106.870650732838797, 35.126502249728077 ], [ -106.87063793665871, 35.126510427285268 ], [ -106.870639027766785, 35.126514973954258 ], [ -106.871724783621175, 35.131040156119283 ], [ -106.871724794949742, 35.131040202935843 ], [ -106.871725146272695, 35.13104167227737 ], [ -106.870147296774775, 35.134068675548988 ], [ -106.870147265405052, 35.134068735204281 ], [ -106.870147234035329, 35.13406879485958 ], [ -106.870136863625333, 35.134088659682405 ], [ -106.870633766180006, 35.135744251862469 ], [ -106.870633878768729, 35.135744628085931 ], [ -106.870636290224013, 35.13575266104823 ], [ -106.869080518394469, 35.136639744586766 ], [ -106.869073969950378, 35.136643437867583 ], [ -106.869076940639118, 35.136744348309641 ], [ -106.869076938990418, 35.13674442043289 ], [ -106.869076940626812, 35.136744491637948 ], [ -106.869077596374495, 35.136766752842753 ], [ -106.868659973370995, 35.136836753734478 ], [ -106.864957270990672, 35.138803167477491 ], [ -106.86495683160426, 35.138803401376116 ], [ -106.864955695960987, 35.138804003889348 ], [ -106.86495298419743, 35.138805443721317 ], [ -106.864090993583787, 35.142730418778982 ], [ -106.864090588193363, 35.142732259760528 ], [ -106.864089325368539, 35.142738000187464 ], [ -106.862864995609314, 35.144957985382 ], [ -106.862863333595442, 35.144960998269632 ], [ -106.862863139779535, 35.144961349006529 ], [ -106.862861863209275, 35.144963661332866 ], [ -106.862666863227304, 35.145559661869399 ], [ -106.862666979915829, 35.14556117388657 ], [ -106.862666625871782, 35.145562257398154 ], [ -106.862695298925033, 35.145926659748028 ], [ -106.862226691213664, 35.150372939304326 ], [ -106.862220863193571, 35.150436662265463 ], [ -106.862597658672087, 35.15291668498309 ], [ -106.863055895696561, 35.155932900196177 ], [ -106.863335058776556, 35.156137482762247 ], [ -106.863493369117052, 35.15613615480067 ], [ -106.864282874890009, 35.156129530376013 ], [ -106.868366106011948, 35.156094921010968 ], [ -106.868630994642359, 35.156092670937483 ], [ -106.868631284393018, 35.15609266855656 ], [ -106.868659865108611, 35.160121663804652 ], [ -106.868592239276211, 35.162418283356821 ], [ -106.868509854966902, 35.165112009215271 ], [ -106.868214302625589, 35.174774663719163 ], [ -106.868211396620339, 35.175686393717157 ], [ -106.868210479610696, 35.175973922040477 ], [ -106.868207151241791, 35.176196862599141 ], [ -106.868206088699964, 35.176235608766667 ], [ -106.868181581507187, 35.177129175014507 ], [ -106.868025313338975, 35.182627260770921 ], [ -106.86802368169225, 35.182634793322705 ], [ -106.868023443092497, 35.182643885449387 ], [ -106.868006997138977, 35.183271671146791 ], [ -106.866862766991673, 35.187333550105734 ], [ -106.866703649694855, 35.187580495405989 ], [ -106.866697677968844, 35.187594799928881 ], [ -106.866686680976869, 35.187611196113394 ], [ -106.866680996817038, 35.1876196723398 ], [ -106.866262561804803, 35.189130964051103 ], [ -106.866259985848373, 35.189140426827848 ], [ -106.865884584528914, 35.190519303571349 ], [ -106.865824782638256, 35.190733394787053 ], [ -106.865732607221219, 35.191061341330986 ], [ -106.865545244572274, 35.191745505624311 ], [ -106.86501499752228, 35.193681673172534 ], [ -106.864514567703566, 35.195255160581006 ], [ -106.864478723661563, 35.195374618400507 ], [ -106.8644553039058, 35.195452666509318 ], [ -106.863828303639991, 35.197991667556082 ], [ -106.863802136848378, 35.198197847415031 ], [ -106.863800757873719, 35.198206066402214 ], [ -106.863800618087751, 35.198206900029042 ], [ -106.863777997124402, 35.198287674350794 ], [ -106.862911715529052, 35.205254897460897 ], [ -106.862822034733568, 35.205976103414571 ], [ -106.862819513258202, 35.205995568941297 ], [ -106.862810802870527, 35.206056098685188 ], [ -106.862736191525585, 35.206571651817775 ], [ -106.862726682122386, 35.206598788679209 ], [ -106.862720114961036, 35.206605594322063 ], [ -106.862322541037045, 35.207019458773026 ], [ -106.859017154266638, 35.210459747835628 ], [ -106.859016983159734, 35.210459926277082 ], [ -106.859014312971183, 35.210462704379317 ], [ -106.85900880259166, 35.21046843992093 ], [ -106.858609168968172, 35.217598646246849 ], [ -106.858590580044464, 35.217922670061171 ], [ -106.858395731067461, 35.218020734591668 ], [ -106.844606394593001, 35.217934096635197 ], [ -106.842900546252565, 35.217932394861272 ] ] ] } },
{ "type": "Feature", "properties": { "NAME": "JIMMY CARTER", "ID": 445 }, "geometry": { "type": "Polygon", "coordinates": [ [ [ -106.710537038176653, 35.079996759162256 ], [ -106.710447753871733, 35.07943946453679 ], [ -106.710519561212919, 35.078832623758224 ], [ -106.710571207026817, 35.078401791353798 ], [ -106.711039258070983, 35.077884294866273 ], [ -106.711337382461892, 35.077556423511993 ], [ -106.711355515445007, 35.077543598082713 ], [ -106.712375246950884, 35.07687405343146 ], [ -106.712908043051996, 35.07642308331139 ], [ -106.713154287591479, 35.076098036809761 ], [ -106.713438453068534, 35.075442539218784 ], [ -106.713546420334325, 35.074762368340615 ], [ -106.71353268822341, 35.074690185631283 ], [ -106.713398453446857, 35.073984538500298 ], [ -106.713141457918553, 35.073317850204255 ], [ -106.713118320195946, 35.073257826983244 ], [ -106.711829452934097, 35.069888538816897 ], [ -106.711794739977776, 35.069804440992471 ], [ -106.711496070639086, 35.069080868743931 ], [ -106.711213050712587, 35.068398232451955 ], [ -106.711091037497695, 35.068104437559363 ], [ -106.710265624811825, 35.066116874128149 ], [ -106.71034438224423, 35.066101044098424 ], [ -106.715600931259402, 35.065043660194071 ], [ -106.723228135072176, 35.064327417417708 ], [ -106.723337659646006, 35.064317129067526 ], [ -106.725533964067807, 35.064112363309931 ], [ -106.72763589766852, 35.063934787367408 ], [ -106.73041695640822, 35.063740660666532 ], [ -106.738271958903439, 35.063035660295398 ], [ -106.740214959260257, 35.063472660759288 ], [ -106.741495959640261, 35.063525660324487 ], [ -106.741776644474783, 35.063690824505819 ], [ -106.741483125971826, 35.059525175611633 ], [ -106.741347659145163, 35.057602468500427 ], [ -106.740743674860994, 35.055627912143819 ], [ -106.741564958682886, 35.055492659157338 ], [ -106.743953959413517, 35.055484658825094 ], [ -106.744055959597929, 35.055559659095529 ], [ -106.744806959243832, 35.056214658639284 ], [ -106.745031959310367, 35.056584659174462 ], [ -106.745070984527445, 35.058443190964432 ], [ -106.745205129744761, 35.058443352862092 ], [ -106.756966662231534, 35.058494121339479 ], [ -106.757160025315983, 35.058499017464548 ], [ -106.761763004495776, 35.058521531171181 ], [ -106.762627929973391, 35.05852256037921 ], [ -106.762829425423448, 35.04766694344373 ], [ -106.762192633161732, 35.045968095931833 ], [ -106.76223088984564, 35.043902431285026 ], [ -106.762898565348266, 35.04390004329403 ], [ -106.762900922080505, 35.043723633946769 ], [ -106.762931276750479, 35.041888973539834 ], [ -106.779123324713638, 35.042964678382347 ], [ -106.779863130562077, 35.042838430135014 ], [ -106.780105949672745, 35.042799165834374 ], [ -106.780446352310932, 35.042873424564831 ], [ -106.780502002878023, 35.042885723179879 ], [ -106.780665919632526, 35.042921948843343 ], [ -106.781157931997527, 35.043030682848162 ], [ -106.781607613236403, 35.04312826635244 ], [ -106.782744233469728, 35.043380953347366 ], [ -106.784507028509978, 35.043602321815747 ], [ -106.784854175709313, 35.043806844462743 ], [ -106.785162682836003, 35.043797324100659 ], [ -106.786344180051074, 35.043471369654824 ], [ -106.787544184469482, 35.043300566482223 ], [ -106.872108748887698, 35.037981575351381 ], [ -106.91945156314371, 35.037942459892406 ], [ -106.920954581826038, 35.037940915931713 ], [ -106.916860483387012, 35.038924460570819 ], [ -106.90874660490995, 35.04074805742458 ], [ -106.903570801191805, 35.041928044195679 ], [ -106.896119399961492, 35.04361843318857 ], [ -106.872851989216713, 35.048890112434862 ], [ -106.862715669247734, 35.051170991794336 ], [ -106.861015152000434, 35.051465938010537 ], [ -106.860110770189166, 35.05160997711355 ], [ -106.804295183142528, 35.060145770764152 ], [ -106.798389770132829, 35.061076561435904 ], [ -106.796630566402996, 35.061407641256579 ], [ -106.795059861580228, 35.061851777666227 ], [ -106.793468055609779, 35.062401790676951 ], [ -106.787532558856171, 35.065350590417772 ], [ -106.75244433500761, 35.083030111216985 ], [ -106.746681970445451, 35.085912081731848 ], [ -106.747712920235003, 35.088921712766037 ], [ -106.748281297196797, 35.090770205977215 ], [ -106.748956886357561, 35.092708054297958 ], [ -106.749127300711692, 35.093196534619096 ], [ -106.74854598949365, 35.093281450122284 ], [ -106.748019780566537, 35.09348026258025 ], [ -106.747971175061508, 35.093504312724079 ], [ -106.747052381786844, 35.093973651781432 ], [ -106.74647900709752, 35.094292025175676 ], [ -106.746082609001945, 35.094460365058296 ], [ -106.745404091376486, 35.094620554610877 ], [ -106.744576302171922, 35.09469071683796 ], [ -106.743923752080875, 35.09468727039603 ], [ -106.742500164209559, 35.094685095032865 ], [ -106.741680312277268, 35.094767821929835 ], [ -106.741236524502483, 35.094899369771561 ], [ -106.740778530650132, 35.095072282362246 ], [ -106.740322348044145, 35.095266843196676 ], [ -106.740084968090358, 35.095431742093261 ], [ -106.739399285190061, 35.096071806722392 ], [ -106.738985009294964, 35.096491726693969 ], [ -106.738820588284298, 35.09665815337793 ], [ -106.738524882882217, 35.096951518042907 ], [ -106.738413146038766, 35.097075457574377 ], [ -106.738347520982899, 35.097138030904858 ], [ -106.737503539455858, 35.098073494833265 ], [ -106.73519798842598, 35.100376981232756 ], [ -106.732978987242589, 35.102636169185082 ], [ -106.732628335154146, 35.102822171208011 ], [ -106.732553297052476, 35.103139685667088 ], [ -106.732425964853221, 35.10327578453245 ], [ -106.732273115842148, 35.103440366842044 ], [ -106.731950951774351, 35.103684450119701 ], [ -106.731607523977075, 35.103874594168694 ], [ -106.731537011869477, 35.103913930364385 ], [ -106.731054454788975, 35.104089777631785 ], [ -106.73055599196077, 35.104154339246037 ], [ -106.729953602883356, 35.104175329564278 ], [ -106.729889293843982, 35.098402186428544 ], [ -106.729894241690275, 35.098156979213194 ], [ -106.729894902355213, 35.098096395664143 ], [ -106.729893987292186, 35.098063962470199 ], [ -106.729904360939457, 35.096862790949622 ], [ -106.729927731099181, 35.096334425250255 ], [ -106.729928535722038, 35.095803144294358 ], [ -106.729917326603456, 35.09391504280898 ], [ -106.729914872868335, 35.092822538651347 ], [ -106.729827712004905, 35.091813990667127 ], [ -106.729656487275946, 35.090820085515659 ], [ -106.729539048137269, 35.090090713070239 ], [ -106.729272632444818, 35.089237061425443 ], [ -106.72890659011658, 35.088668470491683 ], [ -106.72839630592091, 35.087746500428082 ], [ -106.727951502432163, 35.087104280184853 ], [ -106.726084763780889, 35.084441513185112 ], [ -106.724750564956025, 35.082529128249561 ], [ -106.723812846461115, 35.079928273519691 ], [ -106.72284502035393, 35.077127178123831 ], [ -106.710537038176653, 35.079996759162256 ] ] ] } },
{ "type": "Feature", "properties": { "NAME": "GRANT", "ID": 413 }, "geometry": { "type": "MultiPolygon", "coordinates": [ [ [ [ -106.533119089173084, 35.108945416767988 ], [ -106.53310483982122, 35.108643281829451 ], [ -106.533098613315801, 35.108433598374994 ], [ -106.533084552615335, 35.107958822824756 ], [ -106.533003631264435, 35.104327588260347 ], [ -106.532939973563884, 35.101709764660399 ], [ -106.532853037025163, 35.099820962248863 ], [ -106.532714844064145, 35.094522776813356 ], [ -106.532705692304205, 35.09351158266476 ], [ -106.532703639155258, 35.093360644037688 ], [ -106.532700905865383, 35.093159769928761 ], [ -106.532672304271472, 35.092795941292501 ], [ -106.532668177505457, 35.092730585422707 ], [ -106.532666871157971, 35.092709900949679 ], [ -106.532646014752729, 35.092379611834581 ], [ -106.532622867721201, 35.091727399052346 ], [ -106.532615590982687, 35.090246358207438 ], [ -106.532611675390285, 35.090056498040482 ], [ -106.532605290177528, 35.089746840937785 ], [ -106.532604253605214, 35.089664452018724 ], [ -106.532601420991867, 35.089526224747765 ], [ -106.532599587970978, 35.089436774768622 ], [ -106.532599694953902, 35.089345383036509 ], [ -106.532600145779256, 35.08896133437446 ], [ -106.532601908439446, 35.087461342991944 ], [ -106.532565826651464, 35.087252054671154 ], [ -106.532555240283841, 35.086047470322463 ], [ -106.532439787621456, 35.084307488527728 ], [ -106.532372015583846, 35.083154387377547 ], [ -106.543514472842588, 35.087270979608313 ], [ -106.550677510647375, 35.089982131323069 ], [ -106.568726993778498, 35.097410628024434 ], [ -106.572923412807626, 35.099303025077305 ], [ -106.577627736492943, 35.101180868420116 ], [ -106.577583534854483, 35.101235070567405 ], [ -106.577581070848694, 35.102543964343518 ], [ -106.577578926473905, 35.103682675216412 ], [ -106.57756681764873, 35.105469289823354 ], [ -106.577583331784567, 35.109109674690131 ], [ -106.576359179193631, 35.10909908135406 ], [ -106.575330176979236, 35.109093282404764 ], [ -106.574233421873259, 35.10909207306279 ], [ -106.573139227331765, 35.109075070650782 ], [ -106.572056788180447, 35.109102022529612 ], [ -106.57098013478435, 35.109104877935557 ], [ -106.568849730675652, 35.109123820594576 ], [ -106.566640171063796, 35.109125847351798 ], [ -106.565535572557224, 35.10913251349168 ], [ -106.564934312952744, 35.109143611602427 ], [ -106.564432655448343, 35.109152869092618 ], [ -106.563564882688226, 35.109120136719191 ], [ -106.563339647815283, 35.109138209070139 ], [ -106.562568338499446, 35.109131274893265 ], [ -106.562231718525183, 35.10914954217241 ], [ -106.561143888576837, 35.109187859858892 ], [ -106.559871342102824, 35.109191120117401 ], [ -106.558728607387437, 35.109171694895188 ], [ -106.558689865288443, 35.109172697707493 ], [ -106.557831782562957, 35.109195831171874 ], [ -106.557732420040153, 35.109196433197695 ], [ -106.557647263289809, 35.109196949513134 ], [ -106.557078245816911, 35.109200397000741 ], [ -106.556540438167545, 35.109203643913823 ], [ -106.5558863457196, 35.109206337241282 ], [ -106.555428842858404, 35.109208219108297 ], [ -106.554337439447551, 35.109212700970012 ], [ -106.553625667185031, 35.109206935135006 ], [ -106.55323915353631, 35.109215463037437 ], [ -106.5521317361261, 35.109218227996649 ], [ -106.551906767358204, 35.109220594064929 ], [ -106.55090373479625, 35.109231203591349 ], [ -106.549689565579911, 35.109239526128412 ], [ -106.548388715732727, 35.109246334419502 ], [ -106.547163929537135, 35.109175873474278 ], [ -106.545923590865016, 35.109179087757028 ], [ -106.545028466505343, 35.109145680055555 ], [ -106.544441810854323, 35.109123734337395 ], [ -106.541988354669613, 35.109093981623388 ], [ -106.540862534348406, 35.109113867858198 ], [ -106.539470229333233, 35.109138481844248 ], [ -106.536988808053593, 35.109034143595117 ], [ -106.536128108822268, 35.109002550225263 ], [ -106.536085973771691, 35.109001748210424 ], [ -106.535266727070947, 35.108986143646774 ], [ -106.533241988339213, 35.108947553701846 ], [ -106.533119089173084, 35.108945416767988 ] ] ], [ [ [ -106.47972426738626, 35.092203661406614 ], [ -106.479824321029724, 35.085804831709261 ], [ -106.479878964659449, 35.083439560194691 ], [ -106.47998398788792, 35.079305777804102 ], [ -106.479983982347974, 35.079304585183735 ], [ -106.479942785871202, 35.072336568746984 ], [ -106.479942781429386, 35.072335376123171 ], [ -106.478502302779347, 35.072265220816654 ], [ -106.478453580654971, 35.072263620556242 ], [ -106.462405054235631, 35.072481331356229 ], [ -106.462431457200864, 35.069121974125885 ], [ -106.462431466171722, 35.069120781476826 ], [ -106.462439430557922, 35.068070372059658 ], [ -106.462738729754349, 35.067613822440265 ], [ -106.46278014355822, 35.063762633574228 ], [ -106.468371902081486, 35.063256867435229 ], [ -106.470471902804235, 35.062656867869237 ], [ -106.470871902258864, 35.062656867676068 ], [ -106.472971903185183, 35.062456867591173 ], [ -106.47497502538522, 35.062157464219553 ], [ -106.479802847665653, 35.062739668715437 ], [ -106.480699904611527, 35.062847866783429 ], [ -106.480779103179245, 35.062876526854915 ], [ -106.481277197478462, 35.063057229977844 ], [ -106.483391492187309, 35.06384130224599 ], [ -106.483432166312511, 35.063859863502401 ], [ -106.483463730376698, 35.063875672087526 ], [ -106.483755522105852, 35.064031544381734 ], [ -106.484216220227211, 35.064277641765919 ], [ -106.485328906151338, 35.064867867417 ], [ -106.485914695532841, 35.065125512070338 ], [ -106.48601721046407, 35.065173394794982 ], [ -106.486073905710853, 35.064682866892035 ], [ -106.486073816698934, 35.064682415433062 ], [ -106.486073902277326, 35.064681674265159 ], [ -106.485415902697127, 35.061346673738278 ], [ -106.484476100743365, 35.061371668760899 ], [ -106.484943905891967, 35.058499866015943 ], [ -106.484943715009464, 35.058499823115412 ], [ -106.484943902475663, 35.058498673387724 ], [ -106.483323901390108, 35.058131674013801 ], [ -106.482277901289279, 35.057720673569158 ], [ -106.481780901589872, 35.057379673251162 ], [ -106.479787905728543, 35.057389674056928 ], [ -106.479855461052409, 35.043188228241412 ], [ -106.479855466480871, 35.043187035593135 ], [ -106.479857557784143, 35.04274752423774 ], [ -106.47985756321259, 35.042746331589399 ], [ -106.479857724969563, 35.04271368292855 ], [ -106.479857728231039, 35.042712499298943 ], [ -106.479846653056043, 35.042690158541198 ], [ -106.494420902906171, 35.042781670251408 ], [ -106.508711912664424, 35.042779484847912 ], [ -106.508712169998162, 35.042882671302991 ], [ -106.508712952482469, 35.043117669631911 ], [ -106.508713303933391, 35.043241668885173 ], [ -106.5087143012383, 35.043557668702221 ], [ -106.508721995913533, 35.045983670233099 ], [ -106.508722024466408, 35.046120663814541 ], [ -106.508723236972799, 35.046386669649102 ], [ -106.508723979429362, 35.04661067007082 ], [ -106.508724597062752, 35.046833669224334 ], [ -106.508725356261721, 35.0470636697355 ], [ -106.508726112316822, 35.047292670521571 ], [ -106.508726713109695, 35.047510669267702 ], [ -106.508727522512473, 35.047758669167649 ], [ -106.508728248425754, 35.047975669710155 ], [ -106.50872899107442, 35.048198670349763 ], [ -106.508729292282041, 35.048308791577014 ], [ -106.508729672245849, 35.04844666869208 ], [ -106.508730454808415, 35.048682669232264 ], [ -106.508731181852383, 35.048899670640722 ], [ -106.508731924397551, 35.049123670969315 ], [ -106.50873297752338, 35.049458670501188 ], [ -106.508733533952778, 35.04965666940128 ], [ -106.508734185479142, 35.049848670657596 ], [ -106.508735906779009, 35.050382671214429 ], [ -106.510909906896771, 35.050422671107384 ], [ -106.510936907536703, 35.053945671107563 ], [ -106.51137990703144, 35.053961671257127 ], [ -106.511387783701608, 35.054239674330617 ], [ -106.511388769551701, 35.054275207856662 ], [ -106.51139238753322, 35.054404663590567 ], [ -106.511400907768532, 35.054704671756063 ], [ -106.511120631376798, 35.055043516659602 ], [ -106.510921907639499, 35.05528367192035 ], [ -106.510799907232411, 35.05809367177087 ], [ -106.508241455879769, 35.058898704006211 ], [ -106.507382541045445, 35.059168885610511 ], [ -106.504664906326326, 35.060023673017177 ], [ -106.504172073480291, 35.060234583172665 ], [ -106.503842242957518, 35.060360925866313 ], [ -106.502042905962611, 35.061097673440095 ], [ -106.499404905188285, 35.062274673578329 ], [ -106.498914904952869, 35.062273673401286 ], [ -106.498177905289722, 35.063413673480021 ], [ -106.498205366076249, 35.063440719730472 ], [ -106.498389905495841, 35.06362467371406 ], [ -106.498069904990331, 35.063786673923019 ], [ -106.498060943034048, 35.064298411279438 ], [ -106.498057780191104, 35.064358662405034 ], [ -106.498021905831664, 35.064359673282503 ], [ -106.498006900415092, 35.06473011889905 ], [ -106.498041905463765, 35.065777674083598 ], [ -106.498068166748141, 35.06592043524833 ], [ -106.49783504897924, 35.066049022013914 ], [ -106.497952589928417, 35.066369281833857 ], [ -106.497954302599354, 35.066935631084554 ], [ -106.49781123778466, 35.067493154273933 ], [ -106.498111580390869, 35.067528803351884 ], [ -106.498477969169357, 35.067572290726901 ], [ -106.498689906389032, 35.06759567387391 ], [ -106.498694709095176, 35.06827317847528 ], [ -106.498695009378523, 35.06829988002638 ], [ -106.498652039101245, 35.068295412140792 ], [ -106.497580905737493, 35.068193674730445 ], [ -106.49755963179004, 35.068239578163315 ], [ -106.497406229136473, 35.068629621462044 ], [ -106.497168905554318, 35.069082674602683 ], [ -106.496941729562309, 35.069450977413567 ], [ -106.496261206877136, 35.070629969469145 ], [ -106.496242905342839, 35.070661674929603 ], [ -106.496193990918727, 35.070936124673082 ], [ -106.496076062075559, 35.071597794255126 ], [ -106.496083797257256, 35.072519916434985 ], [ -106.496275835305894, 35.073364199219476 ], [ -106.496364429276355, 35.073580087527993 ], [ -106.49666638138001, 35.074268378466748 ], [ -106.497125188040414, 35.075311075256828 ], [ -106.497183626756268, 35.075524352402553 ], [ -106.497215211292385, 35.075710367322444 ], [ -106.497171902272683, 35.079092472395182 ], [ -106.497255411058205, 35.081240152513438 ], [ -106.497260814527067, 35.082709332540752 ], [ -106.497285725213246, 35.085511572334937 ], [ -106.497290706526243, 35.086231099721132 ], [ -106.497290901058534, 35.086257036976725 ], [ -106.496917797399377, 35.0862094745899 ], [ -106.495143225003687, 35.086193421324275 ], [ -106.494334225286849, 35.086183424325846 ], [ -106.493470969109524, 35.086179660789703 ], [ -106.492951669108109, 35.086162673130012 ], [ -106.492641008448359, 35.086269946639185 ], [ -106.492265321919689, 35.086445844771433 ], [ -106.491994253086247, 35.086706414306612 ], [ -106.491305356797724, 35.087177572049477 ], [ -106.490910100939175, 35.087580860733347 ], [ -106.49073440543809, 35.08802667772342 ], [ -106.490261405798677, 35.090526678455284 ], [ -106.489974381144506, 35.091264156788903 ], [ -106.489552331263909, 35.091918264876305 ], [ -106.488223894690037, 35.093234828146706 ], [ -106.48817903229363, 35.093278365612619 ], [ -106.488134114886762, 35.093333178596417 ], [ -106.486824731178288, 35.094953553834635 ], [ -106.486710183285567, 35.095095275604343 ], [ -106.486671294545218, 35.095143387453874 ], [ -106.486632463875523, 35.095127713885731 ], [ -106.4862099053382, 35.094969679440339 ], [ -106.485559313308727, 35.094598659561044 ], [ -106.485459404624493, 35.094545679363385 ], [ -106.485120181474713, 35.094328305792175 ], [ -106.484516641440209, 35.093939062512135 ], [ -106.483763923334806, 35.093453065608479 ], [ -106.482624904331843, 35.092719678641828 ], [ -106.482095904697616, 35.092488678835494 ], [ -106.480009770423933, 35.092234691928965 ], [ -106.479973594215039, 35.092230283005428 ], [ -106.47972426738626, 35.092203661406614 ] ] ] ] } },
{ "type": "Feature", "properties": { "NAME": "VAN BUREN", "ID": 460 }, "geometry": { "type": "Polygon", "coordinates": [ [ [ -106.53241747477027, 35.071929530792822 ], [ -106.53076907834091, 35.071751027797596 ], [ -106.524844563738995, 35.071126942189437 ], [ -106.523748150799307, 35.07099782665756 ], [ -106.523721816429031, 35.070994848171942 ], [ -106.523586130016454, 35.070979520293854 ], [ -106.521654526162635, 35.07075214351164 ], [ -106.518513078045416, 35.07040338846798 ], [ -106.518219651171918, 35.070375373983047 ], [ -106.5157162005912, 35.070136325363059 ], [ -106.515190885348829, 35.070080090814074 ], [ -106.514279532882085, 35.069982526335352 ], [ -106.512399455039514, 35.069781233095583 ], [ -106.512229002291235, 35.069762733268355 ], [ -106.510733914676251, 35.069599305257732 ], [ -106.5099756684982, 35.069518177898836 ], [ -106.509820932814677, 35.069491826236515 ], [ -106.509628058036753, 35.069458978966203 ], [ -106.50932938927842, 35.069434950347969 ], [ -106.509079547969307, 35.069418745952603 ], [ -106.509007960031823, 35.069413620793576 ], [ -106.508964638522556, 35.06940974416549 ], [ -106.508874896033944, 35.069401714419648 ], [ -106.508433421470173, 35.069368129932464 ], [ -106.507550881266127, 35.06926465165602 ], [ -106.506415184889747, 35.069131480034137 ], [ -106.505483509980479, 35.069029852015092 ], [ -106.505100440274902, 35.068988064281271 ], [ -106.50494783922835, 35.068971416943576 ], [ -106.504903659971589, 35.068966597739106 ], [ -106.504509820388265, 35.068919174106959 ], [ -106.504484984000015, 35.068916183789888 ], [ -106.50438243121701, 35.068903834357442 ], [ -106.503453739590256, 35.068792000675863 ], [ -106.502849906628384, 35.068739378845308 ], [ -106.502451911650368, 35.06869946725417 ], [ -106.502264382734722, 35.068679173408484 ], [ -106.502138795721407, 35.068665582695715 ], [ -106.502032133275094, 35.068654039412486 ], [ -106.5015099004506, 35.068597521896749 ], [ -106.501471576783075, 35.068592743386475 ], [ -106.501328668827327, 35.068577909472495 ], [ -106.501181937386107, 35.068562651508323 ], [ -106.49984551162359, 35.068415844060958 ], [ -106.499489890186112, 35.068376775674935 ], [ -106.498861324355374, 35.068319722612181 ], [ -106.498695009378523, 35.06829988002638 ], [ -106.498694709095176, 35.06827317847528 ], [ -106.498689906389032, 35.06759567387391 ], [ -106.498477969169357, 35.067572290726901 ], [ -106.498111580390869, 35.067528803351884 ], [ -106.49781123778466, 35.067493154273933 ], [ -106.497954302599354, 35.066935631084554 ], [ -106.497952589928417, 35.066369281833857 ], [ -106.49783504897924, 35.066049022013914 ], [ -106.498068166748141, 35.06592043524833 ], [ -106.498041905463765, 35.065777674083598 ], [ -106.498006900415092, 35.06473011889905 ], [ -106.498021905831664, 35.064359673282503 ], [ -106.498057780191104, 35.064358662405034 ], [ -106.498060943034048, 35.064298411279438 ], [ -106.498069904990331, 35.063786673923019 ], [ -106.498389905495841, 35.06362467371406 ], [ -106.498205366076249, 35.063440719730472 ], [ -106.498177905289722, 35.063413673480021 ], [ -106.498914904952869, 35.062273673401286 ], [ -106.499404905188285, 35.062274673578329 ], [ -106.502042905962611, 35.061097673440095 ], [ -106.503842242957518, 35.060360925866313 ], [ -106.504172073480291, 35.060234583172665 ], [ -106.504664906326326, 35.060023673017177 ], [ -106.507382541045445, 35.059168885610511 ], [ -106.508241455879769, 35.058898704006211 ], [ -106.510799907232411, 35.05809367177087 ], [ -106.510921907639499, 35.05528367192035 ], [ -106.511120631376798, 35.055043516659602 ], [ -106.511400907768532, 35.054704671756063 ], [ -106.51139238753322, 35.054404663590567 ], [ -106.511388769551701, 35.054275207856662 ], [ -106.511387783701608, 35.054239674330617 ], [ -106.51137990703144, 35.053961671257127 ], [ -106.510936907536703, 35.053945671107563 ], [ -106.510909906896771, 35.050422671107384 ], [ -106.508735906779009, 35.050382671214429 ], [ -106.508734185479142, 35.049848670657596 ], [ -106.508733533952778, 35.04965666940128 ], [ -106.50873297752338, 35.049458670501188 ], [ -106.508731924397551, 35.049123670969315 ], [ -106.508731181852383, 35.048899670640722 ], [ -106.508730454808415, 35.048682669232264 ], [ -106.508729672245849, 35.04844666869208 ], [ -106.508729292282041, 35.048308791577014 ], [ -106.50872899107442, 35.048198670349763 ], [ -106.508728248425754, 35.047975669710155 ], [ -106.508727522512473, 35.047758669167649 ], [ -106.508726713109695, 35.047510669267702 ], [ -106.508726112316822, 35.047292670521571 ], [ -106.508725356261721, 35.0470636697355 ], [ -106.508724597062752, 35.046833669224334 ], [ -106.508723979429362, 35.04661067007082 ], [ -106.508723236972799, 35.046386669649102 ], [ -106.508722024466408, 35.046120663814541 ], [ -106.508721995913533, 35.045983670233099 ], [ -106.5087143012383, 35.043557668702221 ], [ -106.508713303933391, 35.043241668885173 ], [ -106.508712952482469, 35.043117669631911 ], [ -106.508712169998162, 35.042882671302991 ], [ -106.520780304189628, 35.042994890070531 ], [ -106.521345582146324, 35.043063565476054 ], [ -106.527255213315158, 35.043128920198953 ], [ -106.532906220656912, 35.043191144961796 ], [ -106.533402911559918, 35.039006668007083 ], [ -106.537275321096956, 35.036392225354518 ], [ -106.537304260210462, 35.0363730466932 ], [ -106.541712912263492, 35.033626166785943 ], [ -106.546615106817455, 35.033990602077296 ], [ -106.551517344530737, 35.034354839078411 ], [ -106.551584700063174, 35.034331288610794 ], [ -106.556571916265298, 35.032556665410951 ], [ -106.561221819229004, 35.03430675591774 ], [ -106.565871918259077, 35.036056665787072 ], [ -106.568918777935139, 35.040406473172361 ], [ -106.568980864096602, 35.040495329433242 ], [ -106.56906237976213, 35.041145329462417 ], [ -106.569143896755847, 35.041795328458797 ], [ -106.569117435312577, 35.042112849051328 ], [ -106.569080894620598, 35.042196559420866 ], [ -106.569045599188513, 35.042277210545656 ], [ -106.56901850407813, 35.042819563841235 ], [ -106.569037596727554, 35.043765102739336 ], [ -106.569072797483472, 35.045505587857356 ], [ -106.569078710298911, 35.046680287393478 ], [ -106.569078186507895, 35.047757130115073 ], [ -106.569077981668414, 35.048176039959401 ], [ -106.569077557461029, 35.049702666414809 ], [ -106.56907664873178, 35.049992430995133 ], [ -106.568914920128108, 35.052550668023663 ], [ -106.569081855305271, 35.052577762400446 ], [ -106.569767686760457, 35.05278304206356 ], [ -106.572713653611245, 35.0537167000086 ], [ -106.573229668885745, 35.05387508042547 ], [ -106.575700076097519, 35.054633284102827 ], [ -106.576763373893328, 35.055021245737301 ], [ -106.576903663510677, 35.055054787934601 ], [ -106.5770510678215, 35.055100923122673 ], [ -106.577560724865563, 35.055276491222152 ], [ -106.577618199344471, 35.055296290748331 ], [ -106.577618751790681, 35.055365166244435 ], [ -106.577615211244037, 35.055488788569974 ], [ -106.577657335915887, 35.056246866083626 ], [ -106.577663258456965, 35.056353447769339 ], [ -106.577603029776498, 35.058194179364207 ], [ -106.57760092214447, 35.058262668073269 ], [ -106.577198959707175, 35.05825574436497 ], [ -106.576564434692372, 35.058244813009033 ], [ -106.575504880071492, 35.058247660731688 ], [ -106.575465619766234, 35.058247602907961 ], [ -106.574366369596063, 35.058210501618156 ], [ -106.57436616282763, 35.058242213735554 ], [ -106.574354388754742, 35.060051131973239 ], [ -106.574339143321154, 35.061889967580584 ], [ -106.574309076655794, 35.06368529726587 ], [ -106.574278961901854, 35.065468996821863 ], [ -106.574218422664984, 35.067289109573466 ], [ -106.574188091769685, 35.070917100553892 ], [ -106.5741032684804, 35.072724145000329 ], [ -106.574066105862627, 35.074399464017276 ], [ -106.573940572422273, 35.076431971453289 ], [ -106.572946380810535, 35.07634744291547 ], [ -106.571810376107223, 35.076232211156885 ], [ -106.57074564582544, 35.076124200168692 ], [ -106.568583856796863, 35.075883474707418 ], [ -106.56760186274407, 35.075777622013945 ], [ -106.56745174345734, 35.07577459310729 ], [ -106.56318608432143, 35.075322739659278 ], [ -106.562133228981338, 35.075169113110789 ], [ -106.561875679783071, 35.075140465662031 ], [ -106.561495144742608, 35.075076809064051 ], [ -106.561457380065178, 35.07507049217692 ], [ -106.560791852373498, 35.07501990406147 ], [ -106.560360079968717, 35.074961813680353 ], [ -106.560139516142954, 35.074970582067657 ], [ -106.559217883074169, 35.074840686015449 ], [ -106.558479064687702, 35.074762605382226 ], [ -106.557051057606458, 35.074583834313707 ], [ -106.555947334244038, 35.074482224785321 ], [ -106.554843575227025, 35.07437059730281 ], [ -106.554371641441435, 35.0743075419525 ], [ -106.553739367713419, 35.074259051935627 ], [ -106.552646467649467, 35.074147017560385 ], [ -106.550447919223757, 35.073867550781614 ], [ -106.550343092497315, 35.073856418683256 ], [ -106.549442486721716, 35.073785065802802 ], [ -106.54747777286542, 35.073589667722118 ], [ -106.546485235026751, 35.073485927877201 ], [ -106.545506426625352, 35.073383614927259 ], [ -106.54536383991254, 35.073363818252801 ], [ -106.544480277960034, 35.073241142660471 ], [ -106.543470506379109, 35.073125126765554 ], [ -106.542460517726525, 35.073048590481427 ], [ -106.541466485016187, 35.072906015237216 ], [ -106.540329004713726, 35.072812278295082 ], [ -106.535808251716446, 35.07231364161138 ], [ -106.533612578202138, 35.072107923707428 ], [ -106.532533234734075, 35.071943039095366 ], [ -106.53241747477027, 35.071929530792822 ] ] ] } },
{ "type": "Feature", "properties": { "NAME": "ROOSEVELT", "ID": 452 }, "geometry": { "type": "Polygon", "coordinates": [ [ [ -106.373383278271334, 35.217421112532541 ], [ -106.370942270503846, 35.217421777161306 ], [ -106.368410156489034, 35.217426011753204 ], [ -106.367154998649781, 35.217426898375365 ], [ -106.362745223230945, 35.217309041810353 ], [ -106.362147476561844, 35.217298431724068 ], [ -106.360160595141011, 35.217242650164614 ], [ -106.358097886314383, 35.217184704204378 ], [ -106.35064457718353, 35.217102050766613 ], [ -106.326584427683514, 35.216854431307908 ], [ -106.318883781382837, 35.21677227471482 ], [ -106.318311725427208, 35.216755992474184 ], [ -106.315005876582816, 35.216730707088487 ], [ -106.244798845693751, 35.214478157537577 ], [ -106.243903174332246, 35.214450134068699 ], [ -106.243848245884621, 35.200084421237086 ], [ -106.243848238287029, 35.200083228626333 ], [ -106.243608861364265, 35.170319895941503 ], [ -106.24360885816418, 35.170318703325115 ], [ -106.243609761025624, 35.169737907362062 ], [ -106.243609763314609, 35.169736714745859 ], [ -106.243612141217824, 35.168206898928588 ], [ -106.243612143506724, 35.168205706312079 ], [ -106.24361487629578, 35.166656751463819 ], [ -106.243614878584594, 35.166655558847019 ], [ -106.243624854874625, 35.160584896335791 ], [ -106.243624856065424, 35.160583703717734 ], [ -106.243641662713046, 35.148980164465328 ], [ -106.243641663903404, 35.148978971844983 ], [ -106.243470749371923, 35.149004134884756 ], [ -106.24346841324423, 35.145400487312308 ], [ -106.243468413339571, 35.145399294691167 ], [ -106.243471579442954, 35.141829448839609 ], [ -106.243655854755943, 35.141716891536284 ], [ -106.25566086566478, 35.141758412358335 ], [ -106.256164008149568, 35.141759893249606 ], [ -106.25680684686985, 35.141761909668176 ], [ -106.26488906472845, 35.141784620545295 ], [ -106.265540795257522, 35.141786428179913 ], [ -106.265656051371167, 35.134510312439915 ], [ -106.265771288327741, 35.127234187842269 ], [ -106.268961231969016, 35.127235199338308 ], [ -106.272151176743648, 35.127236126878493 ], [ -106.276459546864245, 35.127240290437562 ], [ -106.278718097557842, 35.127242684492487 ], [ -106.278718054346754, 35.127241491878067 ], [ -106.278718097139233, 35.127241491867935 ], [ -106.278497273273302, 35.121213435404819 ], [ -106.278330141382398, 35.116645982678079 ], [ -106.278199136134504, 35.113065336491601 ], [ -106.278344134585296, 35.107776475370351 ], [ -106.27867088193409, 35.10778028743416 ], [ -106.279662614001523, 35.107791853454209 ], [ -106.279768860744312, 35.107105884800518 ], [ -106.279768674260851, 35.107105890255063 ], [ -106.27976886031071, 35.107104692172008 ], [ -106.279071802254066, 35.107124303951949 ], [ -106.279001836849332, 35.107126161484246 ], [ -106.278944860588922, 35.107127692252718 ], [ -106.278720471707601, 35.106637650048285 ], [ -106.278596860046946, 35.106367691734825 ], [ -106.278392253308752, 35.1060100719709 ], [ -106.27844097329627, 35.099085795034355 ], [ -106.278440984947636, 35.09908460240139 ], [ -106.278470155035862, 35.096863192920964 ], [ -106.278470167783354, 35.096862000287317 ], [ -106.278525430922031, 35.091624401048094 ], [ -106.278614803031743, 35.091134402166013 ], [ -106.278619456442357, 35.091108887041244 ], [ -106.278619457122502, 35.091107694409324 ], [ -106.27862225381277, 35.089515885284321 ], [ -106.27862225558961, 35.089514692651804 ], [ -106.278622364802018, 35.089434885435622 ], [ -106.278622366578858, 35.089433692803098 ], [ -106.278624454342278, 35.088201882602519 ], [ -106.278624456119076, 35.088200689969746 ], [ -106.278624858245863, 35.08797988160736 ], [ -106.278624858925951, 35.087978688974815 ], [ -106.278330858702731, 35.087978689499955 ], [ -106.278290904772675, 35.087157646634807 ], [ -106.278470859137911, 35.0862398813589 ], [ -106.278629859147046, 35.086246881633862 ], [ -106.278629860923729, 35.086245689000719 ], [ -106.278632518257453, 35.085454880865058 ], [ -106.278632522227468, 35.085453688231226 ], [ -106.278632855863208, 35.08534139585953 ], [ -106.278632858736529, 35.085340203225925 ], [ -106.278632893470629, 35.085317203341411 ], [ -106.278632892357905, 35.08531715736715 ], [ -106.278632894150604, 35.085316010708311 ], [ -106.278588232375313, 35.084365152877517 ], [ -106.278635850900883, 35.084365369713382 ], [ -106.279998730462438, 35.084371550619444 ], [ -106.287177222755204, 35.084403851449032 ], [ -106.287835810710334, 35.084422315232317 ], [ -106.288095838797375, 35.084429604177771 ], [ -106.290117710514707, 35.084486260803828 ], [ -106.296074785377783, 35.084592677152187 ], [ -106.301938925788207, 35.084697146853621 ], [ -106.301938919548903, 35.084695954223349 ], [ -106.30193634386184, 35.084414543528688 ], [ -106.301936331042583, 35.084413350901208 ], [ -106.301914341226961, 35.082871907677287 ], [ -106.301914327311664, 35.08287071504995 ], [ -106.301910453317674, 35.082568482871658 ], [ -106.304613199116247, 35.082602494368267 ], [ -106.304614731203117, 35.082767156403527 ], [ -106.304614741867766, 35.082768349032023 ], [ -106.304629918084672, 35.084399781386189 ], [ -106.304629928749804, 35.084400974014343 ], [ -106.304632929264713, 35.084723414454508 ], [ -106.304632935543211, 35.084724607084567 ], [ -106.313486884520742, 35.084823342175561 ], [ -106.313486879210018, 35.084822149545516 ], [ -106.313484270120099, 35.084469551666437 ], [ -106.313484261519434, 35.084468359038048 ], [ -106.313482604205447, 35.08424438019906 ], [ -106.313482595604853, 35.084243187570635 ], [ -106.313474512268058, 35.083150454169974 ], [ -106.31347450366772, 35.083149261541323 ], [ -106.313474103127888, 35.083095122696143 ], [ -106.313474098914142, 35.083093930065182 ], [ -106.30907721531311, 35.083048465212002 ], [ -106.309073417417835, 35.082740894793176 ], [ -106.309073402301692, 35.082739702167288 ], [ -106.309033738854126, 35.079527563499624 ], [ -106.312388250425329, 35.07954718765626 ], [ -106.312398181880241, 35.081310943550328 ], [ -106.31239818607817, 35.081312136181687 ], [ -106.31346100570353, 35.081321969540653 ], [ -106.313461000393502, 35.081320776909905 ], [ -106.313385726489599, 35.070625555244057 ], [ -106.313385723374566, 35.070624362610076 ], [ -106.313396336021228, 35.056061463533247 ], [ -106.313595846630378, 35.043330192200173 ], [ -106.313595858859628, 35.04332899955277 ], [ -106.310265820505478, 35.043284154662743 ], [ -106.310351404220455, 35.037984621562778 ], [ -106.310351416496161, 35.037983428914593 ], [ -106.304876592907206, 35.03793233598352 ], [ -106.304847641840269, 35.039680831585194 ], [ -106.300415279188371, 35.039609492688527 ], [ -106.300433216495648, 35.037895343180949 ], [ -106.300433224531275, 35.037894150535472 ], [ -106.296071306636804, 35.037856514284726 ], [ -106.296071348955948, 35.037857706910827 ], [ -106.296071307306192, 35.037857706926665 ], [ -106.296160281855691, 35.040338230440888 ], [ -106.293985943162966, 35.040281134123404 ], [ -106.293990386167934, 35.039562354435311 ], [ -106.293990391009118, 35.039561161791717 ], [ -106.278595885739435, 35.039186588835264 ], [ -106.278590005068324, 35.037423426956202 ], [ -106.278590001364847, 35.037422234314704 ], [ -106.278589936532242, 35.037402874400009 ], [ -106.278589932828751, 35.037401681758524 ], [ -106.278589856255024, 35.037376932869869 ], [ -106.278589852551548, 35.037375740228391 ], [ -106.278589785402033, 35.037352874504407 ], [ -106.278589781698543, 35.037351681862908 ], [ -106.278584998928579, 35.035911024918533 ], [ -106.278584995225259, 35.035909832276765 ], [ -106.27858386619377, 35.035569483148755 ], [ -106.278583862490478, 35.035568290506916 ], [ -106.278583780259495, 35.03553987353709 ], [ -106.278583776556204, 35.035538680895229 ], [ -106.278577789207475, 35.03373187337165 ], [ -106.278577785504368, 35.033730680729434 ], [ -106.278577588736269, 35.033662874102859 ], [ -106.27857758503319, 35.03366168146065 ], [ -106.278571770108854, 35.031914873307976 ], [ -106.278571766405918, 35.031913680665411 ], [ -106.278571571092385, 35.031846874648707 ], [ -106.278571567389477, 35.031845682006136 ], [ -106.278565710268893, 35.030083872891105 ], [ -106.278565706566184, 35.030082680248185 ], [ -106.278565545027746, 35.030027873660508 ], [ -106.278565541325008, 35.030026681017581 ], [ -106.278559681952032, 35.028263872545374 ], [ -106.278559678249508, 35.028262679902056 ], [ -106.278559472049992, 35.028192873757078 ], [ -106.278559468347453, 35.028191681113761 ], [ -106.278553854761284, 35.026510872444739 ], [ -106.278553856899464, 35.026510718292904 ], [ -106.278590048496952, 35.024683848550836 ], [ -106.278604435929168, 35.023946809518208 ], [ -106.278625359068556, 35.022867904275351 ], [ -106.278720853479399, 35.018044871182752 ], [ -106.278720829371878, 35.018044870287014 ], [ -106.278720853062453, 35.018043678536692 ], [ -106.278173362320615, 35.018026057782123 ], [ -106.278270201211939, 35.015804050286548 ], [ -106.278762285340434, 35.015820462261843 ], [ -106.278789985054104, 35.015820971336908 ], [ -106.28013192531094, 35.015845618201858 ], [ -106.280228555140425, 35.012113163564926 ], [ -106.280228523365381, 35.012113164474307 ], [ -106.280228554701679, 35.012111970917701 ], [ -106.278830848374412, 35.012137677440911 ], [ -106.278830324412283, 35.012055868087423 ], [ -106.278830317419605, 35.012054675441739 ], [ -106.278822312892871, 35.010663394095992 ], [ -106.278822305900434, 35.010662201450003 ], [ -106.278819709364498, 35.010209871280189 ], [ -106.278819702372161, 35.0102086786341 ], [ -106.278808744171911, 35.008316870316101 ], [ -106.278808737179901, 35.008315677669671 ], [ -106.278797783153337, 35.006424869393136 ], [ -106.278797776161682, 35.006423676746351 ], [ -106.278787418033971, 35.004624871173455 ], [ -106.278787411042629, 35.004623678526308 ], [ -106.278775860183856, 35.002639868742008 ], [ -106.278775853192883, 35.00263867609447 ], [ -106.278765098123571, 35.000785867615399 ], [ -106.278765091132911, 35.000784674967484 ], [ -106.27876085539674, 35.00004786819806 ], [ -106.278760857503642, 35.000047627504095 ], [ -106.278767593472438, 34.999726811238773 ], [ -106.278863676779892, 34.994790948962532 ], [ -106.278865992300581, 34.994655895812507 ], [ -106.278948851263962, 34.990435866890358 ], [ -106.278948827164854, 34.990435866896107 ], [ -106.278948850844131, 34.990434674238841 ], [ -106.278850848498507, 34.990434674125538 ], [ -106.278849672119563, 34.99005088307122 ], [ -106.278849669510336, 34.990049690420143 ], [ -106.278848896371798, 34.987080635338941 ], [ -106.278848895953445, 34.987079442686799 ], [ -106.27884885112644, 34.986904801622302 ], [ -106.278848850708101, 34.986903608970081 ], [ -106.278847933927821, 34.983384031715687 ], [ -106.278847933509553, 34.983382839062777 ], [ -106.278847910536115, 34.983295469798314 ], [ -106.278847910117847, 34.983294277145411 ], [ -106.278847881605031, 34.983184865885988 ], [ -106.278847881186749, 34.983183673233057 ], [ -106.278847944316055, 34.983107577806997 ], [ -106.278847947183749, 34.983106385153278 ], [ -106.278855158041551, 34.980615699660703 ], [ -106.278861387788211, 34.980231049821796 ], [ -106.278864109658386, 34.980140814065201 ], [ -106.278864110335206, 34.980139621411396 ], [ -106.278867474353788, 34.976866397598712 ], [ -106.278867476125825, 34.976865204944005 ], [ -106.278869526596367, 34.975414286712507 ], [ -106.278869529463563, 34.975413094057259 ], [ -106.278873529853442, 34.974157187151114 ], [ -106.278873528339744, 34.974155994496677 ], [ -106.278854679081462, 34.970577183384634 ], [ -106.278854679758439, 34.970575990728953 ], [ -106.278865232655193, 34.968771327971133 ], [ -106.278865239902757, 34.968770135313541 ], [ -106.278875817128508, 34.9670391796083 ], [ -106.278875813424776, 34.96703798695296 ], [ -106.278852819800292, 34.965251758243397 ], [ -106.278852809526512, 34.965250565589258 ], [ -106.278852170515009, 34.963427476769688 ], [ -106.27888487981339, 34.9633931758271 ], [ -106.278973858469129, 34.963299868669445 ], [ -106.278997848792372, 34.963274711675545 ], [ -106.279035764553882, 34.963226888162104 ], [ -106.279035757562895, 34.963225695506821 ], [ -106.279029090649999, 34.962600861109756 ], [ -106.279029079278999, 34.96259966845539 ], [ -106.279028831624245, 34.96257432973492 ], [ -106.279028819158199, 34.96257313708081 ], [ -106.279020743962221, 34.96181423043074 ], [ -106.279020731496416, 34.961813037776487 ], [ -106.279008891891749, 34.960700221881595 ], [ -106.279008880521317, 34.960699029226873 ], [ -106.279008399262821, 34.96065086599301 ], [ -106.279008386797358, 34.960649673338509 ], [ -106.279003585455612, 34.960199864108816 ], [ -106.279003572990305, 34.960198671454243 ], [ -106.278999492470206, 34.959814864756432 ], [ -106.278999480005041, 34.959813672101753 ], [ -106.278997528123654, 34.959631708888701 ], [ -106.278997515658546, 34.959630516234014 ], [ -106.27899611074217, 34.959499860604538 ], [ -106.278996098277091, 34.959498667949802 ], [ -106.278993529253469, 34.959255716161991 ], [ -106.278993516788489, 34.959254523507241 ], [ -106.278990561461342, 34.958974863543638 ], [ -106.278990548996447, 34.958973670888838 ], [ -106.278985805719145, 34.958529594030765 ], [ -106.27898579325435, 34.958528401375816 ], [ -106.278981138443157, 34.958092859675993 ], [ -106.278981125978532, 34.958091667020987 ], [ -106.278974006650955, 34.957420289686077 ], [ -106.278973994186543, 34.95741909703095 ], [ -106.278971766396083, 34.957208862494618 ], [ -106.278971753931728, 34.957207669839427 ], [ -106.278960768340227, 34.956174862867783 ], [ -106.278960755876213, 34.956173670212401 ], [ -106.27895544633779, 34.955675226808644 ], [ -106.278955433873918, 34.955674034153169 ], [ -106.278950922802295, 34.955250860523478 ], [ -106.278950910338565, 34.955249667867925 ], [ -106.278931853592596, 34.953456861164113 ], [ -106.278931847698985, 34.953455668506649 ], [ -106.276543847298356, 34.953434668365489 ], [ -106.276382847801585, 34.953540668880358 ], [ -106.275492847007726, 34.953540668691197 ], [ -106.275492847158944, 34.953512861619387 ], [ -106.275497847268667, 34.953394861260477 ], [ -106.275740847560982, 34.953394861399353 ], [ -106.275740847188189, 34.953393668740532 ], [ -106.275740847723554, 34.953370861279744 ], [ -106.275740847350747, 34.953369668620908 ], [ -106.275740848101293, 34.953119861112569 ], [ -106.2757408477285, 34.953118668453691 ], [ -106.274135846402075, 34.953119665924746 ], [ -106.274130846489527, 34.953461668854118 ], [ -106.274130846839, 34.953462861512975 ], [ -106.274130846952616, 34.953485668973343 ], [ -106.273917827163473, 34.953484293070197 ], [ -106.266410933639108, 34.953446112794204 ], [ -106.256145870389005, 34.953393166102089 ], [ -106.255125851077537, 34.953387532269652 ], [ -106.254985842335174, 34.953386669967486 ], [ -106.254797830161309, 34.953387647527293 ], [ -106.253690827630606, 34.953392135886531 ], [ -106.252366829080344, 34.953397392945135 ], [ -106.252245831507025, 34.953397824344023 ], [ -106.251684832094995, 34.953400033919955 ], [ -106.250789830127701, 34.953403641723341 ], [ -106.250070833448632, 34.953406400978928 ], [ -106.249274835257609, 34.953409538670485 ], [ -106.248402836295696, 34.953412935203488 ], [ -106.24748683453852, 34.953416596820098 ], [ -106.246806833277105, 34.953419315921415 ], [ -106.246113836347547, 34.953421955076159 ], [ -106.245544837108071, 34.953424161279621 ], [ -106.24499483802181, 34.953426299794543 ], [ -106.244354836296324, 34.953428871589736 ], [ -106.243770836528597, 34.953431120169078 ], [ -106.243695833250683, 34.953431507540181 ], [ -106.243352509429613, 34.953432671969871 ], [ -106.243040845275502, 34.953433748001423 ], [ -106.242759206049882, 34.953434987294152 ], [ -106.242432832668285, 34.953436376405769 ], [ -106.242070866654416, 34.953437670370278 ], [ -106.241823845586865, 34.953438552763728 ], [ -106.241370446934724, 34.953440397367729 ], [ -106.24115883782342, 34.953441261989283 ], [ -106.241043204153215, 34.953441669998682 ], [ -106.240441851895042, 34.953443790409437 ], [ -106.239769024096091, 34.953446617617587 ], [ -106.239076853406587, 34.953449064344483 ], [ -106.23841183998411, 34.953451852284381 ], [ -106.237427838280283, 34.953455670429442 ], [ -106.237427838034918, 34.953227863554801 ], [ -106.237427838217073, 34.953226670895837 ], [ -106.235103789046093, 34.953232252356692 ], [ -106.23412585267225, 34.953234587704181 ], [ -106.224161246394502, 34.953257936746311 ], [ -106.21630067446084, 34.953275778662139 ], [ -106.212087979329567, 34.953285130957276 ], [ -106.199928644763176, 34.953311306056534 ], [ -106.188698821164238, 34.953335336644145 ], [ -106.177789719090541, 34.953355838212708 ], [ -106.150206819590096, 34.953405675370796 ], [ -106.149910819203839, 34.953237675365763 ], [ -106.149914817739131, 34.950185868003437 ], [ -106.150017817873703, 34.949960867518492 ], [ -106.15001781494226, 34.949959674857062 ], [ -106.149979821452661, 34.943507867012066 ], [ -106.149979818521786, 34.9435066743494 ], [ -106.149592818362621, 34.943319673562485 ], [ -106.149595541033477, 34.941316866194555 ], [ -106.149595542487177, 34.941315673535051 ], [ -106.14959690919703, 34.940283284764064 ], [ -106.149596910650672, 34.940282092104368 ], [ -106.149598035348333, 34.93942486637696 ], [ -106.149598036801905, 34.93942367371708 ], [ -106.149600816234127, 34.937382865815195 ], [ -106.149976087585799, 34.93661286384674 ], [ -106.149976091223152, 34.936611671188118 ], [ -106.149984018368912, 34.935105339587977 ], [ -106.149984024195376, 34.935104146930833 ], [ -106.149997687186215, 34.932239288014905 ], [ -106.149997693012196, 34.932238095357221 ], [ -106.150007813554964, 34.930115864549201 ], [ -106.150007810623663, 34.930114671883899 ], [ -106.150006058058679, 34.929939738433674 ], [ -106.150006046370549, 34.929938545761118 ], [ -106.149977842301823, 34.92712225075595 ], [ -106.14997783061439, 34.927121058082847 ], [ -106.149973822092647, 34.926720784102038 ], [ -106.149973810405314, 34.926719591428842 ], [ -106.149929251449606, 34.922269784837475 ], [ -106.149929246330416, 34.922268592168798 ], [ -106.149910394942509, 34.921633650920995 ], [ -106.149889951332881, 34.919755855098181 ], [ -106.149889937458568, 34.919754662421816 ], [ -106.149879673733125, 34.919093867973849 ], [ -106.149879659859025, 34.919092675297357 ], [ -106.149875383241167, 34.918520868629344 ], [ -106.149875374839496, 34.918519675957221 ], [ -106.149871814832892, 34.918059864070216 ], [ -106.149871810809103, 34.918058671401624 ], [ -106.149858589658521, 34.917532599543371 ], [ -106.149873196427038, 34.91746925787983 ], [ -106.149873194592132, 34.91746806521293 ], [ -106.149873073580068, 34.917438838951568 ], [ -106.149873068461815, 34.917437646281968 ], [ -106.149867482785396, 34.916100925961572 ], [ -106.149867474383996, 34.916099733288981 ], [ -106.149861014066104, 34.915454465162149 ], [ -106.149861015803182, 34.915453935991401 ], [ -106.149869829044903, 34.914877235682738 ], [ -106.14986983049323, 34.91487604301804 ], [ -106.149877098336972, 34.911426757292816 ], [ -106.149877100879351, 34.911425564628338 ], [ -106.149904891044955, 34.898231857423127 ], [ -106.149904892491875, 34.898230664755168 ], [ -106.14990581266116, 34.896131859499086 ], [ -106.149905806448814, 34.896130666824398 ], [ -106.149805962971286, 34.887499416201557 ], [ -106.149805949102401, 34.887498223518847 ], [ -106.149805736150881, 34.887479878923223 ], [ -106.149805736504632, 34.887478686252251 ], [ -106.14981280265232, 34.886885846075579 ], [ -106.149812813932073, 34.886884665132868 ], [ -106.149798545790972, 34.886856479103209 ], [ -106.149737213363494, 34.881552648054679 ], [ -106.149737207154189, 34.881551455377114 ], [ -106.149757806835723, 34.870219855669447 ], [ -106.151109887918537, 34.870216614020904 ], [ -106.161590768333141, 34.870206483385637 ], [ -106.166219774310875, 34.870213590550151 ], [ -106.166321441183982, 34.87021374439778 ], [ -106.16723981557692, 34.870214854344489 ], [ -106.168284053208225, 34.870199541985258 ], [ -106.168569883770246, 34.870195348881452 ], [ -106.169267890188536, 34.870190643370968 ], [ -106.170783816080359, 34.87019685467007 ], [ -106.173999009435505, 34.870158641665142 ], [ -106.175821071843885, 34.870146166075088 ], [ -106.178910833837861, 34.870124947088001 ], [ -106.181226126708253, 34.870108996178544 ], [ -106.183914344186121, 34.87009042063319 ], [ -106.187999885446288, 34.870062075019604 ], [ -106.188031820646927, 34.870061853305351 ], [ -106.188072820559881, 34.869172853392421 ], [ -106.202358601554408, 34.869217189692243 ], [ -106.20720582495494, 34.869231852121317 ], [ -106.227604834335807, 34.869048185599475 ], [ -106.229405829615374, 34.86903185072191 ], [ -106.242339832563502, 34.869428852318016 ], [ -106.245525656779876, 34.869526427617501 ], [ -106.245844887587296, 34.869536200321569 ], [ -106.250605835204155, 34.869681850259234 ], [ -106.259529968424786, 34.869744496542268 ], [ -106.272536240738106, 34.869834625186598 ], [ -106.321394357109668, 34.870160763383829 ], [ -106.360581525603692, 34.870404376615603 ], [ -106.360457556634231, 34.870577890454676 ], [ -106.360200422081434, 34.870700842114246 ], [ -106.360131751878484, 34.870733677182166 ], [ -106.359645803143152, 34.870966034260796 ], [ -106.359002696231968, 34.87185277487599 ], [ -106.356669461305287, 34.871940469584551 ], [ -106.355466858503135, 34.871985652053702 ], [ -106.3553854381924, 34.872062573057015 ], [ -106.353622965147807, 34.873727617524899 ], [ -106.353183442296228, 34.874142829957059 ], [ -106.35258586872942, 34.876280448113008 ], [ -106.352544510190185, 34.876428946952892 ], [ -106.340820736587588, 34.880833210028854 ], [ -106.340649657767628, 34.880900759316134 ], [ -106.340649886522314, 34.880901862570632 ], [ -106.340649659077087, 34.880901951987823 ], [ -106.341083131805533, 34.882994600548159 ], [ -106.341118717335675, 34.883166388103035 ], [ -106.338733051111689, 34.884628484531561 ], [ -106.33789159173331, 34.884453015713028 ], [ -106.337741664391515, 34.884421751232139 ], [ -106.337318210239715, 34.884875098363011 ], [ -106.336144914861976, 34.885713951879033 ], [ -106.328691385466428, 34.895924132136393 ], [ -106.325964005387206, 34.896178668906323 ], [ -106.325846207715585, 34.896261717303517 ], [ -106.325517034515286, 34.896493784280835 ], [ -106.324570891953897, 34.897160806606138 ], [ -106.324450680326748, 34.897463810262778 ], [ -106.324450796031229, 34.897464714385137 ], [ -106.324450681402837, 34.897465002931717 ], [ -106.324497984798541, 34.897834500483661 ], [ -106.323995595827085, 34.898125934986624 ], [ -106.323220879240566, 34.898845681120179 ], [ -106.320489757319081, 34.902249660254533 ], [ -106.319166169063678, 34.902278639891172 ], [ -106.318852779772129, 34.902472115780654 ], [ -106.318356034260177, 34.903268576802375 ], [ -106.318193595632394, 34.903635642127945 ], [ -106.318179514833901, 34.903659648535246 ], [ -106.318179516913105, 34.903660840301001 ], [ -106.318184150382478, 34.905812658191273 ], [ -106.318184154651192, 34.905813850856887 ], [ -106.318200891582549, 34.908989997595299 ], [ -106.318200898040388, 34.908991190259059 ], [ -106.318202823141903, 34.909356660138428 ], [ -106.318202829599812, 34.909357852802124 ], [ -106.318203334377984, 34.909454810150805 ], [ -106.318203340835922, 34.909456002814494 ], [ -106.318213470985199, 34.911404858454546 ], [ -106.318213477443479, 34.911406051117829 ], [ -106.318221385576962, 34.912898657871814 ], [ -106.318221392035497, 34.912899850534814 ], [ -106.318228849757858, 34.91430666092203 ], [ -106.318228854027836, 34.914307853585981 ], [ -106.320515505957516, 34.920516902070254 ], [ -106.320314635068144, 34.927621659035054 ], [ -106.320312790593107, 34.927686968131027 ], [ -106.320311855012079, 34.927720662548566 ], [ -106.320311886841779, 34.927720764397876 ], [ -106.320311856029491, 34.927721855211665 ], [ -106.320825855854039, 34.929399855142528 ], [ -106.321345318223223, 34.93109575989395 ], [ -106.322470234630288, 34.934767777542199 ], [ -106.322967741331894, 34.936391479023925 ], [ -106.322967745736221, 34.936391507868741 ], [ -106.322955007095658, 34.938331668811919 ], [ -106.322954999394, 34.938332861478109 ], [ -106.32295486085043, 34.938355663664034 ], [ -106.320831855653211, 34.938356677410169 ], [ -106.318625855169316, 34.938357691949882 ], [ -106.316434440626338, 34.93835866116352 ], [ -106.316434440493296, 34.93835985382524 ], [ -106.316430827818778, 34.942101424394515 ], [ -106.316430827685778, 34.942102617055482 ], [ -106.316430855142457, 34.942136665119982 ], [ -106.316430856104247, 34.942137857780352 ], [ -106.316563104627278, 34.942136649528194 ], [ -106.316612797034907, 34.942136194989907 ], [ -106.316749528607531, 34.942134944411492 ], [ -106.323086081258566, 34.942076848229398 ], [ -106.325474783968701, 34.942054858309028 ], [ -106.325417691477327, 34.947473663308742 ], [ -106.325417678336493, 34.947474855976637 ], [ -106.325417254734575, 34.947514424056642 ], [ -106.32541724159374, 34.94751561672453 ], [ -106.325416864394725, 34.947549665005532 ], [ -106.325416858917762, 34.947550857668674 ], [ -106.334331861164173, 34.947534932835936 ], [ -106.334415666872559, 34.947534781777179 ], [ -106.336836859677675, 34.947530418539706 ], [ -106.338686862576381, 34.947526922998357 ], [ -106.343522863441535, 34.947517851305079 ], [ -106.345694863652099, 34.947513726670081 ], [ -106.347880863279187, 34.947509542004831 ], [ -106.35785561773055, 34.947489782860671 ], [ -106.361070869399086, 34.947483239191662 ], [ -106.364988475915098, 34.947475192192051 ], [ -106.375589870545937, 34.947452791616371 ], [ -106.393276877189649, 34.947413219338294 ], [ -106.410881881420934, 34.947371322009012 ], [ -106.411001641001704, 34.947371028124152 ], [ -106.428403884019858, 34.947327123225953 ], [ -106.440110886909366, 34.947296160513766 ], [ -106.445532244420534, 34.947281390987797 ], [ -106.445785890462275, 34.947280701194316 ], [ -106.446481890841483, 34.947278803098506 ], [ -106.462834903522932, 34.94723333324157 ], [ -106.46284198233414, 34.953355709110546 ], [ -106.462841983227207, 34.953356901765105 ], [ -106.46284234566896, 34.95367036143633 ], [ -106.462842346562041, 34.953671554090803 ], [ -106.462843584466469, 34.954742592112773 ], [ -106.462843585359664, 34.954743784767025 ], [ -106.462843890435536, 34.955006658914392 ], [ -106.462843892423678, 34.955007851566698 ], [ -106.463371891919948, 34.955145851133608 ], [ -106.463430880274842, 34.957367378965493 ], [ -106.463327889283448, 34.965173660536756 ], [ -106.463305226966668, 34.965913623416981 ], [ -106.463304490919555, 34.965937649964218 ], [ -106.462978285032932, 34.976587387621421 ], [ -106.46297670961647, 34.97663881683345 ], [ -106.462925891174834, 34.978297662238226 ], [ -106.462600651491115, 34.982894480056203 ], [ -106.462589122798718, 34.98305742366319 ], [ -106.462517408104276, 34.984070939459649 ], [ -106.462515541892543, 34.98409730903694 ], [ -106.46246089111834, 34.98486966312894 ], [ -106.462460909007646, 34.984870652014465 ], [ -106.462460894199282, 34.984870855773472 ], [ -106.462473584575818, 34.98558645232643 ], [ -106.462474039693163, 34.985612102965788 ], [ -106.462483473652398, 34.986144058716825 ], [ -106.462484282737265, 34.986189697110007 ], [ -106.462575989523657, 34.991360272852049 ], [ -106.462591439193858, 34.992231272290987 ], [ -106.462605994287088, 34.993051870030449 ], [ -106.462606420047678, 34.993075874599953 ], [ -106.46260775638855, 34.993151239879673 ], [ -106.462672224411776, 34.996785466878855 ], [ -106.462674076325115, 34.996889839678339 ], [ -106.46267593988506, 34.996994901180258 ], [ -106.462698880931129, 34.998288034239721 ], [ -106.462696746124408, 34.998356337995595 ], [ -106.46266758839306, 34.999289409673487 ], [ -106.462646148899438, 34.999975459957199 ], [ -106.462548892243007, 35.000062665558346 ], [ -106.462548902984054, 35.000063853679123 ], [ -106.462636435730346, 35.008037142981422 ], [ -106.462636448677287, 35.00803833560412 ], [ -106.462694778528316, 35.013350274435687 ], [ -106.462694791477333, 35.013351467057298 ], [ -106.462702887612124, 35.01408866837702 ], [ -106.462688480188362, 35.014727451453545 ], [ -106.462439415823951, 35.025764888741598 ], [ -106.462410894334994, 35.027028670168946 ], [ -106.462410906217443, 35.027029450819136 ], [ -106.462410905091318, 35.027029862791785 ], [ -106.462460626963832, 35.030161892571044 ], [ -106.462460645393051, 35.030163085179794 ], [ -106.462649879179736, 35.042080498974805 ], [ -106.462649897615321, 35.042081691581146 ], [ -106.462660888102349, 35.042773672245893 ], [ -106.462660898865593, 35.042774864865542 ], [ -106.464467630533008, 35.042766199328796 ], [ -106.473519579141723, 35.042722380310153 ], [ -106.479746695970846, 35.042691844285343 ], [ -106.479794757472433, 35.042691607232854 ], [ -106.479846656396276, 35.042691351172941 ], [ -106.479857724969563, 35.04271368292855 ], [ -106.47985756321259, 35.042746331589399 ], [ -106.479857557784143, 35.04274752423774 ], [ -106.479855466480871, 35.043187035593135 ], [ -106.479855461052409, 35.043188228241412 ], [ -106.479787905728543, 35.057389674056928 ], [ -106.479787904684528, 35.057390866694107 ], [ -106.481780904960019, 35.057380865879864 ], [ -106.482277904666702, 35.057721866197731 ], [ -106.483323904782807, 35.058132866642211 ], [ -106.484943715009464, 35.058499823115412 ], [ -106.484475902316547, 35.061371673651763 ], [ -106.484476100743365, 35.061371668760899 ], [ -106.484475905726413, 35.061372866279434 ], [ -106.485415906120664, 35.061347866365892 ], [ -106.486073816698934, 35.064682415433062 ], [ -106.486017207031296, 35.065172202168192 ], [ -106.485914692101559, 35.06512431944352 ], [ -106.485328902728639, 35.064866674790061 ], [ -106.484216216820769, 35.064276449138767 ], [ -106.483755518706133, 35.064030351754518 ], [ -106.483463726981242, 35.063874479460253 ], [ -106.483432162917509, 35.063858670875135 ], [ -106.483391488792918, 35.063840109618724 ], [ -106.481277194114909, 35.063056037350236 ], [ -106.480779099822954, 35.062875334227236 ], [ -106.480699901256372, 35.062846674155729 ], [ -106.479802844323586, 35.062738476087652 ], [ -106.474975022113426, 35.062156271591249 ], [ -106.472971899942493, 35.062455674962742 ], [ -106.470871899046699, 35.062655675047537 ], [ -106.470471899597868, 35.062655675240656 ], [ -106.468371898905602, 35.063255674806584 ], [ -106.462780140463607, 35.063761440945271 ], [ -106.462738726659879, 35.067612629812039 ], [ -106.462439434046431, 35.06806917942 ], [ -106.462439430557922, 35.068070372059658 ], [ -106.462431466171722, 35.069120781476826 ], [ -106.462431457200864, 35.069121974125885 ], [ -106.462405054235631, 35.072481331356229 ], [ -106.462405051843277, 35.072482523993131 ], [ -106.478453583978606, 35.072264813182287 ], [ -106.478502306103692, 35.072266413442676 ], [ -106.479942785871202, 35.072336568746984 ], [ -106.479983982347974, 35.079304585183735 ], [ -106.479878961313716, 35.083438367570956 ], [ -106.479824317684503, 35.085803639085995 ], [ -106.47972426738626, 35.092203661406614 ], [ -106.479724269577659, 35.092204051733596 ], [ -106.479724257564598, 35.092204852250646 ], [ -106.479961467971506, 35.098078315168713 ], [ -106.47998308968657, 35.098587866692235 ], [ -106.479988041349401, 35.098704421045205 ], [ -106.47998911391629, 35.098728579849883 ], [ -106.480017201663529, 35.099361801581253 ], [ -106.480023956126871, 35.099514086231636 ], [ -106.480074838289482, 35.100661746476632 ], [ -106.480075888793706, 35.100685450980514 ], [ -106.480030540341119, 35.102967402799898 ], [ -106.480003964489299, 35.104307680976063 ], [ -106.480040429162912, 35.108158509611954 ], [ -106.480040433611066, 35.108159702228697 ], [ -106.480045073653997, 35.11127950095883 ], [ -106.480045075908592, 35.111280693579133 ], [ -106.480045176075706, 35.111348345761442 ], [ -106.480045178330315, 35.111349538381738 ], [ -106.480046045282194, 35.111932443457043 ], [ -106.480046048633895, 35.111933636075115 ], [ -106.480054828268564, 35.115488681305841 ], [ -106.480054831620848, 35.115489873923231 ], [ -106.480055497400599, 35.115725171100472 ], [ -106.480055500752925, 35.115726363717798 ], [ -106.480059803799378, 35.115753782290639 ], [ -106.480068467003278, 35.116075195504621 ], [ -106.480069839131431, 35.116109811438001 ], [ -106.48010532412026, 35.116980992088386 ], [ -106.480206600013915, 35.119456489960115 ], [ -106.480229914347973, 35.119933876161483 ], [ -106.480243300299563, 35.121075110483432 ], [ -106.480243314626804, 35.12107630307888 ], [ -106.48028683580722, 35.124786452078155 ], [ -106.480286844650053, 35.124787644683281 ], [ -106.480293194743538, 35.125042384946497 ], [ -106.480304012499218, 35.125476340811737 ], [ -106.4803207329701, 35.126147097001613 ], [ -106.480323130094703, 35.126243252185553 ], [ -106.480330207681646, 35.126527143073012 ], [ -106.480331387662801, 35.126574462575896 ], [ -106.480333067455291, 35.126641860079644 ], [ -106.480337385067585, 35.126837887122207 ], [ -106.48035115287972, 35.128399236683961 ], [ -106.480351162821421, 35.128400429286266 ], [ -106.480358002624328, 35.129272699187453 ], [ -106.480358012566313, 35.129273891789595 ], [ -106.480362934571829, 35.12981069979444 ], [ -106.480362943416722, 35.129811892398536 ], [ -106.480364496750369, 35.130106702085037 ], [ -106.480364507789886, 35.130107894684905 ], [ -106.480366627633998, 35.13028669994722 ], [ -106.480366638673587, 35.130287892547059 ], [ -106.480368216664559, 35.130491702403681 ], [ -106.48036822880151, 35.130492895001382 ], [ -106.480369802291975, 35.130627698723153 ], [ -106.480369813331663, 35.130628891322935 ], [ -106.480372298501436, 35.130978700376723 ], [ -106.48037230515213, 35.130979892984762 ], [ -106.480375634503048, 35.131154887288488 ], [ -106.480378578783331, 35.13217493464937 ], [ -106.480378582142393, 35.132176127263428 ], [ -106.480380092986195, 35.132699288109336 ], [ -106.480380101831869, 35.132700480712856 ], [ -106.480388407089805, 35.133525469686873 ], [ -106.480388419227722, 35.133526662283963 ], [ -106.480388830495045, 35.133567484629623 ], [ -106.480388842633005, 35.133568677226727 ], [ -106.48039577918513, 35.134257519793913 ], [ -106.480395794615333, 35.134258712384622 ], [ -106.480398597023353, 35.134431600902793 ], [ -106.480398613550975, 35.134432793491385 ], [ -106.480398980874881, 35.134455675231656 ], [ -106.473363964435791, 35.134437258287328 ], [ -106.4699020765744, 35.13442804546515 ], [ -106.466792904053534, 35.134419686273503 ], [ -106.462471903896102, 35.134442753493623 ], [ -106.460212586518224, 35.13445475323897 ], [ -106.460181893426267, 35.134454960620751 ], [ -106.460181895393802, 35.13445615323792 ], [ -106.460181985753366, 35.134506686658547 ], [ -106.460181987720901, 35.134507879275652 ], [ -106.460182028479252, 35.134530571447556 ], [ -106.46017660956322, 35.134552675425269 ], [ -106.454072401923611, 35.134522138521113 ], [ -106.450880891640466, 35.134506050209211 ], [ -106.45073468929472, 35.134505777723945 ], [ -106.450674532883852, 35.134505645673208 ], [ -106.450551712579184, 35.134505354982181 ], [ -106.450495511774207, 35.134505100910964 ], [ -106.440811894186567, 35.13445622332884 ], [ -106.431131888512908, 35.134406686465702 ], [ -106.421496893771575, 35.134356758039132 ], [ -106.421464510558664, 35.134356376570217 ], [ -106.421186854398869, 35.134355191533345 ], [ -106.420693216520007, 35.135566186652802 ], [ -106.420103717085482, 35.135917995902247 ], [ -106.418372306314012, 35.136951254848213 ], [ -106.418346806938857, 35.13696683761534 ], [ -106.414779974176327, 35.142716898584794 ], [ -106.414014356442934, 35.143951756124096 ], [ -106.414014468225432, 35.143952771006688 ], [ -106.414014358835402, 35.143952948740605 ], [ -106.414991833318652, 35.15278708773053 ], [ -106.413840733805799, 35.155157773652476 ], [ -106.41384081052901, 35.155158813821345 ], [ -106.413840736196718, 35.155158966266818 ], [ -106.41420639626196, 35.160129885972864 ], [ -106.415626283287494, 35.162599686110241 ], [ -106.414567394807762, 35.17195069455196 ], [ -106.414567465163131, 35.171951285805548 ], [ -106.414567397210803, 35.171951887162933 ], [ -106.415475398561753, 35.179555888552514 ], [ -106.415884399742112, 35.187583889705216 ], [ -106.416036461760953, 35.188574678892941 ], [ -106.419171570520049, 35.191253881848603 ], [ -106.419280272992822, 35.191340858120491 ], [ -106.421521878136559, 35.193015973413416 ], [ -106.423428772307943, 35.194061808695601 ], [ -106.42488838288115, 35.194861801354087 ], [ -106.424944452595767, 35.194887077068699 ], [ -106.426249153609177, 35.195475215052653 ], [ -106.426353053258239, 35.19552178559686 ], [ -106.42679913753156, 35.195721538613014 ], [ -106.426828421246398, 35.195740861561006 ], [ -106.426893902963513, 35.195762890049167 ], [ -106.427243240415578, 35.196000030325266 ], [ -106.427546377878642, 35.196189781754867 ], [ -106.427796731487405, 35.196346491808505 ], [ -106.428119613070962, 35.19655321130999 ], [ -106.428156884435538, 35.196577073570161 ], [ -106.429640358633762, 35.197553608395317 ], [ -106.4296578212589, 35.197569237847496 ], [ -106.429683485962059, 35.197589725622983 ], [ -106.429704901034995, 35.197609869037969 ], [ -106.42979190417789, 35.197658890167347 ], [ -106.430539153806905, 35.197942821869631 ], [ -106.430642786488619, 35.197985331710143 ], [ -106.430706903861264, 35.198007890207549 ], [ -106.43090122861382, 35.198204878111937 ], [ -106.43114854481361, 35.198469267536481 ], [ -106.43121454543882, 35.198525144773171 ], [ -106.431253317461554, 35.198557819933271 ], [ -106.43132867851196, 35.19862767799318 ], [ -106.43198568908393, 35.199305706750621 ], [ -106.432237509791179, 35.199568336521743 ], [ -106.432625456764967, 35.199968653286774 ], [ -106.432710997088748, 35.200058435921875 ], [ -106.432732630205379, 35.200081654183563 ], [ -106.432762980841872, 35.200111172085819 ], [ -106.432785153347126, 35.200127096854885 ], [ -106.432813855531577, 35.200145315849127 ], [ -106.432850060465, 35.200168296645344 ], [ -106.433529434660187, 35.20059952764241 ], [ -106.433814868532096, 35.200779040619004 ], [ -106.436150235238529, 35.202228133627948 ], [ -106.436250760576542, 35.202296149704431 ], [ -106.436274754279211, 35.2023053940447 ], [ -106.440359337763581, 35.203871864087738 ], [ -106.443449451408512, 35.205202971754325 ], [ -106.443766196933638, 35.205346371421484 ], [ -106.444728907958748, 35.205760890929668 ], [ -106.449425190069476, 35.209006350663316 ], [ -106.449583128155496, 35.209114570716316 ], [ -106.451601960694489, 35.210497841078094 ], [ -106.451665477558009, 35.210550180211349 ], [ -106.451735910401339, 35.210589891226846 ], [ -106.455661741384304, 35.213837231456822 ], [ -106.456229676473527, 35.214304343486944 ], [ -106.456503911257073, 35.214529891369956 ], [ -106.456545911355121, 35.214552891178073 ], [ -106.457693911252392, 35.215803891530719 ], [ -106.457902625652608, 35.216070287311346 ], [ -106.458497956582221, 35.216770130059587 ], [ -106.459431031452382, 35.217790656272356 ], [ -106.441165366433395, 35.21748488687841 ], [ -106.411796898967395, 35.21738770192384 ], [ -106.409348220177691, 35.217382795100121 ], [ -106.402841421029862, 35.217365781615698 ], [ -106.391419153552349, 35.217328000825063 ], [ -106.384829240889843, 35.217305713682165 ], [ -106.384214982501661, 35.217329565907704 ], [ -106.382429591833088, 35.217398506281874 ], [ -106.376514730033037, 35.217417334525017 ], [ -106.374593254325845, 35.217419572328367 ], [ -106.373383278271334, 35.217421112532541 ] ] ] } },
{ "type": "Feature", "properties": { "NAME": "JAMES MONROE", "ID": 490 }, "geometry": { "type": "Polygon", "coordinates": [ [ [ -106.663085806962087, 35.215109546591385 ], [ -106.663092019919645, 35.215062344348425 ], [ -106.663227953823665, 35.21402968731023 ], [ -106.663328717928991, 35.213826024926334 ], [ -106.663510954674791, 35.213457686997415 ], [ -106.665006954662786, 35.212051686640791 ], [ -106.66566095425793, 35.211735687300937 ], [ -106.666164954423536, 35.211638687018556 ], [ -106.669845955314614, 35.211693686282544 ], [ -106.671059955935647, 35.210993686920986 ], [ -106.671890955953614, 35.211726687028523 ], [ -106.673767955973105, 35.213090686380866 ], [ -106.674727956595362, 35.213576686462545 ], [ -106.67535895640745, 35.213579686949046 ], [ -106.676308956977337, 35.213957686257132 ], [ -106.676716956886423, 35.213962686998265 ], [ -106.676682956718565, 35.208497685725575 ], [ -106.676636169007111, 35.208346895512967 ], [ -106.676561956142109, 35.208196685968424 ], [ -106.676387956321548, 35.20800266744839 ], [ -106.675548956823732, 35.207232685938827 ], [ -106.675343955795327, 35.206949686049057 ], [ -106.675201554828178, 35.206647706226455 ], [ -106.675124956502643, 35.206374685458677 ], [ -106.675104508783718, 35.206051694792293 ], [ -106.675133852987159, 35.205768699026997 ], [ -106.675504956349798, 35.204923685021718 ], [ -106.675657326134839, 35.204694970191561 ], [ -106.675998956302024, 35.204325684974052 ], [ -106.676421956186502, 35.204019685053126 ], [ -106.677099442657365, 35.203711328676121 ], [ -106.677434457998842, 35.203537528071905 ], [ -106.677742101548347, 35.203346622052337 ], [ -106.677791956065576, 35.203315685365489 ], [ -106.678138518343957, 35.203039292971994 ], [ -106.678417956866454, 35.202784684989837 ], [ -106.679136358534421, 35.201951321795327 ], [ -106.679203455445816, 35.201873486652261 ], [ -106.679177544199732, 35.201868367294978 ], [ -106.675763550271384, 35.201175595120283 ], [ -106.67135943203526, 35.199282959149976 ], [ -106.669521379668851, 35.198489130770604 ], [ -106.667863666506648, 35.198155035382186 ], [ -106.666350971246743, 35.197262130397192 ], [ -106.666001264644677, 35.196821711350729 ], [ -106.665429734886686, 35.19610900910407 ], [ -106.664394017310855, 35.196225087619808 ], [ -106.663095352887026, 35.195045284706566 ], [ -106.660790022314202, 35.19341655698112 ], [ -106.657457954815825, 35.191064556754938 ], [ -106.656110950732142, 35.19011368433496 ], [ -106.652088048071164, 35.187714889768031 ], [ -106.652046289386419, 35.187686135498716 ], [ -106.652046492970456, 35.187523043002052 ], [ -106.652046817330358, 35.187460043106469 ], [ -106.652086852756781, 35.183745525301823 ], [ -106.652095283657857, 35.183727349545528 ], [ -106.652708656350953, 35.182423654589137 ], [ -106.652726313215041, 35.182393227301382 ], [ -106.653039763211112, 35.182014503340298 ], [ -106.665400640767885, 35.180348261499468 ], [ -106.666335636802387, 35.180357754323644 ], [ -106.667301374182159, 35.180573207429411 ], [ -106.668169776694882, 35.180902087896477 ], [ -106.67013895315489, 35.181647682485497 ], [ -106.671119125546326, 35.18178589091206 ], [ -106.671424247732787, 35.181799450993083 ], [ -106.671505663257392, 35.181807795357535 ], [ -106.671612758449598, 35.181818772624702 ], [ -106.671985936455897, 35.181783123732814 ], [ -106.672344725290259, 35.181719669421589 ], [ -106.673670649218323, 35.181367140289844 ], [ -106.673789684679946, 35.181339668986631 ], [ -106.674012793447133, 35.181305227538743 ], [ -106.674142299805325, 35.181287664802866 ], [ -106.67470564441318, 35.181217918836929 ], [ -106.677702544317938, 35.181388309082244 ], [ -106.679261652505687, 35.181382793533288 ], [ -106.681352754875249, 35.181210836699471 ], [ -106.683512470500261, 35.180727481307024 ], [ -106.684492056059327, 35.180381571743908 ], [ -106.684785961100701, 35.180262032967285 ], [ -106.68492995087837, 35.180203468806702 ], [ -106.685286955957949, 35.180086681471799 ], [ -106.68571441772292, 35.179965904995896 ], [ -106.686097661919277, 35.179890126460151 ], [ -106.686256961635891, 35.179858628070441 ], [ -106.687735624554762, 35.179689346017284 ], [ -106.687805126534371, 35.179689419337848 ], [ -106.687840951309482, 35.179689456608834 ], [ -106.690447825868645, 35.179672727845599 ], [ -106.692253302236878, 35.179681506842648 ], [ -106.694359062323954, 35.179674969031332 ], [ -106.69501230700142, 35.179416340662449 ], [ -106.696619942023545, 35.179083622565045 ], [ -106.698436009881988, 35.178892198989537 ], [ -106.699284604012973, 35.179002723785167 ], [ -106.7009141485767, 35.179508183737475 ], [ -106.701797206725971, 35.179590145658487 ], [ -106.702410846924636, 35.179810118121338 ], [ -106.703284522979359, 35.179804572844688 ], [ -106.703518889390836, 35.179804697035792 ], [ -106.703518225283474, 35.17973514551403 ], [ -106.703582540766376, 35.179733665206143 ], [ -106.707148605568577, 35.17973589845171 ], [ -106.707643116988649, 35.179736257586583 ], [ -106.707670898184332, 35.179736277916788 ], [ -106.710522481631727, 35.179738308655566 ], [ -106.710812729885845, 35.179738511839247 ], [ -106.71128174823366, 35.179738475341388 ], [ -106.71138343683198, 35.179738466634753 ], [ -106.711514157047219, 35.179738456301386 ], [ -106.711830962288118, 35.179739068769955 ], [ -106.713491372660812, 35.179742264512285 ], [ -106.71383201019809, 35.179770021972232 ], [ -106.714092451140388, 35.179810101933469 ], [ -106.714363495438604, 35.179873596972712 ], [ -106.714465789380895, 35.17989756067719 ], [ -106.714798254442286, 35.179995453303235 ], [ -106.715011448716524, 35.180045714921455 ], [ -106.71538983841458, 35.180114678266598 ], [ -106.715609000858649, 35.180169978366877 ], [ -106.715858365847225, 35.180238179557193 ], [ -106.716182627932824, 35.180375879418698 ], [ -106.716230675370355, 35.180397080167076 ], [ -106.716378778209162, 35.180462427552811 ], [ -106.716746549000831, 35.180685728254325 ], [ -106.71701047295393, 35.180894597836136 ], [ -106.71714587159093, 35.181042994836695 ], [ -106.720114798560346, 35.183974162662992 ], [ -106.723983796139891, 35.187822187461592 ], [ -106.724184847888878, 35.188022135670636 ], [ -106.724285364198849, 35.188122100669169 ], [ -106.724604406553539, 35.188378368345859 ], [ -106.724789339207533, 35.188481606015145 ], [ -106.724916713120123, 35.188552711204373 ], [ -106.725243379760869, 35.188735070151019 ], [ -106.725339544028472, 35.188764823226002 ], [ -106.725721713491211, 35.188883063886664 ], [ -106.725758570407109, 35.18889446739076 ], [ -106.726400287568921, 35.189046609428019 ], [ -106.727026257043534, 35.189096827133227 ], [ -106.727716910595873, 35.189086601261764 ], [ -106.72766153222355, 35.192055172220464 ], [ -106.727660088722246, 35.192132555250993 ], [ -106.727695957027805, 35.193074282969256 ], [ -106.727701331429927, 35.19321614303243 ], [ -106.727710948917533, 35.193469982358572 ], [ -106.727755291476726, 35.194640302658534 ], [ -106.72774932331464, 35.196622319957832 ], [ -106.727708509198862, 35.197636743609955 ], [ -106.727706121140884, 35.197696097115347 ], [ -106.727674062992534, 35.198501730252033 ], [ -106.727673824320334, 35.198721698109992 ], [ -106.727673778711733, 35.198769243500685 ], [ -106.727672895482698, 35.199680067083214 ], [ -106.727665652734842, 35.199913959024073 ], [ -106.727662200570151, 35.200022855875886 ], [ -106.727623098388491, 35.201256362822939 ], [ -106.727631540147073, 35.201641231562292 ], [ -106.727646384623867, 35.202317948220596 ], [ -106.727661400540484, 35.20300250839378 ], [ -106.727665701184378, 35.203196055213567 ], [ -106.72766861050242, 35.203326980467587 ], [ -106.727639115736537, 35.203321337560737 ], [ -106.718784946526867, 35.203252338886728 ], [ -106.717842213891103, 35.203260072949028 ], [ -106.716794181291036, 35.203366964883003 ], [ -106.716403773076394, 35.203403294353144 ], [ -106.716433748019782, 35.20416588249995 ], [ -106.715239529242893, 35.204289910417266 ], [ -106.715298897084438, 35.204421793652514 ], [ -106.713039097245769, 35.204669823812154 ], [ -106.713644964412268, 35.205980683540417 ], [ -106.713348576224021, 35.206014802421237 ], [ -106.712659964599936, 35.206094683864137 ], [ -106.713165964261222, 35.209004684053532 ], [ -106.712365964239652, 35.209093684245737 ], [ -106.711993964323923, 35.210505683974468 ], [ -106.712006728904313, 35.214392386440259 ], [ -106.710525903587651, 35.214401592448837 ], [ -106.710543213929057, 35.216022079315735 ], [ -106.712007607603127, 35.216017123740805 ], [ -106.712005721113002, 35.217753181713853 ], [ -106.711988878996394, 35.217838351926154 ], [ -106.711963370942598, 35.217838374443282 ], [ -106.711833505336983, 35.21783850122749 ], [ -106.711808621178037, 35.217838519529188 ], [ -106.711783738112345, 35.217838536920155 ], [ -106.711710799081303, 35.217838568117465 ], [ -106.710530966542379, 35.217839052327726 ], [ -106.710486493706071, 35.217839064643087 ], [ -106.710435044657586, 35.217839083642474 ], [ -106.696476663358311, 35.217843825201989 ], [ -106.692283963285391, 35.217853100278738 ], [ -106.690183960245392, 35.217854686313913 ], [ -106.689288785949984, 35.217833091572068 ], [ -106.686940323222672, 35.217776406675945 ], [ -106.68447767690671, 35.217716917502237 ], [ -106.68398211195354, 35.217697140787081 ], [ -106.683102958755924, 35.217683686461299 ], [ -106.6695012824744, 35.21772324793082 ], [ -106.668839963620073, 35.217724625364532 ], [ -106.666477627618391, 35.217727992875787 ], [ -106.663098567409122, 35.217732730696873 ], [ -106.662513627308101, 35.217729015503998 ], [ -106.662618521668804, 35.217352661146556 ], [ -106.662692453931882, 35.217088835407047 ], [ -106.662841164342154, 35.216558225979455 ], [ -106.662860125535332, 35.216490764737379 ], [ -106.662892311686704, 35.2163759890149 ], [ -106.662989325755703, 35.21602391421137 ], [ -106.662992914623828, 35.215993613798169 ], [ -106.663077825671849, 35.215187995857484 ], [ -106.663085806962087, 35.215109546591385 ] ] ] } },
{ "type": "Feature", "properties": { "NAME": "LBJ", "ID": 485 }, "geometry": { "type": "Polygon", "coordinates": [ [ [ -106.656412766790808, 35.174139752647093 ], [ -106.658474663566977, 35.168832375369604 ], [ -106.658497261843308, 35.168817932905483 ], [ -106.663276299267338, 35.164828628576224 ], [ -106.66391701070205, 35.16429351270353 ], [ -106.666868337505534, 35.16182845996849 ], [ -106.670332083872609, 35.157638432224573 ], [ -106.673257384166121, 35.152484819356935 ], [ -106.676956655014578, 35.145983645713585 ], [ -106.677460143382049, 35.145367800991089 ], [ -106.67922384947461, 35.143430387525662 ], [ -106.680027870479748, 35.142528301658345 ], [ -106.680043686699591, 35.142510556497058 ], [ -106.680478760680742, 35.142026632856734 ], [ -106.680594830928101, 35.14189793869074 ], [ -106.681050875817689, 35.141389066711383 ], [ -106.681784444858877, 35.140583432545576 ], [ -106.682304374916612, 35.140009828916597 ], [ -106.68250851556806, 35.139785229543648 ], [ -106.683616605137445, 35.13856861351892 ], [ -106.684510507649208, 35.137580088860446 ], [ -106.684831881461392, 35.137224690125592 ], [ -106.685001735371756, 35.137037833108899 ], [ -106.685066489318004, 35.13696659657878 ], [ -106.685182664082646, 35.136838791821809 ], [ -106.685441756491997, 35.136553760088688 ], [ -106.685976337259731, 35.135965649432912 ], [ -106.686113600469511, 35.135814639540875 ], [ -106.686391805110375, 35.135508571173624 ], [ -106.686756860936043, 35.135106948851124 ], [ -106.686828069218478, 35.135029259905217 ], [ -106.68761233551021, 35.134177305600815 ], [ -106.687642992788199, 35.134193749029023 ], [ -106.688172613288017, 35.134456053298592 ], [ -106.688205627339514, 35.134494930430321 ], [ -106.689516685297235, 35.136055013058701 ], [ -106.689657523663129, 35.136020725975484 ], [ -106.68989642870865, 35.135962564116838 ], [ -106.69004944015704, 35.13592531351479 ], [ -106.690324798709781, 35.136010461690184 ], [ -106.690448553058658, 35.136264267082183 ], [ -106.690911779681755, 35.136393482282372 ], [ -106.690923710873236, 35.136545047388637 ], [ -106.691023489002248, 35.136561502567979 ], [ -106.69164138716836, 35.136663400728501 ], [ -106.692237881080729, 35.137038510539419 ], [ -106.692248611903935, 35.137020396522217 ], [ -106.692347134203288, 35.136816902801456 ], [ -106.692371021040358, 35.136826952350269 ], [ -106.692393252525363, 35.13683690246819 ], [ -106.692456251981483, 35.136922286236988 ], [ -106.692484801927748, 35.136961812189497 ], [ -106.692514932367089, 35.13700300904997 ], [ -106.69261538724794, 35.137140284612371 ], [ -106.692659306035381, 35.137200301907058 ], [ -106.692851868993259, 35.137295438120518 ], [ -106.693064774988898, 35.13740062377039 ], [ -106.693307649600271, 35.137520586768403 ], [ -106.693347750317542, 35.137540133920162 ], [ -106.693390337417554, 35.137561856160509 ], [ -106.693455470128526, 35.137626701200041 ], [ -106.693599816063355, 35.137770516640707 ], [ -106.693616493035691, 35.137787139520157 ], [ -106.693726991956069, 35.137825766600926 ], [ -106.693988337701029, 35.137917850134983 ], [ -106.694126038942912, 35.138099572463304 ], [ -106.694182322446508, 35.138174543902579 ], [ -106.694479217480946, 35.138567086138821 ], [ -106.694535472062128, 35.138641462559015 ], [ -106.694758840705759, 35.13842281357838 ], [ -106.694826127227614, 35.138468103051515 ], [ -106.694886140333381, 35.138508545081443 ], [ -106.694754351385811, 35.138647190421125 ], [ -106.694675690873339, 35.138727312754014 ], [ -106.69465963287638, 35.13874366887952 ], [ -106.694715609888647, 35.138797020053765 ], [ -106.694759736049249, 35.138809370155109 ], [ -106.694794232384368, 35.138818241757768 ], [ -106.694822897833575, 35.138825614017904 ], [ -106.694951697353702, 35.138858737987185 ], [ -106.694978766952488, 35.138865454409974 ], [ -106.695293060811082, 35.138947030851668 ], [ -106.69537249240858, 35.138967654252902 ], [ -106.69579556820706, 35.139171443024182 ], [ -106.695823758263273, 35.139184572513365 ], [ -106.695860163463365, 35.139191674465977 ], [ -106.695884582477262, 35.139191846941408 ], [ -106.696765955247827, 35.139195674447073 ], [ -106.69676461436265, 35.139703255271222 ], [ -106.697124814041345, 35.139646132844184 ], [ -106.697438362327375, 35.139561640699455 ], [ -106.697468391283081, 35.139552977826284 ], [ -106.697721024761009, 35.139440855254954 ], [ -106.698301899781853, 35.139920753827184 ], [ -106.699150716829422, 35.140509074848744 ], [ -106.699168986716941, 35.140488736373932 ], [ -106.699296808044352, 35.140346441142171 ], [ -106.699367007038788, 35.140263976423036 ], [ -106.69940411874876, 35.140220379311167 ], [ -106.6995515239105, 35.140047216068609 ], [ -106.69967184710508, 35.139892868909094 ], [ -106.699829049766407, 35.139683993440691 ], [ -106.699994330631071, 35.139448790857102 ], [ -106.700095659572114, 35.139296643909347 ], [ -106.700157924558255, 35.139203150184052 ], [ -106.700300976020912, 35.138976139129774 ], [ -106.700383743149018, 35.138836841572051 ], [ -106.700449591525995, 35.138726016741501 ], [ -106.700494646652317, 35.138644502989351 ], [ -106.700516087632067, 35.138605712588976 ], [ -106.700645247005724, 35.138372037002689 ], [ -106.700828771066099, 35.137999266398928 ], [ -106.700848239441683, 35.137961815609074 ], [ -106.700863537017369, 35.137932387857624 ], [ -106.700885548068328, 35.137889977774165 ], [ -106.701003357686815, 35.137622137829851 ], [ -106.701179103212709, 35.137180074581636 ], [ -106.701296964895761, 35.136884441719168 ], [ -106.701352652675538, 35.136723394207422 ], [ -106.701432479230661, 35.136462632777011 ], [ -106.701488164951428, 35.136249631382128 ], [ -106.701494008345094, 35.136221007697799 ], [ -106.701567227281132, 35.13586234962213 ], [ -106.701606722668316, 35.135519102042274 ], [ -106.701632026634201, 35.135299193317913 ], [ -106.701637768097882, 35.135072501101796 ], [ -106.701644267968405, 35.134815835737449 ], [ -106.701698743333509, 35.134816116786126 ], [ -106.702959103556054, 35.134811289155017 ], [ -106.704052631516589, 35.134828575728477 ], [ -106.704109282456486, 35.134829764311071 ], [ -106.704276804566078, 35.134829553847787 ], [ -106.704369056724772, 35.134829437878608 ], [ -106.707717331982792, 35.134818113787659 ], [ -106.708416267483102, 35.134808771574718 ], [ -106.708943098485932, 35.13689312845969 ], [ -106.709194274365757, 35.13790874285926 ], [ -106.709401442560008, 35.138491690906811 ], [ -106.70943639785834, 35.138602895645967 ], [ -106.709464438298824, 35.138702909030521 ], [ -106.709730398228743, 35.139651517541338 ], [ -106.710009392858154, 35.139988584681532 ], [ -106.711499762171826, 35.139991426803654 ], [ -106.711554601625309, 35.139683097526785 ], [ -106.711922854494901, 35.13943757461265 ], [ -106.714411359016495, 35.139004349242448 ], [ -106.714423693006282, 35.138877868286336 ], [ -106.714768603447681, 35.138820632167381 ], [ -106.721636787678321, 35.137679129962891 ], [ -106.722368960615057, 35.138008672664483 ], [ -106.722854960704851, 35.138094672487526 ], [ -106.723619961703918, 35.137973672735512 ], [ -106.724098786709476, 35.138183766572126 ], [ -106.724656961477208, 35.138428672440121 ], [ -106.72557696133839, 35.139242672948669 ], [ -106.726253962351933, 35.140213672910122 ], [ -106.72624796297562, 35.144951673430405 ], [ -106.725958906201583, 35.145141467348246 ], [ -106.725519962445091, 35.145429673299276 ], [ -106.725482962073741, 35.145719673405623 ], [ -106.725609962113495, 35.145878673345301 ], [ -106.725694948717475, 35.146407133391193 ], [ -106.725720001785149, 35.146562470571681 ], [ -106.725479961954534, 35.146441673965342 ], [ -106.725091327125469, 35.146491327194219 ], [ -106.72348396244449, 35.146696674044229 ], [ -106.723103403367276, 35.146705671297788 ], [ -106.722637961514707, 35.146716674254066 ], [ -106.722364962030412, 35.147046673877419 ], [ -106.722565053128449, 35.147564199958751 ], [ -106.722659962201803, 35.147809674462771 ], [ -106.723015961616511, 35.147960673916522 ], [ -106.723407962036589, 35.148408674633046 ], [ -106.723713962314406, 35.148897674289046 ], [ -106.723825836998415, 35.149161415886894 ], [ -106.723810962054827, 35.149255674643506 ], [ -106.723602962071297, 35.14949867437241 ], [ -106.723397862225724, 35.150640584705549 ], [ -106.72338096278456, 35.150734674616849 ], [ -106.722598961918422, 35.151321674324976 ], [ -106.72243496197477, 35.151752674327106 ], [ -106.722904961845856, 35.152509674484172 ], [ -106.723722962263835, 35.153379674717016 ], [ -106.723719962322988, 35.153549674672675 ], [ -106.724080963045495, 35.153956674676003 ], [ -106.724032962806504, 35.154088674692034 ], [ -106.723848182357059, 35.154076945892051 ], [ -106.723204962193591, 35.15422267517507 ], [ -106.722851962351498, 35.155103675153256 ], [ -106.722613148393776, 35.155419976696543 ], [ -106.722535557050421, 35.155687386874916 ], [ -106.722367962049503, 35.155961675257259 ], [ -106.722346099884845, 35.156368648008652 ], [ -106.722328962687584, 35.156687675851963 ], [ -106.722174962472536, 35.157054675416163 ], [ -106.721657962541428, 35.15776067589757 ], [ -106.721329693609846, 35.15845508761879 ], [ -106.72096596286238, 35.158979676102291 ], [ -106.719962008463682, 35.159418368775313 ], [ -106.719920633968243, 35.15943644808096 ], [ -106.718380307829648, 35.159966282681829 ], [ -106.718351381704821, 35.159976375247993 ], [ -106.717512736798142, 35.160268988238329 ], [ -106.717426061828789, 35.160299229740588 ], [ -106.71495696139489, 35.161160676971591 ], [ -106.714932934298773, 35.161366721098794 ], [ -106.714919960917229, 35.161477676805923 ], [ -106.714601961535976, 35.161895676423796 ], [ -106.714290874392731, 35.162124176025358 ], [ -106.713868569080873, 35.162434363691787 ], [ -106.713891866569313, 35.162913974608749 ], [ -106.713897961260031, 35.163033676852621 ], [ -106.713708960938149, 35.163486676912207 ], [ -106.713626206426795, 35.163571825393497 ], [ -106.713440385747575, 35.163763019530784 ], [ -106.713323960874874, 35.164094677097246 ], [ -106.713326054331745, 35.164225536441805 ], [ -106.71332996155148, 35.164469677225263 ], [ -106.713127346943821, 35.164658303792024 ], [ -106.713017179020156, 35.164760865177897 ], [ -106.712993101699951, 35.164788438474737 ], [ -106.712961961298475, 35.164812677291884 ], [ -106.712243961466527, 35.165862677695458 ], [ -106.711623573770424, 35.166145125828848 ], [ -106.711436960430788, 35.166361677354253 ], [ -106.710944942113599, 35.166644232440369 ], [ -106.71041120397831, 35.166615693422585 ], [ -106.709993934231093, 35.166678609773818 ], [ -106.709793960718358, 35.166911677890099 ], [ -106.709811454564317, 35.16759032293384 ], [ -106.709822960177092, 35.168036678117147 ], [ -106.709483789438906, 35.168212728814687 ], [ -106.708694336446811, 35.168342719840219 ], [ -106.708062960851677, 35.168446678507358 ], [ -106.70645896053442, 35.169430677935267 ], [ -106.705399959323842, 35.169879678799411 ], [ -106.705398959662588, 35.1696436786671 ], [ -106.705248770206936, 35.169606177226349 ], [ -106.70481637542062, 35.169498171141363 ], [ -106.704337959690037, 35.16937867871151 ], [ -106.703923409189628, 35.169461982489416 ], [ -106.703068959290746, 35.169633678182471 ], [ -106.703475959733254, 35.171541678420311 ], [ -106.702791959714105, 35.172413679093367 ], [ -106.701660959179151, 35.17275967913681 ], [ -106.700008958853147, 35.172474679095167 ], [ -106.69898595884419, 35.172660679369883 ], [ -106.698478927873822, 35.173054227309656 ], [ -106.698419452981909, 35.173100390212227 ], [ -106.698236320710478, 35.173259551727952 ], [ -106.697326958508512, 35.174168679647586 ], [ -106.697357958760151, 35.174758679221007 ], [ -106.697815958589118, 35.175282679580356 ], [ -106.698840831485555, 35.175799099995146 ], [ -106.699607958679763, 35.176975679438875 ], [ -106.699062959497226, 35.177999680277978 ], [ -106.699366959287403, 35.178609679893562 ], [ -106.699284604012973, 35.179002723785167 ], [ -106.698436009881988, 35.178892198989537 ], [ -106.696619942023545, 35.179083622565045 ], [ -106.69501230700142, 35.179416340662449 ], [ -106.694359062323954, 35.179674969031332 ], [ -106.692253302236878, 35.179681506842648 ], [ -106.690447825868645, 35.179672727845599 ], [ -106.687840951309482, 35.179689456608834 ], [ -106.687805126534371, 35.179689419337848 ], [ -106.687735624554762, 35.179689346017284 ], [ -106.686256961635891, 35.179858628070441 ], [ -106.686097661919277, 35.179890126460151 ], [ -106.68571441772292, 35.179965904995896 ], [ -106.685286955957949, 35.180086681471799 ], [ -106.68492995087837, 35.180203468806702 ], [ -106.684785961100701, 35.180262032967285 ], [ -106.684492056059327, 35.180381571743908 ], [ -106.683512470500261, 35.180727481307024 ], [ -106.681352754875249, 35.181210836699471 ], [ -106.679261652505687, 35.181382793533288 ], [ -106.677702544317938, 35.181388309082244 ], [ -106.67470564441318, 35.181217918836929 ], [ -106.674142299805325, 35.181287664802866 ], [ -106.674012793447133, 35.181305227538743 ], [ -106.673789684679946, 35.181339668986631 ], [ -106.673670649218323, 35.181367140289844 ], [ -106.672344725290259, 35.181719669421589 ], [ -106.671985936455897, 35.181783123732814 ], [ -106.671612758449598, 35.181818772624702 ], [ -106.671505663257392, 35.181807795357535 ], [ -106.671424247732787, 35.181799450993083 ], [ -106.671119125546326, 35.18178589091206 ], [ -106.67013895315489, 35.181647682485497 ], [ -106.668169776694882, 35.180902087896477 ], [ -106.667301374182159, 35.180573207429411 ], [ -106.666335636802387, 35.180357754323644 ], [ -106.665400640767885, 35.180348261499468 ], [ -106.653039763211112, 35.182014503340298 ], [ -106.653538949366663, 35.181438683108176 ], [ -106.65357294989073, 35.181412683196257 ], [ -106.654153949416539, 35.180065683218174 ], [ -106.654569539298478, 35.178216499076953 ], [ -106.654589949751042, 35.17812568207777 ], [ -106.655181944809215, 35.176968785045496 ], [ -106.655704949625814, 35.175946682093617 ], [ -106.656412766790808, 35.174139752647093 ] ] ] } },
{ "type": "Feature", "properties": { "NAME": "TO BE DETERMINED", "ID": 0 }, "geometry": { "type": "Polygon", "coordinates": [ [ [ -106.508712169998162, 35.042882671302991 ], [ -106.508711912664424, 35.042779484847912 ], [ -106.494420902906171, 35.042781670251408 ], [ -106.479846653056043, 35.042690158541198 ], [ -106.479794754132968, 35.042690414601118 ], [ -106.479746692632077, 35.042690651653601 ], [ -106.473519575893434, 35.042721187677884 ], [ -106.464467627416255, 35.042765006695809 ], [ -106.462660888102349, 35.042773672245893 ], [ -106.462649897615321, 35.042081691581146 ], [ -106.462649879179736, 35.042080498974805 ], [ -106.462460645393051, 35.030163085179794 ], [ -106.462460626963832, 35.030161892571044 ], [ -106.462410905091318, 35.027029862791785 ], [ -106.462410906217443, 35.027029450819136 ], [ -106.462439418909241, 35.02576608137808 ], [ -106.46268848327604, 35.014728644092187 ], [ -106.462702896178541, 35.014089861006177 ], [ -106.462702887612124, 35.01408866837702 ], [ -106.462694791477333, 35.013351467057298 ], [ -106.462694778528316, 35.013350274435687 ], [ -106.462636448677287, 35.00803833560412 ], [ -106.462636435730346, 35.008037142981422 ], [ -106.462548902984054, 35.000063853679123 ], [ -106.462646151984799, 34.999976652598733 ], [ -106.462667591478663, 34.999290602315163 ], [ -106.462696749210323, 34.998357530637456 ], [ -106.462698895113689, 34.998288858160166 ], [ -106.462698880931129, 34.998288034239721 ], [ -106.46269889202776, 34.998287665518269 ], [ -106.462675936799599, 34.996993708538128 ], [ -106.462674073239683, 34.99688864703618 ], [ -106.462672221326415, 34.996784274236681 ], [ -106.462607753304511, 34.993150047236767 ], [ -106.462606416963695, 34.993074681957054 ], [ -106.462605991203105, 34.993050677387551 ], [ -106.462591436110159, 34.992230079647925 ], [ -106.462575986440314, 34.991359080208809 ], [ -106.462484279655811, 34.986188504465723 ], [ -106.462483470570973, 34.986142866072548 ], [ -106.462474036611937, 34.985610910321377 ], [ -106.462473581494621, 34.985585259682047 ], [ -106.462460909007646, 34.984870652014465 ], [ -106.462515544974195, 34.984098501681608 ], [ -106.462517411185956, 34.984072132104323 ], [ -106.462589125881323, 34.983058616308092 ], [ -106.462600654573862, 34.982895672701112 ], [ -106.462925894261772, 34.978298854884017 ], [ -106.462976712703949, 34.976640009479553 ], [ -106.462978288120425, 34.976588580267531 ], [ -106.463304494010558, 34.965938842612431 ], [ -106.463305230057685, 34.965914816065151 ], [ -106.463327892374721, 34.96517485318509 ], [ -106.463430892451441, 34.957367852219996 ], [ -106.463430880274842, 34.957367378965493 ], [ -106.463430889359572, 34.957366659570127 ], [ -106.463371888829201, 34.955144658483292 ], [ -106.462843890435536, 34.955006658914392 ], [ -106.462843585359664, 34.954743784767025 ], [ -106.462843584466469, 34.954742592112773 ], [ -106.462842346562041, 34.953671554090803 ], [ -106.46284234566896, 34.95367036143633 ], [ -106.462841983227207, 34.953356901765105 ], [ -106.46284198233414, 34.953355709110546 ], [ -106.462834903522932, 34.94723333324157 ], [ -106.4628349015357, 34.947232140587751 ], [ -106.446481887996228, 34.947277610445376 ], [ -106.445785887627096, 34.947279508541136 ], [ -106.445532241589035, 34.94728019833461 ], [ -106.440110884156354, 34.947294967860223 ], [ -106.428403881436381, 34.947325930571594 ], [ -106.411001638670228, 34.947369835468749 ], [ -106.410881879091193, 34.947370129353615 ], [ -106.39327687511485, 34.947412026681924 ], [ -106.375589868727261, 34.947451598959113 ], [ -106.364988474249941, 34.947473999534346 ], [ -106.361070867790659, 34.9474820465338 ], [ -106.357855616168692, 34.947488590202667 ], [ -106.347880861861782, 34.947508349346471 ], [ -106.345694862266342, 34.947512534011643 ], [ -106.343522862087241, 34.947516658646549 ], [ -106.338686861292132, 34.947525730339677 ], [ -106.336836858420199, 34.947529225880963 ], [ -106.334415665650155, 34.947533589118379 ], [ -106.334331859942964, 34.947533740177128 ], [ -106.325416864394725, 34.947549665005532 ], [ -106.32541724159374, 34.94751561672453 ], [ -106.325417254734575, 34.947514424056642 ], [ -106.325417678336493, 34.947474855976637 ], [ -106.325417691477327, 34.947473663308742 ], [ -106.325474783968701, 34.942054858309028 ], [ -106.325474789444613, 34.942053665644799 ], [ -106.32308608020044, 34.942075655569163 ], [ -106.31674952764115, 34.942133751751157 ], [ -106.316612796070501, 34.942135002329564 ], [ -106.316563103663597, 34.942135456867838 ], [ -106.316430855142457, 34.942136665119982 ], [ -106.316430827685778, 34.942102617055482 ], [ -106.316430827818778, 34.942101424394515 ], [ -106.316434440493296, 34.93835985382524 ], [ -106.318625856162711, 34.938358884610963 ], [ -106.320831856678552, 34.938357870071187 ], [ -106.322954857527648, 34.938356856327594 ], [ -106.32295486085043, 34.938355663664034 ], [ -106.322954999394, 34.938332861478109 ], [ -106.322955007095658, 34.938331668811919 ], [ -106.322967745736221, 34.936391507868741 ], [ -106.322967741331894, 34.936391479023925 ], [ -106.322967749058805, 34.936390315204775 ], [ -106.322470233581356, 34.934766584880542 ], [ -106.321345317190733, 34.931094567231554 ], [ -106.32082585482911, 34.929398662479763 ], [ -106.320311886841779, 34.927720764397876 ], [ -106.320312791610533, 34.927688160794141 ], [ -106.320314636085584, 34.927622851698175 ], [ -106.320515537772337, 34.92051698949588 ], [ -106.320515505957516, 34.920516902070254 ], [ -106.320515536752239, 34.920515796831367 ], [ -106.318228849757858, 34.91430666092203 ], [ -106.318221392035497, 34.912899850534814 ], [ -106.318221385576962, 34.912898657871814 ], [ -106.318213477443479, 34.911406051117829 ], [ -106.318213470985199, 34.911404858454546 ], [ -106.318203340835922, 34.909456002814494 ], [ -106.318203334377984, 34.909454810150805 ], [ -106.318202829599812, 34.909357852802124 ], [ -106.318202823141903, 34.909356660138428 ], [ -106.318200898040388, 34.908991190259059 ], [ -106.318200891582549, 34.908989997595299 ], [ -106.318184154651192, 34.905813850856887 ], [ -106.318184150382478, 34.905812658191273 ], [ -106.318179516913105, 34.903660840301001 ], [ -106.318193596618272, 34.903636834795826 ], [ -106.318356035248385, 34.903269769470349 ], [ -106.3188527807675, 34.902473308448776 ], [ -106.319166170063582, 34.902279832559294 ], [ -106.320489758338113, 34.90225085292262 ], [ -106.323220880298933, 34.89884687378887 ], [ -106.323995596896637, 34.898127127655428 ], [ -106.324498126950843, 34.897835611030601 ], [ -106.324497984798541, 34.897834500483661 ], [ -106.324498125874058, 34.897834418361739 ], [ -106.324450796031229, 34.897464714385137 ], [ -106.324570893031719, 34.897161999275127 ], [ -106.325517035606765, 34.896494976949938 ], [ -106.325846208811825, 34.896262909972648 ], [ -106.325964006485123, 34.896179861575455 ], [ -106.328691386603751, 34.895925324805511 ], [ -106.336144916106576, 34.885715144549927 ], [ -106.337318211501213, 34.884876291034047 ], [ -106.337741665659124, 34.884422943903246 ], [ -106.337891593003093, 34.884454208384113 ], [ -106.338733052393636, 34.884629677202589 ], [ -106.341118936208332, 34.883167447190615 ], [ -106.341118717335675, 34.883166388103035 ], [ -106.341118934891995, 34.883166254519374 ], [ -106.341083130489721, 34.882993407876889 ], [ -106.340649886522314, 34.880901862570632 ], [ -106.340820737899506, 34.880834402700593 ], [ -106.352544511671226, 34.876430139625057 ], [ -106.352585870211044, 34.876281640785209 ], [ -106.353183443786364, 34.874144022629658 ], [ -106.353622966644252, 34.873728810197555 ], [ -106.355385439714198, 34.872063765729955 ], [ -106.355466860026112, 34.871986844726649 ], [ -106.35666946284563, 34.87194166225747 ], [ -106.359002697805991, 34.871853967548809 ], [ -106.359645804726426, 34.870967226933757 ], [ -106.360131753468764, 34.870734869855177 ], [ -106.360200423672694, 34.870702034787229 ], [ -106.3604575582292, 34.87057908312768 ], [ -106.360582375508798, 34.870404382153154 ], [ -106.360581525603692, 34.870404376615603 ], [ -106.360582373912052, 34.870403189480108 ], [ -106.363768311008897, 34.870392031564549 ], [ -106.395547606160548, 34.870280644074185 ], [ -106.403032434448605, 34.870236395764117 ], [ -106.405123868440285, 34.870225846838522 ], [ -106.407836975958674, 34.870231540763449 ], [ -106.410851365434695, 34.870214110681445 ], [ -106.410960082892643, 34.870224668430524 ], [ -106.410954982815184, 34.870387647769597 ], [ -106.410955530771488, 34.870433651071316 ], [ -106.411071169623995, 34.881687327702565 ], [ -106.411071600151359, 34.881729129228177 ], [ -106.411071871780578, 34.88175565070695 ], [ -106.411043749933214, 34.884481658169648 ], [ -106.410992490933666, 34.889482235025113 ], [ -106.410992232652248, 34.889507434687651 ], [ -106.41099187246806, 34.889542651830148 ], [ -106.411793034242137, 34.889587326167032 ], [ -106.41288187281036, 34.889815651784119 ], [ -106.414142419927984, 34.890683783920942 ], [ -106.414383802779199, 34.891521411298726 ], [ -106.414385360684747, 34.891556521271191 ], [ -106.414446178545305, 34.892021700863552 ], [ -106.414490343059114, 34.8923581388201 ], [ -106.414504800491926, 34.892473341201004 ], [ -106.414520167961484, 34.892597720400033 ], [ -106.414523873335042, 34.892632651667817 ], [ -106.414796027648819, 34.892939606737372 ], [ -106.414828873730386, 34.892976652141733 ], [ -106.415968873368826, 34.893111652207679 ], [ -106.416385874184058, 34.893021651820042 ], [ -106.417357873792938, 34.892173651371181 ], [ -106.417385222903448, 34.892164341907986 ], [ -106.417830873472909, 34.892012651523011 ], [ -106.418330874059379, 34.892173652070667 ], [ -106.418559633966026, 34.892567747084271 ], [ -106.418614080867414, 34.892652114893103 ], [ -106.418859514858724, 34.894265525601149 ], [ -106.41885987420828, 34.894302651988319 ], [ -106.419110874804375, 34.89462165161337 ], [ -106.419527874944364, 34.894943652047473 ], [ -106.420165406747188, 34.895062245394811 ], [ -106.421000874506348, 34.895217652441708 ], [ -106.421216326110809, 34.895328289880986 ], [ -106.420695874757939, 34.896338652152743 ], [ -106.420679404876068, 34.896521412257542 ], [ -106.420667875347789, 34.896546652072772 ], [ -106.421196875244533, 34.897002652357749 ], [ -106.421870874401989, 34.897285656336734 ], [ -106.422736760597573, 34.897642181604425 ], [ -106.422804040672119, 34.897843366508319 ], [ -106.42304849966807, 34.898574351342596 ], [ -106.423055872493308, 34.898596860903062 ], [ -106.42333413215988, 34.89944639299938 ], [ -106.423337875713258, 34.89947465289287 ], [ -106.422894065998349, 34.900345278718987 ], [ -106.422921876274842, 34.901102653285207 ], [ -106.423255876425173, 34.901536652930901 ], [ -106.423762025181787, 34.901891049559715 ], [ -106.423812876012406, 34.901926653198991 ], [ -106.42495187670103, 34.902291652920404 ], [ -106.426592877154647, 34.902472653094541 ], [ -106.427338876324526, 34.90247309499555 ], [ -106.42758123081002, 34.902473268529931 ], [ -106.428120877442169, 34.902473652650443 ], [ -106.428344106782546, 34.902613041337865 ], [ -106.428482268994983, 34.902699312749469 ], [ -106.429511877458978, 34.903342652434098 ], [ -106.435755273919597, 34.903428174368308 ], [ -106.463919915512676, 34.903810128242057 ], [ -106.481398888489053, 34.904043650177691 ], [ -106.499077914122722, 34.904132763978758 ], [ -106.49972589322654, 34.904135648814474 ], [ -106.526122240709142, 34.904490170940527 ], [ -106.531667212291126, 34.904563915133508 ], [ -106.538539503298352, 34.904654959747269 ], [ -106.547458639898949, 34.904772542474767 ], [ -106.549597904036077, 34.904800646636645 ], [ -106.551934926728762, 34.904824121185939 ], [ -106.56939992031549, 34.90499678366556 ], [ -106.578699910701701, 34.905087645250944 ], [ -106.587046923426954, 34.90520709749805 ], [ -106.58890111868844, 34.905233248199998 ], [ -106.617074520728153, 34.905630918412811 ], [ -106.625933022846027, 34.905754606969452 ], [ -106.629372779724747, 34.905802460210346 ], [ -106.638182924360549, 34.905963642089326 ], [ -106.657264880801335, 34.906189385098706 ], [ -106.659002928244774, 34.906210640868807 ], [ -106.670843931077542, 34.906183640061919 ], [ -106.671067864674157, 34.906250597104844 ], [ -106.671059662495566, 34.906305588708499 ], [ -106.670410149516115, 34.911998145426089 ], [ -106.669760550948169, 34.917690693081958 ], [ -106.667008101884036, 34.930785263612762 ], [ -106.664254798973133, 34.94387974885057 ], [ -106.663811703375544, 34.945475511866043 ], [ -106.66336819543605, 34.947072097357655 ], [ -106.66124377129826, 34.947078472222493 ], [ -106.654614418012528, 34.947098127053643 ], [ -106.647985059030546, 34.947117420109791 ], [ -106.647646783516393, 34.947118394484789 ], [ -106.643278535104727, 34.947130744551423 ], [ -106.590659838442519, 34.947279734867493 ], [ -106.582673045640647, 34.947249315446314 ], [ -106.574686254426936, 34.94721837087215 ], [ -106.571922845189349, 34.947207543610659 ], [ -106.569159673754925, 34.94719665375834 ], [ -106.56909598506887, 34.956347409110926 ], [ -106.569032526868, 34.965498151896206 ], [ -106.568969061560864, 34.974648880933799 ], [ -106.568905591329937, 34.983799596216322 ], [ -106.568905610871383, 34.986135075379956 ], [ -106.568905630941444, 34.988470553644852 ], [ -106.568905651543673, 34.990806031912449 ], [ -106.568905691293438, 34.993141508330858 ], [ -106.568905694599138, 34.993165518974386 ], [ -106.568905698457172, 34.993199556666589 ], [ -106.568908790977531, 34.997259669564976 ], [ -106.56891188648973, 35.001319778840781 ], [ -106.568914983902076, 35.005379885398142 ], [ -106.568918083214839, 35.009439989236988 ], [ -106.568921190069773, 35.01350860019015 ], [ -106.568924299925783, 35.017577207508751 ], [ -106.56892741059859, 35.021645813001321 ], [ -106.568930524273043, 35.025714414859038 ], [ -106.568927835266393, 35.029387597310318 ], [ -106.568925147320584, 35.033060776637001 ], [ -106.568923803748575, 35.034897365917367 ], [ -106.568922461535195, 35.036733953737595 ], [ -106.568921118495439, 35.038570541906296 ], [ -106.568918777935139, 35.040406473172361 ], [ -106.565871918259077, 35.036056665787072 ], [ -106.561221819229004, 35.03430675591774 ], [ -106.556571916265298, 35.032556665410951 ], [ -106.551584700063174, 35.034331288610794 ], [ -106.551517344530737, 35.034354839078411 ], [ -106.546615106817455, 35.033990602077296 ], [ -106.541712912263492, 35.033626166785943 ], [ -106.537304260210462, 35.0363730466932 ], [ -106.537275321096956, 35.036392225354518 ], [ -106.533402911559918, 35.039006668007083 ], [ -106.532906220656912, 35.043191144961796 ], [ -106.527255213315158, 35.043128920198953 ], [ -106.521345582146324, 35.043063565476054 ], [ -106.520780304189628, 35.042994890070531 ], [ -106.508712169998162, 35.042882671302991 ] ] ] } },
{ "type": "Feature", "properties": { "NAME": "MADISON", "ID": 435 }, "geometry": { "type": "Polygon", "coordinates": [ [ [ -106.533345202618094, 35.130640449492816 ], [ -106.533319263909789, 35.123404669552372 ], [ -106.533236466769367, 35.116172094089869 ], [ -106.533269220542806, 35.11519109451055 ], [ -106.533284908239068, 35.114721207088763 ], [ -106.533270416996757, 35.114304679546493 ], [ -106.533164211129545, 35.112191728616295 ], [ -106.533090884980268, 35.110732821815823 ], [ -106.533087765437088, 35.110670755011313 ], [ -106.5330839166717, 35.110594179211418 ], [ -106.533086875772426, 35.110413493065941 ], [ -106.533099620533761, 35.109635277159853 ], [ -106.533105292187173, 35.109288928107993 ], [ -106.53310759909418, 35.109198817912947 ], [ -106.533115012983657, 35.109090446760383 ], [ -106.533119089173084, 35.108945416767988 ], [ -106.533241988339213, 35.108947553701846 ], [ -106.535266727070947, 35.108986143646774 ], [ -106.536085973771691, 35.109001748210424 ], [ -106.536128108822268, 35.109002550225263 ], [ -106.536988808053593, 35.109034143595117 ], [ -106.539470229333233, 35.109138481844248 ], [ -106.540862534348406, 35.109113867858198 ], [ -106.541988354669613, 35.109093981623388 ], [ -106.544441810854323, 35.109123734337395 ], [ -106.545028466505343, 35.109145680055555 ], [ -106.545923590865016, 35.109179087757028 ], [ -106.547163929537135, 35.109175873474278 ], [ -106.548388715732727, 35.109246334419502 ], [ -106.549689565579911, 35.109239526128412 ], [ -106.55090373479625, 35.109231203591349 ], [ -106.551906767358204, 35.109220594064929 ], [ -106.5521317361261, 35.109218227996649 ], [ -106.55323915353631, 35.109215463037437 ], [ -106.553625667185031, 35.109206935135006 ], [ -106.554337439447551, 35.109212700970012 ], [ -106.555428842858404, 35.109208219108297 ], [ -106.5558863457196, 35.109206337241282 ], [ -106.556540438167545, 35.109203643913823 ], [ -106.557078245816911, 35.109200397000741 ], [ -106.557647263289809, 35.109196949513134 ], [ -106.557732420040153, 35.109196433197695 ], [ -106.557831782562957, 35.109195831171874 ], [ -106.558689865288443, 35.109172697707493 ], [ -106.558728607387437, 35.109171694895188 ], [ -106.559871342102824, 35.109191120117401 ], [ -106.559902779716666, 35.114651934977267 ], [ -106.559887733605166, 35.116427276887478 ], [ -106.558784197213456, 35.116416396288201 ], [ -106.557676230949284, 35.116419213546891 ], [ -106.556574414775241, 35.116422005124591 ], [ -106.555471419021174, 35.116412721019728 ], [ -106.554959131674366, 35.116421572266034 ], [ -106.554368153363981, 35.116427564836151 ], [ -106.55402307520805, 35.116435631590363 ], [ -106.553267620387828, 35.116430340262198 ], [ -106.553111653649864, 35.116463917317418 ], [ -106.55217119249356, 35.116426841188691 ], [ -106.550922541776146, 35.116406596108071 ], [ -106.550922600693795, 35.116453650863974 ], [ -106.550925112651214, 35.118442446115786 ], [ -106.550940516767781, 35.119235581806841 ], [ -106.550946893205719, 35.120009717372753 ], [ -106.550983503919156, 35.121721016850223 ], [ -106.550983779236887, 35.123567276672148 ], [ -106.550989398028904, 35.125168304591767 ], [ -106.551020430329956, 35.12676458052961 ], [ -106.55101608524086, 35.127502319547958 ], [ -106.551007365591659, 35.130076109022035 ], [ -106.551002675872581, 35.130699339998877 ], [ -106.551002817564481, 35.13237248300041 ], [ -106.551039880037251, 35.136476125307738 ], [ -106.551070476913566, 35.137483981194499 ], [ -106.552740026914265, 35.137461988642045 ], [ -106.555200233785015, 35.137429539713196 ], [ -106.555409553218055, 35.137426795721431 ], [ -106.555441204006144, 35.13742834847762 ], [ -106.555510709536421, 35.137438635493638 ], [ -106.55619304864841, 35.137519909828178 ], [ -106.556764911724173, 35.137660843860381 ], [ -106.559095876199734, 35.138426906420378 ], [ -106.559891366091335, 35.138477602392541 ], [ -106.562268674887576, 35.138444575510654 ], [ -106.562345690211004, 35.138435549150991 ], [ -106.563010360658083, 35.13834787929234 ], [ -106.563040934871779, 35.138343846565895 ], [ -106.564352007993008, 35.138078697395137 ], [ -106.56441285682078, 35.138053876810702 ], [ -106.564456793964638, 35.138049632373466 ], [ -106.564954073312592, 35.138001597301844 ], [ -106.565017319692046, 35.138009540542939 ], [ -106.565205088151771, 35.138033123689503 ], [ -106.565636631633055, 35.138088304064382 ], [ -106.566197810859805, 35.138234052204503 ], [ -106.566721229454629, 35.138370335667616 ], [ -106.566780236898637, 35.138383613921299 ], [ -106.566912409504042, 35.138411371909825 ], [ -106.566940932967128, 35.138417362260796 ], [ -106.568659503903433, 35.138402100306884 ], [ -106.568461322344703, 35.139167137800321 ], [ -106.567490468206771, 35.142761118234922 ], [ -106.566834385508429, 35.144274518089162 ], [ -106.566389990385773, 35.145302132242456 ], [ -106.566368419962743, 35.145743839196051 ], [ -106.566091257502364, 35.14641567201005 ], [ -106.566034171053317, 35.146905888198788 ], [ -106.566035217325606, 35.147176526058892 ], [ -106.566037490802699, 35.147764590881955 ], [ -106.566011164866296, 35.148635631341776 ], [ -106.56588101962096, 35.149253160738169 ], [ -106.565872574092424, 35.149281843356235 ], [ -106.565779511481622, 35.149597901511036 ], [ -106.564998188253568, 35.151390291281302 ], [ -106.564399494432564, 35.15272755825368 ], [ -106.563092931238856, 35.155632436324282 ], [ -106.562693733234028, 35.156452960031181 ], [ -106.562569273510107, 35.156815246849341 ], [ -106.562360902915074, 35.157229317087776 ], [ -106.562307083753439, 35.157215330172157 ], [ -106.562259668145586, 35.157211084879691 ], [ -106.562149134101389, 35.15747672379127 ], [ -106.562074205126407, 35.15765679309952 ], [ -106.561930859186972, 35.158001281926936 ], [ -106.561305551127077, 35.15783052749255 ], [ -106.560778823764167, 35.157844959709131 ], [ -106.559899248941932, 35.157842206060138 ], [ -106.5598967103153, 35.158076419877617 ], [ -106.559899408014871, 35.158928986767862 ], [ -106.559908179314505, 35.159452214720083 ], [ -106.559923367724622, 35.15974883347031 ], [ -106.559923564293314, 35.159954326475912 ], [ -106.559923560324464, 35.160046465027776 ], [ -106.559923557622113, 35.160110576735306 ], [ -106.559923557101897, 35.160138510727457 ], [ -106.559923554801713, 35.160207647991157 ], [ -106.559923551291988, 35.160284569238193 ], [ -106.55992584739036, 35.160921734688657 ], [ -106.559938107860475, 35.162425391433388 ], [ -106.559940392774152, 35.163027699611895 ], [ -106.559939062558655, 35.164729434408905 ], [ -106.559948178932629, 35.165499835291101 ], [ -106.559953307905985, 35.165933317859192 ], [ -106.559954960950151, 35.166073013196204 ], [ -106.559956517111104, 35.166204531774589 ], [ -106.559957321495247, 35.166272449053572 ], [ -106.559956074088092, 35.166353655267535 ], [ -106.559945691817646, 35.167029616428778 ], [ -106.559940234413133, 35.167782918750383 ], [ -106.559945450378663, 35.168036466353307 ], [ -106.559956071797927, 35.168552675543594 ], [ -106.559966028370411, 35.16898534866354 ], [ -106.559966448705467, 35.169033049305632 ], [ -106.559966736922675, 35.16929935047397 ], [ -106.559969862970178, 35.169856087822915 ], [ -106.559971169777214, 35.170088776011369 ], [ -106.559954452560632, 35.170751034795252 ], [ -106.559953382879286, 35.170793454070754 ], [ -106.559951912919416, 35.171072624164921 ], [ -106.55994385823476, 35.172603852339201 ], [ -106.559942649149519, 35.172833739764705 ], [ -106.559930535189878, 35.174041453474452 ], [ -106.5599287158133, 35.174222491390225 ], [ -106.556474609679114, 35.174086877505601 ], [ -106.554096896282644, 35.173993590332493 ], [ -106.554014466969875, 35.173993467308499 ], [ -106.551556909373829, 35.173989764645967 ], [ -106.551103659551785, 35.173989076634612 ], [ -106.550287562966872, 35.174007813427906 ], [ -106.548849003880505, 35.174040827511568 ], [ -106.548561553836024, 35.174047421864003 ], [ -106.543359098657632, 35.174319505196664 ], [ -106.542242303357924, 35.174377254057035 ], [ -106.542274040624406, 35.171116566035224 ], [ -106.542274067413871, 35.171084783749293 ], [ -106.542261064223098, 35.167450741430542 ], [ -106.542257331436332, 35.16640740727987 ], [ -106.542260595313891, 35.165573482506538 ], [ -106.542259782920453, 35.164991995550629 ], [ -106.542251181068195, 35.163430395708673 ], [ -106.542248785955977, 35.162475743657048 ], [ -106.542252296622692, 35.161161124515672 ], [ -106.542252835866549, 35.161049802774549 ], [ -106.542257793936585, 35.160026903069209 ], [ -106.542256452120526, 35.159690731866561 ], [ -106.542250195667137, 35.158211230523676 ], [ -106.542220422981529, 35.157845685659389 ], [ -106.542202602532768, 35.157661475724659 ], [ -106.542174771613006, 35.157373797573946 ], [ -106.542100227014018, 35.157169792505584 ], [ -106.542058653390853, 35.157056016612742 ], [ -106.541913574546001, 35.156715677191983 ], [ -106.541710422380419, 35.156402685768462 ], [ -106.540396922010714, 35.155350685215495 ], [ -106.540131922377, 35.154970685093303 ], [ -106.539987772299611, 35.154341875309242 ], [ -106.539992750752418, 35.153525164217712 ], [ -106.539937395414555, 35.152587542974643 ], [ -106.539934832822226, 35.152533159393826 ], [ -106.539911856000685, 35.15204546115082 ], [ -106.539874548885436, 35.151313983603444 ], [ -106.539854904249736, 35.15073353366769 ], [ -106.539663421413223, 35.149956685159346 ], [ -106.539427792876268, 35.149501885591846 ], [ -106.538970975155777, 35.148858378622577 ], [ -106.539497932584837, 35.148569853744043 ], [ -106.539991921694849, 35.148050684426593 ], [ -106.540101945385373, 35.147801038238995 ], [ -106.54013041041361, 35.14754218154237 ], [ -106.540110096310869, 35.147177489944788 ], [ -106.539974485386395, 35.146488189725844 ], [ -106.539845923226224, 35.145802763962685 ], [ -106.539428077256332, 35.144861411293569 ], [ -106.539420165465017, 35.144842163536453 ], [ -106.539376651022465, 35.144750505432192 ], [ -106.538996192422232, 35.144058545759648 ], [ -106.538725674655325, 35.143227703555688 ], [ -106.538593922880978, 35.141779339851816 ], [ -106.538282618281585, 35.140973779925076 ], [ -106.537977906066871, 35.140203297722053 ], [ -106.53778564650635, 35.139767214228669 ], [ -106.537771612058521, 35.139726445266845 ], [ -106.537647022611509, 35.13921392648669 ], [ -106.537655193226911, 35.138922691231564 ], [ -106.53336634315562, 35.13889891281562 ], [ -106.533345202618094, 35.130640449492816 ] ] ] } },
{ "type": "Feature", "properties": { "NAME": "GARFIELD", "ID": 410 }, "geometry": { "type": "Polygon", "coordinates": [ [ [ -106.690624565542876, 35.109874185892679 ], [ -106.690242483162308, 35.111684519100848 ], [ -106.691144451863465, 35.114478671563973 ], [ -106.692370902915158, 35.117258632299205 ], [ -106.692224371505475, 35.117654187394621 ], [ -106.690075499747493, 35.123454545951297 ], [ -106.690875404947747, 35.125554547885628 ], [ -106.687629239935418, 35.134116627803763 ], [ -106.687617023524382, 35.134148844482901 ], [ -106.68761233551021, 35.134177305600815 ], [ -106.686828069218478, 35.135029259905217 ], [ -106.686756860936043, 35.135106948851124 ], [ -106.686391805110375, 35.135508571173624 ], [ -106.686113600469511, 35.135814639540875 ], [ -106.685976337259731, 35.135965649432912 ], [ -106.685441756491997, 35.136553760088688 ], [ -106.685182664082646, 35.136838791821809 ], [ -106.685066489318004, 35.13696659657878 ], [ -106.685001735371756, 35.137037833108899 ], [ -106.684831881461392, 35.137224690125592 ], [ -106.684510507649208, 35.137580088860446 ], [ -106.683616605137445, 35.13856861351892 ], [ -106.68250851556806, 35.139785229543648 ], [ -106.682304374916612, 35.140009828916597 ], [ -106.681784444858877, 35.140583432545576 ], [ -106.681050875817689, 35.141389066711383 ], [ -106.677619290426961, 35.140061596355331 ], [ -106.676988462337377, 35.139880593131288 ], [ -106.676890267363902, 35.139851487990086 ], [ -106.676550600062171, 35.139749145046167 ], [ -106.676600507539305, 35.139598936559892 ], [ -106.676559520393027, 35.139586447094814 ], [ -106.675380022172263, 35.139265362742144 ], [ -106.673845069115103, 35.13876416425498 ], [ -106.673827950017809, 35.138487675312682 ], [ -106.672969949588833, 35.138211675837823 ], [ -106.673140949608822, 35.137910675100102 ], [ -106.671900238900477, 35.137526598910078 ], [ -106.670724196360979, 35.137162526508533 ], [ -106.669745949754471, 35.136859675274572 ], [ -106.669683949823977, 35.137020675359807 ], [ -106.669585659566209, 35.137045828885867 ], [ -106.669127494617214, 35.136818903376515 ], [ -106.66910323697364, 35.136807035908774 ], [ -106.668872948581978, 35.136694675481429 ], [ -106.667612949081956, 35.136321675371448 ], [ -106.667038244082462, 35.135925433727238 ], [ -106.666987806665674, 35.135901558522377 ], [ -106.666748776029308, 35.135784747524198 ], [ -106.666633948492816, 35.135727675194524 ], [ -106.666373520584827, 35.135642538981294 ], [ -106.666253584109967, 35.135603114311273 ], [ -106.665992937807047, 35.135559886226098 ], [ -106.665488240820849, 35.135477901238488 ], [ -106.665392303434686, 35.135449185537574 ], [ -106.665226406227745, 35.135399529115134 ], [ -106.664633065011856, 35.135224156100982 ], [ -106.664062948404293, 35.1350546756019 ], [ -106.663828808159522, 35.13496357476329 ], [ -106.663490805072982, 35.134806171382813 ], [ -106.663260900543293, 35.13468766005154 ], [ -106.663106349787327, 35.134621156366237 ], [ -106.662945778313315, 35.134552062410329 ], [ -106.662788857240002, 35.134521314126296 ], [ -106.662591094134655, 35.134521987562351 ], [ -106.661547514738672, 35.134345589269905 ], [ -106.659473961961368, 35.13397680917106 ], [ -106.658430572702883, 35.133806546517818 ], [ -106.658385425231742, 35.133802957659348 ], [ -106.65739043889559, 35.133657611063015 ], [ -106.656081643851351, 35.133527044401596 ], [ -106.654052014625307, 35.133302043706671 ], [ -106.652678944728365, 35.133172675860749 ], [ -106.65226420213898, 35.133124528614275 ], [ -106.651792259956835, 35.133046128649511 ], [ -106.650693197356418, 35.132879376861197 ], [ -106.650244508198114, 35.132794546889734 ], [ -106.648980031832309, 35.132499531521681 ], [ -106.648938126362211, 35.13248975445854 ], [ -106.647564650236077, 35.132080283785321 ], [ -106.647007799571327, 35.131919792874598 ], [ -106.646980943569403, 35.131912176180037 ], [ -106.645112216858791, 35.131216519990794 ], [ -106.643163730187638, 35.130439182674273 ], [ -106.642875442292592, 35.130324675508298 ], [ -106.641678942220651, 35.130022676318887 ], [ -106.640542419873739, 35.130028865247077 ], [ -106.639460617118303, 35.130039885149436 ], [ -106.639081446878535, 35.129976635979446 ], [ -106.638878505349979, 35.129924679742842 ], [ -106.638332816938373, 35.129738995063903 ], [ -106.638120160913445, 35.129659444723501 ], [ -106.636241800552256, 35.128950799338277 ], [ -106.635878941014397, 35.128772676159954 ], [ -106.635735578432786, 35.128662927836672 ], [ -106.635501189493112, 35.128489659025874 ], [ -106.635253824297763, 35.128312411445648 ], [ -106.635144391723287, 35.12826729743054 ], [ -106.634906608800321, 35.128169268557137 ], [ -106.634347940496383, 35.127998675635475 ], [ -106.630473939406144, 35.127236675699969 ], [ -106.629924939832605, 35.127037676010318 ], [ -106.629902330450918, 35.127017159608364 ], [ -106.629535898532779, 35.12672689106315 ], [ -106.629302276835475, 35.126450025940322 ], [ -106.628898288795156, 35.125073345557446 ], [ -106.628729856773219, 35.1248029145979 ], [ -106.628716204866521, 35.124780996167331 ], [ -106.628568687004872, 35.12465196753628 ], [ -106.628380595775596, 35.124533500556844 ], [ -106.627941803247353, 35.124413137059655 ], [ -106.62791013905634, 35.124406922043413 ], [ -106.627719515965154, 35.124369507556899 ], [ -106.624926711041212, 35.123850733777616 ], [ -106.624634046114068, 35.123830964883133 ], [ -106.624169899118826, 35.123799611099287 ], [ -106.622085896219744, 35.123815583658676 ], [ -106.622137909335251, 35.123727240645849 ], [ -106.622183940047066, 35.123629878954731 ], [ -106.622692825503492, 35.122553486196878 ], [ -106.622831125283184, 35.122260950830977 ], [ -106.623184058797165, 35.121514406001346 ], [ -106.623602077552135, 35.120630168642613 ], [ -106.624884740886898, 35.117066132051328 ], [ -106.626374730462686, 35.112925610030594 ], [ -106.627831306042268, 35.109124717382201 ], [ -106.630588938901226, 35.109158673298914 ], [ -106.631575938590572, 35.10923267358465 ], [ -106.632882675875976, 35.109394241066227 ], [ -106.634246608557078, 35.109529277291898 ], [ -106.634835382009641, 35.109583808950944 ], [ -106.636214915690658, 35.109699033518353 ], [ -106.639682827932219, 35.110083620162271 ], [ -106.641338639500702, 35.110235915725049 ], [ -106.642029941000345, 35.110295673081708 ], [ -106.642025790594801, 35.110274509636795 ], [ -106.642037673170506, 35.110215369435331 ], [ -106.642685613891402, 35.106990481853977 ], [ -106.64295585567163, 35.105645369265069 ], [ -106.642961353833442, 35.105618000525659 ], [ -106.642982103721366, 35.105475868227145 ], [ -106.643012867925464, 35.105478018523165 ], [ -106.643079114681044, 35.105483086252988 ], [ -106.643610846977197, 35.105523765310643 ], [ -106.644108408130364, 35.105561778455794 ], [ -106.644956110608092, 35.105626538468513 ], [ -106.645121440966349, 35.10563767173268 ], [ -106.647390440959143, 35.105973672163302 ], [ -106.650329442575469, 35.106622672000221 ], [ -106.651151048060626, 35.106769901615777 ], [ -106.651783441986723, 35.106881672321883 ], [ -106.651856257088383, 35.106887020874431 ], [ -106.651906457553295, 35.106890197040599 ], [ -106.652203858263945, 35.106908565787734 ], [ -106.652692906416348, 35.106939959753319 ], [ -106.652800004408505, 35.106946308050979 ], [ -106.653179837954468, 35.106874267187031 ], [ -106.653657938924425, 35.10678358592444 ], [ -106.65407441673274, 35.106704591759737 ], [ -106.654598025931193, 35.106604963261759 ], [ -106.655345111684369, 35.106463120612283 ], [ -106.655702168940294, 35.106395265829597 ], [ -106.656651543021766, 35.106214755421576 ], [ -106.657076395581555, 35.106176551346223 ], [ -106.657397983110357, 35.10614763162004 ], [ -106.658016307458183, 35.106134533792982 ], [ -106.6581464916258, 35.106135024080224 ], [ -106.65850619427404, 35.106124560092333 ], [ -106.65860414102832, 35.106121710462858 ], [ -106.660274066849595, 35.106084438825533 ], [ -106.66041391104595, 35.106090254008926 ], [ -106.662562945325945, 35.106199671489691 ], [ -106.663169725483385, 35.106169973842626 ], [ -106.663197902969827, 35.106169777748846 ], [ -106.664120640606129, 35.106124248544731 ], [ -106.664311191213585, 35.106115020203795 ], [ -106.664462945586067, 35.106107671211824 ], [ -106.666296857817798, 35.105866142708543 ], [ -106.666615469782755, 35.105824850786128 ], [ -106.667632692384899, 35.105581264160435 ], [ -106.670168243383273, 35.104973267094522 ], [ -106.670433402425601, 35.104909888185745 ], [ -106.670625564475813, 35.10488471301904 ], [ -106.671056966256856, 35.107202988924527 ], [ -106.672210521470461, 35.109699143782002 ], [ -106.674644038704812, 35.109439228992471 ], [ -106.675519225808884, 35.109387245789172 ], [ -106.675519257611739, 35.109387243874657 ], [ -106.675884603690491, 35.109365541324962 ], [ -106.676542744123708, 35.109234050726869 ], [ -106.676935259864521, 35.109157096964999 ], [ -106.67748591348078, 35.109154916689505 ], [ -106.677750338361705, 35.109214075460166 ], [ -106.677750394373163, 35.109214087882826 ], [ -106.6781421050988, 35.109303108730792 ], [ -106.678801542560763, 35.109484327432511 ], [ -106.678982026486068, 35.109534318779026 ], [ -106.67898224852587, 35.109533985358681 ], [ -106.679254128522558, 35.109070936694522 ], [ -106.679340739396821, 35.108943403099616 ], [ -106.679456065235968, 35.108854447993295 ], [ -106.679934619785186, 35.108854834122866 ], [ -106.67989263660688, 35.10905383180922 ], [ -106.679962537246823, 35.109124942605334 ], [ -106.679864568121417, 35.10960245573159 ], [ -106.681235709760614, 35.109769600503753 ], [ -106.683776051752687, 35.109945792258657 ], [ -106.68377720281326, 35.109943365947672 ], [ -106.684076087301662, 35.109312198870107 ], [ -106.684538014540266, 35.109299244346644 ], [ -106.686597484435651, 35.109551512489048 ], [ -106.687412867662616, 35.109732984317539 ], [ -106.687660197528402, 35.109791612496103 ], [ -106.688825902081248, 35.109897650101942 ], [ -106.68972523397737, 35.109885921332328 ], [ -106.690624565542876, 35.109874185892679 ] ] ] } },
{ "type": "Feature", "properties": { "NAME": "TAYLOR", "ID": 457 }, "geometry": { "type": "MultiPolygon", "coordinates": [ [ [ [ -106.652088048071164, 35.187714889768031 ], [ -106.656110950732142, 35.19011368433496 ], [ -106.657457954815825, 35.191064556754938 ], [ -106.660790022314202, 35.19341655698112 ], [ -106.663095352887026, 35.195045284706566 ], [ -106.664394017310855, 35.196225087619808 ], [ -106.665429734886686, 35.19610900910407 ], [ -106.666001264644677, 35.196821711350729 ], [ -106.666350971246743, 35.197262130397192 ], [ -106.667863666506648, 35.198155035382186 ], [ -106.669521379668851, 35.198489130770604 ], [ -106.67135943203526, 35.199282959149976 ], [ -106.675763550271384, 35.201175595120283 ], [ -106.679177544199732, 35.201868367294978 ], [ -106.679203455445816, 35.201873486652261 ], [ -106.679136358534421, 35.201951321795327 ], [ -106.678417956866454, 35.202784684989837 ], [ -106.678138518343957, 35.203039292971994 ], [ -106.677791956065576, 35.203315685365489 ], [ -106.677742101548347, 35.203346622052337 ], [ -106.677434457998842, 35.203537528071905 ], [ -106.677099442657365, 35.203711328676121 ], [ -106.676421956186502, 35.204019685053126 ], [ -106.675998956302024, 35.204325684974052 ], [ -106.675657326134839, 35.204694970191561 ], [ -106.675504956349798, 35.204923685021718 ], [ -106.675133852987159, 35.205768699026997 ], [ -106.675104508783718, 35.206051694792293 ], [ -106.675124956502643, 35.206374685458677 ], [ -106.675201554828178, 35.206647706226455 ], [ -106.675343955795327, 35.206949686049057 ], [ -106.675548956823732, 35.207232685938827 ], [ -106.676387956321548, 35.20800266744839 ], [ -106.676561956142109, 35.208196685968424 ], [ -106.676636169007111, 35.208346895512967 ], [ -106.676682956718565, 35.208497685725575 ], [ -106.676716956886423, 35.213962686998265 ], [ -106.676308956977337, 35.213957686257132 ], [ -106.67535895640745, 35.213579686949046 ], [ -106.674727956595362, 35.213576686462545 ], [ -106.673767955973105, 35.213090686380866 ], [ -106.671890955953614, 35.211726687028523 ], [ -106.671059955935647, 35.210993686920986 ], [ -106.669845955314614, 35.211693686282544 ], [ -106.666164954423536, 35.211638687018556 ], [ -106.66566095425793, 35.211735687300937 ], [ -106.665006954662786, 35.212051686640791 ], [ -106.663510954674791, 35.213457686997415 ], [ -106.663328717928991, 35.213826024926334 ], [ -106.663227953823665, 35.21402968731023 ], [ -106.663092019919645, 35.215062344348425 ], [ -106.663085806962087, 35.215109546591385 ], [ -106.662988416082783, 35.214391920138482 ], [ -106.662934973168234, 35.21419453245003 ], [ -106.662688377668644, 35.21354454872678 ], [ -106.662654741549872, 35.213507212394887 ], [ -106.662427595551918, 35.213196548102488 ], [ -106.661984624172561, 35.212752822585223 ], [ -106.66186095365066, 35.212634020554908 ], [ -106.661262822227883, 35.212183144328044 ], [ -106.660606953298881, 35.211774020640213 ], [ -106.660432067101127, 35.211699507897336 ], [ -106.659941953317883, 35.21149068699183 ], [ -106.659722309523517, 35.211409091638181 ], [ -106.659647530703396, 35.211393578577116 ], [ -106.65951704634621, 35.211366510006698 ], [ -106.659402708212596, 35.211333352497839 ], [ -106.658714178295398, 35.211252118423964 ], [ -106.657993626361701, 35.211228279912575 ], [ -106.657923142671621, 35.211235612592802 ], [ -106.657164439222356, 35.211220743453907 ], [ -106.656539622979778, 35.211227223080066 ], [ -106.656098876681341, 35.21123499508527 ], [ -106.655710219966636, 35.211241847269633 ], [ -106.655626856425215, 35.211237431006332 ], [ -106.655135596412393, 35.211211406271154 ], [ -106.654894941947134, 35.211174912622923 ], [ -106.654634497909328, 35.21111815187183 ], [ -106.654343151731481, 35.211029243131733 ], [ -106.654064102402018, 35.210916853543807 ], [ -106.653751421865707, 35.210752714114967 ], [ -106.653553967044047, 35.210626191663863 ], [ -106.653276106585679, 35.21040388973875 ], [ -106.653101240324972, 35.210231693116448 ], [ -106.652893758248808, 35.209977001779109 ], [ -106.652753791110754, 35.209756485170708 ], [ -106.652641791399788, 35.209520098473817 ], [ -106.652433309749412, 35.20896867793504 ], [ -106.652061885250362, 35.207986270292949 ], [ -106.651567508559054, 35.206843157397209 ], [ -106.651449950816243, 35.206635687012309 ], [ -106.651343087466941, 35.206490424278165 ], [ -106.651255910278152, 35.206353402036449 ], [ -106.651018285576612, 35.206112498157573 ], [ -106.650907938576253, 35.206000706947421 ], [ -106.650575136717251, 35.205692856646856 ], [ -106.647175708933489, 35.203114631422977 ], [ -106.646292205012571, 35.202485356990209 ], [ -106.645747995916395, 35.201913947679493 ], [ -106.645515949230429, 35.20156168619507 ], [ -106.647651949821551, 35.200676686121099 ], [ -106.648129949955319, 35.200251686416607 ], [ -106.648827949644115, 35.199494686083227 ], [ -106.648932949717832, 35.199208685756751 ], [ -106.648961949866802, 35.198260686203056 ], [ -106.649151950076316, 35.197216685642076 ], [ -106.649973949827157, 35.196601685901243 ], [ -106.65014032232834, 35.196516437256498 ], [ -106.6502660494114, 35.196442639375036 ], [ -106.650457949658133, 35.196353685743695 ], [ -106.651574950386589, 35.196179685543576 ], [ -106.651851949719926, 35.195988685155179 ], [ -106.651951409538185, 35.195867567012904 ], [ -106.652342765071722, 35.195390986503405 ], [ -106.652425949978991, 35.195289685142463 ], [ -106.652505012099027, 35.195143161507453 ], [ -106.652649832347066, 35.194874766643785 ], [ -106.652759950518188, 35.194670684669639 ], [ -106.652909949767803, 35.193652684770676 ], [ -106.653079269678429, 35.192428079253574 ], [ -106.652539967488835, 35.190997741898826 ], [ -106.652097950007146, 35.190141684180034 ], [ -106.652020950191826, 35.189811684496512 ], [ -106.652046289386419, 35.187686135498716 ], [ -106.652046492970456, 35.187523043002052 ], [ -106.652046817330358, 35.187460043106469 ], [ -106.652088048071164, 35.187714889768031 ] ] ], [ [ [ -106.656412766790808, 35.174139752647093 ], [ -106.655704949625814, 35.175946682093617 ], [ -106.655181944809215, 35.176968785045496 ], [ -106.654589949751042, 35.17812568207777 ], [ -106.654569539298478, 35.178216499076953 ], [ -106.654153949416539, 35.180065683218174 ], [ -106.65357294989073, 35.181412683196257 ], [ -106.653538949366663, 35.181438683108176 ], [ -106.653039763211112, 35.182014503340298 ], [ -106.652726313215041, 35.182393227301382 ], [ -106.652708656350953, 35.182423654589137 ], [ -106.652095283657857, 35.183727349545528 ], [ -106.652086852756781, 35.183745525301823 ], [ -106.648314353119787, 35.187036138307391 ], [ -106.647376546091962, 35.18785449700993 ], [ -106.645095948335907, 35.191861684748282 ], [ -106.643309729595018, 35.193408740434101 ], [ -106.642405948297892, 35.197130686127146 ], [ -106.639605948176452, 35.201830686834413 ], [ -106.637797806021581, 35.203137522688387 ], [ -106.630577946717295, 35.206061687805452 ], [ -106.625810945470676, 35.207436688532297 ], [ -106.621805944411804, 35.208430689054076 ], [ -106.618896035431177, 35.211136171000213 ], [ -106.618378534366855, 35.211361662400222 ], [ -106.612405942508161, 35.213830690290756 ], [ -106.612371942854523, 35.213856690306692 ], [ -106.606732649532148, 35.216464899356794 ], [ -106.60571064348845, 35.216937537208423 ], [ -106.605680978401551, 35.216951255871784 ], [ -106.605582725231443, 35.217019070119974 ], [ -106.604994113404757, 35.21744059058161 ], [ -106.604993112749057, 35.217441859131171 ], [ -106.598727939756216, 35.217912691959626 ], [ -106.586216307757027, 35.217985933015534 ], [ -106.586398792187978, 35.217505654786038 ], [ -106.587156997820898, 35.215897564077082 ], [ -106.588173994987557, 35.214693988291735 ], [ -106.589671179916749, 35.214126725706571 ], [ -106.592110521564337, 35.210129860670129 ], [ -106.592642756038956, 35.209990294280374 ], [ -106.594035922702787, 35.209525097358593 ], [ -106.595995962122473, 35.207957242444188 ], [ -106.592081005206822, 35.207550092975211 ], [ -106.595430937902691, 35.202600689687557 ], [ -106.596351938536515, 35.202092689276512 ], [ -106.597395938418359, 35.201954689391975 ], [ -106.598181938630674, 35.200562689234886 ], [ -106.59973034816673, 35.197219127912447 ], [ -106.601253938377454, 35.193929687432657 ], [ -106.601268220501822, 35.193895970044245 ], [ -106.601759543077065, 35.192735993538385 ], [ -106.603729938340294, 35.188083686718073 ], [ -106.60471493872798, 35.184660686067247 ], [ -106.60522593915212, 35.181374685864618 ], [ -106.605293936535986, 35.178867090289714 ], [ -106.60538313157015, 35.174645706899206 ], [ -106.603561676935684, 35.174551241139717 ], [ -106.603107284742038, 35.174528457504593 ], [ -106.603071937705451, 35.1745266846372 ], [ -106.601871168949572, 35.174510950881334 ], [ -106.601318093803229, 35.174500318240518 ], [ -106.600139900769705, 35.174467069755345 ], [ -106.600010443502057, 35.174463043950468 ], [ -106.599773246967729, 35.174457787689029 ], [ -106.598472287509367, 35.174442689002731 ], [ -106.598357119325001, 35.174441539192593 ], [ -106.598313506775028, 35.174441103910176 ], [ -106.598219074487204, 35.174440567718754 ], [ -106.596489455113172, 35.17443857557398 ], [ -106.595709805395941, 35.174428594052969 ], [ -106.59567737584517, 35.174428177286984 ], [ -106.595644947403969, 35.174427763213473 ], [ -106.595292892613372, 35.174423416308791 ], [ -106.594948586203259, 35.174434825160809 ], [ -106.593455178362461, 35.17446816367319 ], [ -106.593158624257498, 35.174493891167884 ], [ -106.592944536472189, 35.174500772411569 ], [ -106.590988879561877, 35.174489107385824 ], [ -106.588836088734652, 35.174476230702204 ], [ -106.588338758799665, 35.174474136753403 ], [ -106.587771081212821, 35.174458917229465 ], [ -106.585584118900726, 35.174380529631641 ], [ -106.58476220194494, 35.174351058665287 ], [ -106.583729485741245, 35.174314021240136 ], [ -106.583572252981028, 35.174305600355723 ], [ -106.583572535456184, 35.174279070121841 ], [ -106.583932911341705, 35.172734819883829 ], [ -106.586838750264391, 35.160280457096164 ], [ -106.587392693780288, 35.158238371192205 ], [ -106.587633432782468, 35.157341683218178 ], [ -106.587663865818797, 35.157202719083443 ], [ -106.587744446256096, 35.156834771610292 ], [ -106.5884829440689, 35.153556067046978 ], [ -106.588577942186134, 35.1531479362677 ], [ -106.588760584758077, 35.152391950306743 ], [ -106.589147427386393, 35.150790695456749 ], [ -106.589696077944708, 35.148519566124556 ], [ -106.590064029324779, 35.146996365256641 ], [ -106.590365442046902, 35.145748568720165 ], [ -106.590450026602099, 35.145398395820884 ], [ -106.591348291202209, 35.144542057203751 ], [ -106.592319951359585, 35.143613621369461 ], [ -106.592536678562169, 35.143406530724299 ], [ -106.592568358236278, 35.143384144783333 ], [ -106.593090408949209, 35.143037352372559 ], [ -106.594239720442914, 35.142273861232127 ], [ -106.595021970837564, 35.141754195140372 ], [ -106.595055687434908, 35.14173370389932 ], [ -106.597273983700831, 35.140435588047936 ], [ -106.599773765702579, 35.138972651541543 ], [ -106.600581782646671, 35.138499757577591 ], [ -106.601487044987451, 35.137968504965308 ], [ -106.602538566510887, 35.137292392082486 ], [ -106.602897675093274, 35.137061613902716 ], [ -106.603017819610301, 35.136984402964181 ], [ -106.604508646318308, 35.136026296129295 ], [ -106.605166482103641, 35.13560346609664 ], [ -106.605389468095282, 35.13546013757334 ], [ -106.60541913394033, 35.135440990365694 ], [ -106.605836022961341, 35.135183647714364 ], [ -106.60647757210333, 35.134787617842044 ], [ -106.6074447195803, 35.134192198901381 ], [ -106.609495254717928, 35.132929744434634 ], [ -106.610048958330879, 35.132587476022437 ], [ -106.611055960194321, 35.131962679445941 ], [ -106.612600444197838, 35.131004366163268 ], [ -106.613928661103273, 35.130180207051446 ], [ -106.613928968591239, 35.130180016824021 ], [ -106.614086813467097, 35.130082071866688 ], [ -106.615233316913105, 35.129372463839715 ], [ -106.615670155068088, 35.129100924916784 ], [ -106.617111647650987, 35.128150692888354 ], [ -106.619948689758161, 35.126280399742903 ], [ -106.619953877914071, 35.126275654908092 ], [ -106.619988612937107, 35.12624320039999 ], [ -106.620067839059303, 35.126167060166594 ], [ -106.62017898260784, 35.126060243465908 ], [ -106.620283839814874, 35.12595946754395 ], [ -106.620391444309178, 35.125856050905057 ], [ -106.620535545440987, 35.125717558114751 ], [ -106.620669352967752, 35.125588958479618 ], [ -106.620807463242656, 35.125456222305878 ], [ -106.620931063159304, 35.125337431620373 ], [ -106.621095609769114, 35.125179286205437 ], [ -106.621220418184421, 35.125059333160465 ], [ -106.621354422381657, 35.124930541052365 ], [ -106.621469900634509, 35.12481955329595 ], [ -106.621580379606698, 35.124713371053197 ], [ -106.621640953871363, 35.12465515187148 ], [ -106.621656626714554, 35.124626986727613 ], [ -106.621757586895484, 35.124434337698077 ], [ -106.621933527106847, 35.124102750793817 ], [ -106.621933714215118, 35.124102396851733 ], [ -106.622183940047066, 35.123629878954731 ], [ -106.622137909335251, 35.123727240645849 ], [ -106.622085896219744, 35.123815583658676 ], [ -106.624169899118826, 35.123799611099287 ], [ -106.624634046114068, 35.123830964883133 ], [ -106.624926711041212, 35.123850733777616 ], [ -106.627719515965154, 35.124369507556899 ], [ -106.62791013905634, 35.124406922043413 ], [ -106.627941803247353, 35.124413137059655 ], [ -106.628380595775596, 35.124533500556844 ], [ -106.628568687004872, 35.12465196753628 ], [ -106.628716204866521, 35.124780996167331 ], [ -106.628729856773219, 35.1248029145979 ], [ -106.628898288795156, 35.125073345557446 ], [ -106.629302276835475, 35.126450025940322 ], [ -106.629535898532779, 35.12672689106315 ], [ -106.629902330450918, 35.127017159608364 ], [ -106.629924939832605, 35.127037676010318 ], [ -106.630473939406144, 35.127236675699969 ], [ -106.634347940496383, 35.127998675635475 ], [ -106.634906608800321, 35.128169268557137 ], [ -106.635144391723287, 35.12826729743054 ], [ -106.635253824297763, 35.128312411445648 ], [ -106.635501189493112, 35.128489659025874 ], [ -106.635735578432786, 35.128662927836672 ], [ -106.635878941014397, 35.128772676159954 ], [ -106.636241800552256, 35.128950799338277 ], [ -106.638120160913445, 35.129659444723501 ], [ -106.638332816938373, 35.129738995063903 ], [ -106.638878505349979, 35.129924679742842 ], [ -106.639081446878535, 35.129976635979446 ], [ -106.639460617118303, 35.130039885149436 ], [ -106.640542419873739, 35.130028865247077 ], [ -106.641678942220651, 35.130022676318887 ], [ -106.642875442292592, 35.130324675508298 ], [ -106.643163730187638, 35.130439182674273 ], [ -106.645112216858791, 35.131216519990794 ], [ -106.646980943569403, 35.131912176180037 ], [ -106.647007799571327, 35.131919792874598 ], [ -106.647564650236077, 35.132080283785321 ], [ -106.648938126362211, 35.13248975445854 ], [ -106.648980031832309, 35.132499531521681 ], [ -106.650244508198114, 35.132794546889734 ], [ -106.650693197356418, 35.132879376861197 ], [ -106.651792259956835, 35.133046128649511 ], [ -106.65226420213898, 35.133124528614275 ], [ -106.652678944728365, 35.133172675860749 ], [ -106.654052014625307, 35.133302043706671 ], [ -106.656081643851351, 35.133527044401596 ], [ -106.65739043889559, 35.133657611063015 ], [ -106.658385425231742, 35.133802957659348 ], [ -106.658430572702883, 35.133806546517818 ], [ -106.659473961961368, 35.13397680917106 ], [ -106.661547514738672, 35.134345589269905 ], [ -106.662591094134655, 35.134521987562351 ], [ -106.662788857240002, 35.134521314126296 ], [ -106.662945778313315, 35.134552062410329 ], [ -106.663106349787327, 35.134621156366237 ], [ -106.663260900543293, 35.13468766005154 ], [ -106.663490805072982, 35.134806171382813 ], [ -106.663828808159522, 35.13496357476329 ], [ -106.664062948404293, 35.1350546756019 ], [ -106.664633065011856, 35.135224156100982 ], [ -106.665226406227745, 35.135399529115134 ], [ -106.665392303434686, 35.135449185537574 ], [ -106.665488240820849, 35.135477901238488 ], [ -106.665992937807047, 35.135559886226098 ], [ -106.666253584109967, 35.135603114311273 ], [ -106.666373520584827, 35.135642538981294 ], [ -106.666633948492816, 35.135727675194524 ], [ -106.666748776029308, 35.135784747524198 ], [ -106.666987806665674, 35.135901558522377 ], [ -106.667038244082462, 35.135925433727238 ], [ -106.667612949081956, 35.136321675371448 ], [ -106.668872948581978, 35.136694675481429 ], [ -106.66910323697364, 35.136807035908774 ], [ -106.669127494617214, 35.136818903376515 ], [ -106.669585659566209, 35.137045828885867 ], [ -106.669683949823977, 35.137020675359807 ], [ -106.669745949754471, 35.136859675274572 ], [ -106.670724196360979, 35.137162526508533 ], [ -106.671900238900477, 35.137526598910078 ], [ -106.673140949608822, 35.137910675100102 ], [ -106.672969949588833, 35.138211675837823 ], [ -106.673827950017809, 35.138487675312682 ], [ -106.673845069115103, 35.13876416425498 ], [ -106.675380022172263, 35.139265362742144 ], [ -106.676559520393027, 35.139586447094814 ], [ -106.676600507539305, 35.139598936559892 ], [ -106.676550600062171, 35.139749145046167 ], [ -106.676890267363902, 35.139851487990086 ], [ -106.676988462337377, 35.139880593131288 ], [ -106.677619290426961, 35.140061596355331 ], [ -106.681050875817689, 35.141389066711383 ], [ -106.680594830928101, 35.14189793869074 ], [ -106.680478760680742, 35.142026632856734 ], [ -106.680043686699591, 35.142510556497058 ], [ -106.680027870479748, 35.142528301658345 ], [ -106.67922384947461, 35.143430387525662 ], [ -106.677460143382049, 35.145367800991089 ], [ -106.676956655014578, 35.145983645713585 ], [ -106.673257384166121, 35.152484819356935 ], [ -106.670332083872609, 35.157638432224573 ], [ -106.666868337505534, 35.16182845996849 ], [ -106.66391701070205, 35.16429351270353 ], [ -106.663276299267338, 35.164828628576224 ], [ -106.658497261843308, 35.168817932905483 ], [ -106.658474663566977, 35.168832375369604 ], [ -106.656412766790808, 35.174139752647093 ] ] ] ] } },
{ "type": "Feature", "properties": { "NAME": "HAYES", "ID": 416 }, "geometry": { "type": "Polygon", "coordinates": [ [ [ -106.586910799212845, 35.103952171065416 ], [ -106.584975427571877, 35.103784674805624 ], [ -106.58294164913768, 35.103243820557914 ], [ -106.580143751612496, 35.10219823704228 ], [ -106.577627736492943, 35.101180868420116 ], [ -106.572923412807626, 35.099303025077305 ], [ -106.568726993778498, 35.097410628024434 ], [ -106.550677510647375, 35.089982131323069 ], [ -106.543514472842588, 35.087270979608313 ], [ -106.532372015583846, 35.083154387377547 ], [ -106.532405980814801, 35.082311412893269 ], [ -106.532410193447021, 35.082206853815016 ], [ -106.532343650439429, 35.080057040608061 ], [ -106.532349601450292, 35.077543965708948 ], [ -106.532340927735476, 35.075697388523842 ], [ -106.532355845819552, 35.074654109029296 ], [ -106.532356146707528, 35.074599165310545 ], [ -106.532357059262935, 35.074432749363417 ], [ -106.532357423793712, 35.074366358768906 ], [ -106.532357545022265, 35.074344252910628 ], [ -106.532358411132407, 35.074186318892011 ], [ -106.532360531777087, 35.073799538467767 ], [ -106.532361851879656, 35.073558849437347 ], [ -106.532363121516127, 35.073327385145745 ], [ -106.532375872719925, 35.072963494107391 ], [ -106.532382640640705, 35.072770351543326 ], [ -106.532383348460598, 35.072750145490893 ], [ -106.532385388876165, 35.072620857069964 ], [ -106.532387025750936, 35.072576551046659 ], [ -106.532394436878121, 35.072375974440853 ], [ -106.532399214155333, 35.072246690456993 ], [ -106.532414583001938, 35.072065667794455 ], [ -106.53241747477027, 35.071929530792822 ], [ -106.532533234734075, 35.071943039095366 ], [ -106.533612578202138, 35.072107923707428 ], [ -106.535808251716446, 35.07231364161138 ], [ -106.540329004713726, 35.072812278295082 ], [ -106.541466485016187, 35.072906015237216 ], [ -106.542460517726525, 35.073048590481427 ], [ -106.543470506379109, 35.073125126765554 ], [ -106.544480277960034, 35.073241142660471 ], [ -106.54536383991254, 35.073363818252801 ], [ -106.545506426625352, 35.073383614927259 ], [ -106.546485235026751, 35.073485927877201 ], [ -106.54747777286542, 35.073589667722118 ], [ -106.549442486721716, 35.073785065802802 ], [ -106.550343092497315, 35.073856418683256 ], [ -106.550447919223757, 35.073867550781614 ], [ -106.552646467649467, 35.074147017560385 ], [ -106.553739367713419, 35.074259051935627 ], [ -106.554371641441435, 35.0743075419525 ], [ -106.554843575227025, 35.07437059730281 ], [ -106.555947334244038, 35.074482224785321 ], [ -106.557051057606458, 35.074583834313707 ], [ -106.558479064687702, 35.074762605382226 ], [ -106.559217883074169, 35.074840686015449 ], [ -106.560139516142954, 35.074970582067657 ], [ -106.560360079968717, 35.074961813680353 ], [ -106.560791852373498, 35.07501990406147 ], [ -106.561457380065178, 35.07507049217692 ], [ -106.561495144742608, 35.075076809064051 ], [ -106.561875679783071, 35.075140465662031 ], [ -106.562133228981338, 35.075169113110789 ], [ -106.56318608432143, 35.075322739659278 ], [ -106.56745174345734, 35.07577459310729 ], [ -106.56760186274407, 35.075777622013945 ], [ -106.568583856796863, 35.075883474707418 ], [ -106.57074564582544, 35.076124200168692 ], [ -106.571810376107223, 35.076232211156885 ], [ -106.572946380810535, 35.07634744291547 ], [ -106.573940572422273, 35.076431971453289 ], [ -106.574196893876646, 35.076458652991505 ], [ -106.575261261619971, 35.076590534059541 ], [ -106.57745093753762, 35.076799898986515 ], [ -106.577451034538669, 35.076843117290856 ], [ -106.577470756720345, 35.077891106288845 ], [ -106.577474131264495, 35.078735663277321 ], [ -106.577459470456688, 35.07884668303609 ], [ -106.57746742980963, 35.082717348895471 ], [ -106.577456808618166, 35.083703846644468 ], [ -106.577446849194686, 35.084991818208088 ], [ -106.577467958106041, 35.086792454585044 ], [ -106.577484647747283, 35.087351114663498 ], [ -106.577941009328754, 35.087340859588139 ], [ -106.577994121003684, 35.087340454521339 ], [ -106.578325787018954, 35.087331470019699 ], [ -106.578579554742234, 35.087346683446846 ], [ -106.579201967980723, 35.087329094566812 ], [ -106.579640403673196, 35.087346114734899 ], [ -106.580085747805455, 35.087326692098848 ], [ -106.580784943009206, 35.087330607541048 ], [ -106.580908857796985, 35.08733130072681 ], [ -106.58168994477154, 35.087375003968504 ], [ -106.581833087291784, 35.087376305283271 ], [ -106.583145676145008, 35.087388231203867 ], [ -106.58344443890303, 35.087390943755985 ], [ -106.583971010641463, 35.087395722830465 ], [ -106.585297320670833, 35.087398220644459 ], [ -106.586172163540212, 35.087423808548479 ], [ -106.586348987708888, 35.100090806353926 ], [ -106.586364784832597, 35.100879101632273 ], [ -106.586482427132424, 35.101942174639227 ], [ -106.586491294571474, 35.101977171488336 ], [ -106.58654154673016, 35.102113277653324 ], [ -106.586556756740634, 35.102154473312183 ], [ -106.586590963795729, 35.102247122563277 ], [ -106.586629708889106, 35.102352063137914 ], [ -106.586661767485523, 35.102438894041768 ], [ -106.586720737905679, 35.102598613816127 ], [ -106.586735679784056, 35.102634045400464 ], [ -106.586753427688492, 35.102676175098821 ], [ -106.586857080567938, 35.102830439489011 ], [ -106.587639550814217, 35.103961467795102 ], [ -106.587657526865968, 35.103987450791045 ], [ -106.586910799212845, 35.103952171065416 ] ] ] } },
{ "type": "Feature", "properties": { "NAME": "HARRISON", "ID": 415 }, "geometry": { "type": "Polygon", "coordinates": [ [ [ -106.671081406532707, 35.037854483549147 ], [ -106.672475441011855, 35.033554659494165 ], [ -106.67256002133513, 35.030901189071095 ], [ -106.672680438918547, 35.027254811628758 ], [ -106.672619726249607, 35.026717579964227 ], [ -106.6716872976736, 35.017734574877345 ], [ -106.67158048977187, 35.016656570163022 ], [ -106.671702328271436, 35.016654967781072 ], [ -106.684468942511472, 35.016481682069916 ], [ -106.684671038329938, 35.016352656925328 ], [ -106.686221965750931, 35.01645785886879 ], [ -106.686319195457344, 35.016464551595938 ], [ -106.692810186027074, 35.016453583510426 ], [ -106.695721390833427, 35.016404894599162 ], [ -106.697822946644436, 35.016369690182053 ], [ -106.697946188528007, 35.016278616841134 ], [ -106.7025939565046, 35.016240659468231 ], [ -106.702787582228638, 35.01609010263163 ], [ -106.702744366812851, 35.011886506860073 ], [ -106.702739946450663, 35.011439654954117 ], [ -106.703173946850853, 35.010009654593446 ], [ -106.706825947388936, 35.00516265332395 ], [ -106.707252188498089, 35.004466691979445 ], [ -106.711604110186684, 35.00450608005859 ], [ -106.712463617410052, 35.004604324103795 ], [ -106.712558436605121, 35.004571654393096 ], [ -106.712635333137527, 35.004546410657333 ], [ -106.713359985128051, 35.004616392046593 ], [ -106.713376025396428, 35.004551443516952 ], [ -106.713543809829602, 35.004579072792211 ], [ -106.713891006351801, 35.004635656433592 ], [ -106.714324268738267, 35.004545848574132 ], [ -106.717065982569437, 35.004509376204368 ], [ -106.717394260602205, 35.004571403439449 ], [ -106.744998815281491, 35.004558672648322 ], [ -106.745055955505634, 35.00455863975089 ], [ -106.745109125182296, 35.015186654281763 ], [ -106.745072746158726, 35.015186707122155 ], [ -106.739060161855789, 35.01519536379972 ], [ -106.73854079382987, 35.015195849053448 ], [ -106.736357760349293, 35.015197865464629 ], [ -106.732188015099396, 35.01520405303647 ], [ -106.731239507816284, 35.015205440432815 ], [ -106.730475518918226, 35.015206552549948 ], [ -106.730220899667032, 35.015469572465356 ], [ -106.730220954432525, 35.016010704566199 ], [ -106.730220983173268, 35.016285529993759 ], [ -106.730221122632244, 35.01765365413894 ], [ -106.730292859006923, 35.017655151560859 ], [ -106.730990954011929, 35.020734654344473 ], [ -106.731603226365692, 35.0218280621717 ], [ -106.731683181852674, 35.021966341553082 ], [ -106.731477710668983, 35.022455089873723 ], [ -106.731425603781005, 35.022615811358357 ], [ -106.731356744021284, 35.022836992539247 ], [ -106.731309455996296, 35.022993761785159 ], [ -106.731272953372724, 35.023103654719968 ], [ -106.731259218474349, 35.023203379943205 ], [ -106.731253310130356, 35.023246274075412 ], [ -106.731192957556317, 35.023648314543124 ], [ -106.731188641680177, 35.023806648638896 ], [ -106.73116599104317, 35.024603485958643 ], [ -106.731164362927785, 35.02466077293105 ], [ -106.731170425979457, 35.025694963130753 ], [ -106.731184745575987, 35.028256795471727 ], [ -106.731154814036501, 35.028549633082058 ], [ -106.731135507613487, 35.028738561591695 ], [ -106.731071698907272, 35.029089402600952 ], [ -106.731043679081296, 35.029203042457524 ], [ -106.730983233354578, 35.029448239870192 ], [ -106.730935914130725, 35.029575732277756 ], [ -106.730925296447722, 35.029599616129985 ], [ -106.730870216576463, 35.029723514501534 ], [ -106.730749237509912, 35.029987062841258 ], [ -106.730601629180768, 35.030279522621633 ], [ -106.73046696323091, 35.03049189950076 ], [ -106.730224014644463, 35.030870102555831 ], [ -106.730203461112254, 35.030902098220132 ], [ -106.730098786583198, 35.031034954646181 ], [ -106.729867229704965, 35.031328852597035 ], [ -106.729796603856514, 35.031425471607356 ], [ -106.729448984594626, 35.031880008601625 ], [ -106.729319634208977, 35.032077975900656 ], [ -106.729100953733266, 35.03241265664974 ], [ -106.728863290606839, 35.032838864825152 ], [ -106.72877529295873, 35.032996672437534 ], [ -106.728608400295656, 35.033332861594033 ], [ -106.728594492429636, 35.033360878774005 ], [ -106.728394386586544, 35.03383995168852 ], [ -106.728349006028395, 35.033948596712108 ], [ -106.728296448284581, 35.034095893872149 ], [ -106.728247759583695, 35.034232348347302 ], [ -106.728210293899835, 35.03435473819728 ], [ -106.728157836372858, 35.034526100212666 ], [ -106.728044903808467, 35.034924776781601 ], [ -106.727918855121942, 35.035515601914398 ], [ -106.727915829446673, 35.035539387974957 ], [ -106.727884958496773, 35.035782084606566 ], [ -106.727859954319328, 35.035978656673073 ], [ -106.727861709775524, 35.036433262933734 ], [ -106.727866568563243, 35.036911478730516 ], [ -106.727869530550265, 35.03720299840797 ], [ -106.72787150933641, 35.037397736969481 ], [ -106.727872820023777, 35.037526665456568 ], [ -106.727895960132955, 35.038074965982304 ], [ -106.727902093654066, 35.038220306321229 ], [ -106.727902136644332, 35.038378659742726 ], [ -106.727901339842134, 35.038498572922158 ], [ -106.727896610018988, 35.038537470500629 ], [ -106.727826826384415, 35.039036251167005 ], [ -106.727574811208399, 35.040837483732645 ], [ -106.727324154008471, 35.041793810618231 ], [ -106.727214129864635, 35.042213576754961 ], [ -106.727201900098081, 35.042243244921288 ], [ -106.727128017674559, 35.0424224818534 ], [ -106.726970827855325, 35.042803817505082 ], [ -106.726624293083972, 35.043644481380923 ], [ -106.726465500110294, 35.043921540327496 ], [ -106.726396164862152, 35.043918622338836 ], [ -106.726223716519968, 35.043917888558425 ], [ -106.71767559697922, 35.043927892849673 ], [ -106.715055197862412, 35.043930591326117 ], [ -106.711926277467768, 35.043876670276127 ], [ -106.711980011782543, 35.04377532940223 ], [ -106.710267065225565, 35.04356208151944 ], [ -106.710270383768432, 35.043540303244292 ], [ -106.710286174194394, 35.043494939703749 ], [ -106.710481941509627, 35.04293253215905 ], [ -106.710668424007366, 35.042385861997261 ], [ -106.710751613072674, 35.042125588323671 ], [ -106.710878477775211, 35.041704350303725 ], [ -106.710832997432874, 35.041701539228214 ], [ -106.709542842226796, 35.041621793794782 ], [ -106.706428174193803, 35.041428948544244 ], [ -106.70630184425201, 35.043793973108485 ], [ -106.706278107214501, 35.044232279743106 ], [ -106.70579024424579, 35.044187749717274 ], [ -106.705611722025481, 35.04417877374236 ], [ -106.705102030973293, 35.043925020723663 ], [ -106.704867799751838, 35.043872028902676 ], [ -106.70485711440584, 35.043957185477026 ], [ -106.70480090836881, 35.044121848159428 ], [ -106.704493514313512, 35.045022395789623 ], [ -106.704271540563653, 35.045010986219424 ], [ -106.704221960842133, 35.045357014135703 ], [ -106.703792457952048, 35.045494208642609 ], [ -106.702292778876966, 35.045315811233117 ], [ -106.699471602373578, 35.044977149314811 ], [ -106.69826244837752, 35.044239660033305 ], [ -106.698258331796907, 35.044148240388118 ], [ -106.698253304187091, 35.044004416961023 ], [ -106.698249263594221, 35.043768577189169 ], [ -106.698227704618745, 35.042510199133282 ], [ -106.698127194948128, 35.042321766340784 ], [ -106.697600116741924, 35.041687901843801 ], [ -106.697513580995945, 35.0415838331012 ], [ -106.697435447366885, 35.041483660061701 ], [ -106.696934447407912, 35.04119065942519 ], [ -106.696777514955116, 35.040954264759364 ], [ -106.696742947664859, 35.040902659153979 ], [ -106.696435957347077, 35.040709788059246 ], [ -106.694160176022763, 35.04083044756716 ], [ -106.694162951920873, 35.040957753073982 ], [ -106.691864405759461, 35.041047711350195 ], [ -106.691553840712857, 35.041008187081005 ], [ -106.691554931582772, 35.040831404401743 ], [ -106.691556911951537, 35.040510492391547 ], [ -106.691200145320536, 35.040489726112703 ], [ -106.69108945563795, 35.040056407988949 ], [ -106.69067218636367, 35.040104481814872 ], [ -106.690348642463306, 35.038950127907597 ], [ -106.689911652688821, 35.038915782684775 ], [ -106.690021558674275, 35.039281453961067 ], [ -106.687837067874739, 35.03991537259833 ], [ -106.687396726604419, 35.039998879040205 ], [ -106.687207139271351, 35.040598457262561 ], [ -106.68708700406053, 35.040562408058939 ], [ -106.686915803603526, 35.040511034835447 ], [ -106.686886892679013, 35.040450527558519 ], [ -106.686721029530517, 35.040103396868808 ], [ -106.685917434750905, 35.040303415813256 ], [ -106.686016816766852, 35.040549825847783 ], [ -106.686030192798, 35.040581103471162 ], [ -106.685640578993386, 35.040557861606267 ], [ -106.685598458147041, 35.040451528013719 ], [ -106.68549953781779, 35.04020180581346 ], [ -106.685244022449865, 35.04026833173041 ], [ -106.685176205848251, 35.040053429207383 ], [ -106.684827312032354, 35.040113058520447 ], [ -106.68418300189586, 35.040116025701707 ], [ -106.684190671683041, 35.039936718813919 ], [ -106.684007477270782, 35.039972278718885 ], [ -106.683920968032396, 35.039949443169618 ], [ -106.683902886108456, 35.040335447627776 ], [ -106.681595976576006, 35.039767397048642 ], [ -106.680283762720279, 35.039745675483353 ], [ -106.680276289365224, 35.040003591400158 ], [ -106.680027169155807, 35.039993763437913 ], [ -106.680007020390292, 35.040276012264528 ], [ -106.679998530763584, 35.040394939388271 ], [ -106.679495412824664, 35.040384929373552 ], [ -106.679496153196496, 35.038351236622475 ], [ -106.678754899305716, 35.038603437110304 ], [ -106.678595232026836, 35.038650735561795 ], [ -106.677612230327796, 35.038941928012044 ], [ -106.676911554492463, 35.039149481815791 ], [ -106.676374077633454, 35.039300436114935 ], [ -106.676348446732391, 35.039307680160618 ], [ -106.676287541995279, 35.039324524273866 ], [ -106.676132409599475, 35.039357898546477 ], [ -106.675851402802849, 35.03941835168991 ], [ -106.675654184000265, 35.03942474724262 ], [ -106.67531189891551, 35.039435846448221 ], [ -106.674783671334211, 35.039255176588533 ], [ -106.674727841146236, 35.039209133474287 ], [ -106.674480860749952, 35.039007834666904 ], [ -106.67440184326253, 35.038943432260872 ], [ -106.674086903234311, 35.038820263634264 ], [ -106.674036473062941, 35.038801625522964 ], [ -106.673817578486165, 35.038763130837644 ], [ -106.6736100862515, 35.038726962280279 ], [ -106.67353496001104, 35.038657756263568 ], [ -106.673169519039647, 35.03861435948577 ], [ -106.673038689306523, 35.038575422810979 ], [ -106.671081406532707, 35.037854483549147 ] ], [ [ -106.716086645406193, 35.012537884879173 ], [ -106.715882037754241, 35.014252610127706 ], [ -106.715789930449773, 35.015092669439525 ], [ -106.715638496942688, 35.016130894516806 ], [ -106.718762281381586, 35.01610458894401 ], [ -106.718662128842823, 35.015924743016384 ], [ -106.718652416806464, 35.015888166778218 ], [ -106.718528617876572, 35.015421915092247 ], [ -106.718508415524525, 35.014494458970944 ], [ -106.718498665524365, 35.014347237506307 ], [ -106.718478027822684, 35.014269645462242 ], [ -106.718473773167105, 35.013940309402244 ], [ -106.717061221803149, 35.01394411894865 ], [ -106.717051696157796, 35.012506778901766 ], [ -106.716086645406193, 35.012537884879173 ] ] ] } },
{ "type": "Feature", "properties": { "NAME": "TRES VOLCANES CCS", "ID": 497 }, "geometry": { "type": "Polygon", "coordinates": [ [ [ -106.990940147394056, 35.277066666177696 ], [ -106.990935175635784, 35.277066672290537 ], [ -106.864938562739866, 35.275699244060803 ], [ -106.865234095854802, 35.268676936232637 ], [ -106.864887981121484, 35.268334354728815 ], [ -106.86512652847037, 35.264545386092649 ], [ -106.863317575001687, 35.257479912119607 ], [ -106.86499400226613, 35.252055841864092 ], [ -106.866128659569696, 35.245664084545865 ], [ -106.859503787852063, 35.237545980768004 ], [ -106.858848329821939, 35.234656514763948 ], [ -106.858800307375915, 35.22753879800149 ], [ -106.857948424373433, 35.225119072101812 ], [ -106.858395731067461, 35.218020734591668 ], [ -106.858590580044464, 35.217922670061171 ], [ -106.858609168968172, 35.217598646246849 ], [ -106.859014312971183, 35.210462704379317 ], [ -106.859016983159734, 35.210459926277082 ], [ -106.859017154266638, 35.210459747835628 ], [ -106.862322541037045, 35.207019458773026 ], [ -106.862726682122386, 35.206598788679209 ], [ -106.862733249275863, 35.206591982134633 ], [ -106.862746435454426, 35.206578403036019 ], [ -106.862748572217285, 35.206561376914046 ], [ -106.862748610516192, 35.206561065728422 ], [ -106.862818624041481, 35.20600205288919 ], [ -106.862819513258202, 35.205995568941297 ], [ -106.862820403573053, 35.205989084987849 ], [ -106.862822034733568, 35.205976103414571 ], [ -106.862912926596408, 35.205255000403064 ], [ -106.863599443247793, 35.199808009506363 ], [ -106.863812334796179, 35.198160225158624 ], [ -106.866862766991673, 35.187333550105734 ], [ -106.866872997014951, 35.187317672526888 ], [ -106.868006997138977, 35.183271671146791 ], [ -106.868025313338975, 35.182627260770921 ], [ -106.868026185410756, 35.182623237751493 ], [ -106.86802840656658, 35.182611631339185 ], [ -106.868028535725799, 35.18260751746061 ], [ -106.868063990679502, 35.181476666210159 ], [ -106.868066679228903, 35.181390910372059 ], [ -106.868076311832269, 35.180886687476026 ], [ -106.868078008837259, 35.18088025162718 ], [ -106.868078778360669, 35.180877333380188 ], [ -106.868181581507187, 35.177129175014507 ], [ -106.868206976904659, 35.176235611444866 ], [ -106.868207151241791, 35.176196862599141 ], [ -106.868210479610696, 35.175973922040477 ], [ -106.868218577919592, 35.175686409347747 ], [ -106.868516380890355, 35.165112143562382 ], [ -106.868592239276211, 35.162418283356821 ], [ -106.868659865108611, 35.160121663804652 ], [ -106.868631575241224, 35.156092666170025 ], [ -106.868631284393018, 35.15609266855656 ], [ -106.868630994642359, 35.156092670937483 ], [ -106.868366106011948, 35.156094921010968 ], [ -106.864282874890009, 35.156129530376013 ], [ -106.863493369117052, 35.15613615480067 ], [ -106.863335058776556, 35.156137482762247 ], [ -106.863055895696561, 35.155932900196177 ], [ -106.862597658672087, 35.15291668498309 ], [ -106.862220863193571, 35.150436662265463 ], [ -106.862695298925033, 35.145926659748028 ], [ -106.862666979915829, 35.14556117388657 ], [ -106.862863333595442, 35.144960998269632 ], [ -106.862864995609314, 35.144957985382 ], [ -106.864087863140441, 35.14274466108845 ], [ -106.864089325368539, 35.142738000187464 ], [ -106.864090588193363, 35.142732259760528 ], [ -106.864090993583787, 35.142730418778982 ], [ -106.864955695960987, 35.138804003889348 ], [ -106.86495683160426, 35.138803401376116 ], [ -106.864957270990672, 35.138803167477491 ], [ -106.868659973370995, 35.136836753734478 ], [ -106.869077596374495, 35.136766752842753 ], [ -106.869076940626812, 35.136744491637948 ], [ -106.869076938990418, 35.13674442043289 ], [ -106.869076940639118, 35.136744348309641 ], [ -106.869080518394469, 35.136639744586766 ], [ -106.869083589926035, 35.136638012562493 ], [ -106.869083996403859, 35.136637783324268 ], [ -106.870638757974206, 35.13576088212217 ], [ -106.870636290224013, 35.13575266104823 ], [ -106.870633878768729, 35.135744628085931 ], [ -106.870633766180006, 35.135744251862469 ], [ -106.870136863625333, 35.134088659682405 ], [ -106.870147234035329, 35.13406879485958 ], [ -106.870147265405052, 35.134068735204281 ], [ -106.870147296774775, 35.134068675548988 ], [ -106.871725863545777, 35.131044658661494 ], [ -106.871725146272695, 35.13104167227737 ], [ -106.871724794949742, 35.131040202935843 ], [ -106.871724783621175, 35.131040156119283 ], [ -106.870644693511025, 35.126507419746112 ], [ -106.873145595287468, 35.124907861935995 ], [ -106.873110226794694, 35.124910522723717 ], [ -106.873110056826178, 35.124910535316218 ], [ -106.873109887954811, 35.124910547903099 ], [ -106.871436429045104, 35.125036396797299 ], [ -106.869352003363375, 35.125193119774082 ], [ -106.867346827378981, 35.125343564694248 ], [ -106.851409858262286, 35.125180669708413 ], [ -106.851409422652026, 35.12518066646129 ], [ -106.851408988172054, 35.125180667715732 ], [ -106.834166597735063, 35.125233479044304 ], [ -106.834166165447968, 35.125233480226356 ], [ -106.834165734258022, 35.125233481403122 ], [ -106.834060527403111, 35.125233796418485 ], [ -106.833329539978337, 35.125235980801151 ], [ -106.83084785793389, 35.125243363240308 ], [ -106.830847342262359, 35.125243364810139 ], [ -106.830846826590872, 35.125243366379983 ], [ -106.820131142403127, 35.125274661137908 ], [ -106.820131542705127, 35.12517717754482 ], [ -106.820131561671758, 35.12517265673452 ], [ -106.820130981229639, 35.125172653154785 ], [ -106.820118781011459, 35.125172583439884 ], [ -106.813370669200708, 35.125133616854328 ], [ -106.810609789079876, 35.125117566835577 ], [ -106.810609040753604, 35.125117561282423 ], [ -106.810608293536859, 35.125117557527041 ], [ -106.79786697049623, 35.125042667034876 ], [ -106.797739852559104, 35.125042006592615 ], [ -106.796466948070758, 35.125034358745246 ], [ -106.796360122965865, 35.125033723449491 ], [ -106.796359977031088, 35.125033722304458 ], [ -106.796357157122188, 35.125033705268351 ], [ -106.79635137027843, 35.125033670957272 ], [ -106.796351407324707, 35.125173615022284 ], [ -106.79635140648638, 35.125173653788025 ], [ -106.796351193742879, 35.125197658321746 ], [ -106.796350976504073, 35.125197659301001 ], [ -106.780901133520715, 35.125170662246035 ], [ -106.780903789737707, 35.125137675865524 ], [ -106.780900325243408, 35.125104437749421 ], [ -106.780900322695587, 35.12510421420297 ], [ -106.780900322028742, 35.125104111441537 ], [ -106.780898553143473, 35.124911664939546 ], [ -106.780898262394814, 35.124911666213087 ], [ -106.780897972743347, 35.124911667481804 ], [ -106.763164663744689, 35.124988353579234 ], [ -106.750330857380291, 35.125042271260625 ], [ -106.745360695060256, 35.125062787041955 ], [ -106.725521504329294, 35.12540155956799 ], [ -106.727029381675223, 35.123827780683115 ], [ -106.727667355287124, 35.122692909357731 ], [ -106.727904434011862, 35.121415024060326 ], [ -106.727854582140608, 35.119644779694191 ], [ -106.727995591641928, 35.117915272233695 ], [ -106.728560704612462, 35.116690293778461 ], [ -106.72875461821252, 35.116472167880033 ], [ -106.728948661103956, 35.11627631047147 ], [ -106.729198918622927, 35.116114937998937 ], [ -106.729393164005018, 35.115953787439359 ], [ -106.729701287278672, 35.115753690631927 ], [ -106.729947931312125, 35.115470354482511 ], [ -106.730314701244069, 35.115171452603498 ], [ -106.73044753734753, 35.115055923339433 ], [ -106.730668794998962, 35.114734281125315 ], [ -106.730887906560184, 35.114344739289386 ], [ -106.73102760757584, 35.114045258335651 ], [ -106.731178355239209, 35.11359786106523 ], [ -106.731194542666358, 35.112589909796327 ], [ -106.715390265423508, 35.112512300074769 ], [ -106.714139158688567, 35.112489960471947 ], [ -106.713426360688857, 35.112485181164686 ], [ -106.712547653218451, 35.112479283825145 ], [ -106.711990287734039, 35.112475539926542 ], [ -106.711294213886958, 35.112489979816594 ], [ -106.711292614852908, 35.11248986330461 ], [ -106.711199113678333, 35.112483060676077 ], [ -106.709993572198044, 35.112497766232281 ], [ -106.709610455108233, 35.112502436655227 ], [ -106.708409590256565, 35.112475140955254 ], [ -106.708398331077817, 35.112475082569226 ], [ -106.707503205651463, 35.112456424614656 ], [ -106.707497370951941, 35.112456303304697 ], [ -106.707491537339337, 35.112456180187436 ], [ -106.707293697338656, 35.112469341390245 ], [ -106.707077902215786, 35.112484875873719 ], [ -106.70627003652811, 35.112470437483921 ], [ -106.704922634219642, 35.11244285820375 ], [ -106.703767314423146, 35.112429337842869 ], [ -106.702187954745483, 35.11244267004502 ], [ -106.702238693973399, 35.112214194611568 ], [ -106.702238828849502, 35.112213588335706 ], [ -106.702238963725605, 35.112212982059852 ], [ -106.703302954490908, 35.107421668669396 ], [ -106.705254954523895, 35.104601668843493 ], [ -106.705272353494735, 35.104559954785366 ], [ -106.705272434684915, 35.104559760669041 ], [ -106.705569202028201, 35.104011348544766 ], [ -106.705800497353749, 35.103383731748423 ], [ -106.70633019851951, 35.102080833305692 ], [ -106.706357918477309, 35.102016734217386 ], [ -106.70684766355869, 35.100884249357819 ], [ -106.706951397614375, 35.100568584774834 ], [ -106.707010404282642, 35.100393921171531 ], [ -106.707634098308574, 35.098896481045976 ], [ -106.70769873058245, 35.098741299591808 ], [ -106.708287512114367, 35.097400327757256 ], [ -106.708643904423255, 35.096565780343397 ], [ -106.70872538275303, 35.096363875545258 ], [ -106.708736447638771, 35.096337082266139 ], [ -106.709534954984463, 35.094357667143647 ], [ -106.710126330067766, 35.092652002344025 ], [ -106.710219896823276, 35.092286253487217 ], [ -106.710511457244763, 35.091062121163652 ], [ -106.710705886431953, 35.088704796527189 ], [ -106.71082230313165, 35.087414131260957 ], [ -106.710819636938311, 35.087325588277864 ], [ -106.710786820072158, 35.086235866104687 ], [ -106.710677115564337, 35.084486036326638 ], [ -106.710738447174975, 35.083135029024177 ], [ -106.710727075225563, 35.081295595459451 ], [ -106.710669843669024, 35.080666425593066 ], [ -106.710537038176653, 35.079996759162256 ], [ -106.72284502035393, 35.077127178123831 ], [ -106.723812846461115, 35.079928273519691 ], [ -106.724750564956025, 35.082529128249561 ], [ -106.726084763780889, 35.084441513185112 ], [ -106.727951502432163, 35.087104280184853 ], [ -106.72839630592091, 35.087746500428082 ], [ -106.72890659011658, 35.088668470491683 ], [ -106.729272632444818, 35.089237061425443 ], [ -106.729539048137269, 35.090090713070239 ], [ -106.729656487275946, 35.090820085515659 ], [ -106.729827712004905, 35.091813990667127 ], [ -106.729914872868335, 35.092822538651347 ], [ -106.729917326603456, 35.09391504280898 ], [ -106.729928535722038, 35.095803144294358 ], [ -106.729927731099181, 35.096334425250255 ], [ -106.729904360939457, 35.096862790949622 ], [ -106.729893987292186, 35.098063962470199 ], [ -106.729894902355213, 35.098096395664143 ], [ -106.729894241690275, 35.098156979213194 ], [ -106.729889293843982, 35.098402186428544 ], [ -106.729953602883356, 35.104175329564278 ], [ -106.73055599196077, 35.104154339246037 ], [ -106.731054454788975, 35.104089777631785 ], [ -106.731537011869477, 35.103913930364385 ], [ -106.731607523977075, 35.103874594168694 ], [ -106.731950951774351, 35.103684450119701 ], [ -106.732273115842148, 35.103440366842044 ], [ -106.732425964853221, 35.10327578453245 ], [ -106.732553297052476, 35.103139685667088 ], [ -106.732628335154146, 35.102822171208011 ], [ -106.732978987242589, 35.102636169185082 ], [ -106.73519798842598, 35.100376981232756 ], [ -106.737503539455858, 35.098073494833265 ], [ -106.738347520982899, 35.097138030904858 ], [ -106.738413146038766, 35.097075457574377 ], [ -106.738524882882217, 35.096951518042907 ], [ -106.738820588284298, 35.09665815337793 ], [ -106.738985009294964, 35.096491726693969 ], [ -106.739399285190061, 35.096071806722392 ], [ -106.740084968090358, 35.095431742093261 ], [ -106.740322348044145, 35.095266843196676 ], [ -106.740778530650132, 35.095072282362246 ], [ -106.741236524502483, 35.094899369771561 ], [ -106.741680312277268, 35.094767821929835 ], [ -106.742500164209559, 35.094685095032865 ], [ -106.743923752080875, 35.09468727039603 ], [ -106.744576302171922, 35.09469071683796 ], [ -106.745404091376486, 35.094620554610877 ], [ -106.746082609001945, 35.094460365058296 ], [ -106.74647900709752, 35.094292025175676 ], [ -106.747052381786844, 35.093973651781432 ], [ -106.747971175061508, 35.093504312724079 ], [ -106.748019780566537, 35.09348026258025 ], [ -106.74854598949365, 35.093281450122284 ], [ -106.749127300711692, 35.093196534619096 ], [ -106.748956886357561, 35.092708054297958 ], [ -106.748281297196797, 35.090770205977215 ], [ -106.747712920235003, 35.088921712766037 ], [ -106.746681970445451, 35.085912081731848 ], [ -106.75244433500761, 35.083030111216985 ], [ -106.787532558856171, 35.065350590417772 ], [ -106.793468055609779, 35.062401790676951 ], [ -106.795059861580228, 35.061851777666227 ], [ -106.796630566402996, 35.061407641256579 ], [ -106.798389770132829, 35.061076561435904 ], [ -106.804295183142528, 35.060145770764152 ], [ -106.860110770189166, 35.05160997711355 ], [ -106.861015152000434, 35.051465938010537 ], [ -106.862715669247734, 35.051170991794336 ], [ -106.872851989216713, 35.048890112434862 ], [ -106.896119399961492, 35.04361843318857 ], [ -106.903570801191805, 35.041928044195679 ], [ -106.90874660490995, 35.04074805742458 ], [ -106.916860483387012, 35.038924460570819 ], [ -106.920954581826038, 35.037940915931713 ], [ -106.938450548317036, 35.034060679894267 ], [ -106.938587964920757, 35.034030192084458 ], [ -106.939586539800203, 35.033759419357608 ], [ -106.941765260824383, 35.033267142065952 ], [ -106.941392827722538, 35.032792282478766 ], [ -106.941309396594306, 35.032680796398232 ], [ -106.941305193454809, 35.032675179994705 ], [ -106.941303791302417, 35.032673306664506 ], [ -106.941298188210922, 35.032665817819471 ], [ -106.934371099847553, 35.023409177247359 ], [ -106.927373726475807, 35.014057333459036 ], [ -106.927370134839819, 35.013861336813719 ], [ -106.927364298331938, 35.013667489126981 ], [ -106.927309289513161, 35.011613840104481 ], [ -106.927153959184949, 35.005673775767093 ], [ -106.927151596155937, 35.005583385112374 ], [ -106.927110865833725, 35.00402559612877 ], [ -106.926910074848251, 34.996335938421467 ], [ -106.926897363406496, 34.995846135605106 ], [ -106.929653636955265, 34.988173517734971 ], [ -106.929656436885509, 34.98816572251625 ], [ -106.929657370550657, 34.988163122906066 ], [ -106.92966110524047, 34.988152728070929 ], [ -106.931463133839529, 34.98313583306534 ], [ -106.93207502387834, 34.981432942224117 ], [ -106.932496322039626, 34.980258451435049 ], [ -106.932626029935577, 34.979897295503896 ], [ -106.933186559439633, 34.97833511220302 ], [ -106.933992362908683, 34.976085131729626 ], [ -106.936363088470713, 34.964456316285094 ], [ -106.936365917577817, 34.964454289146317 ], [ -106.936366247397672, 34.964454052002139 ], [ -106.936392648723, 34.964435129954381 ], [ -106.940324713144747, 34.961616914882633 ], [ -106.942883832044117, 34.95978222491447 ], [ -106.944074438011114, 34.958928701793745 ], [ -106.94529529992397, 34.958053479655483 ], [ -106.947606435977505, 34.956396633103282 ], [ -106.947613656990725, 34.956391456027461 ], [ -106.963158625902565, 34.956367563145122 ], [ -107.065946492340743, 34.95714642369061 ], [ -107.065953872706629, 34.957146475971939 ], [ -107.065961254185225, 34.957146530048234 ], [ -107.065976382852469, 34.957146638446872 ], [ -107.065983947181635, 34.957146692194797 ], [ -107.065991512614602, 34.957146746836266 ], [ -107.066113193483716, 34.957147618578908 ], [ -107.073886596485039, 34.973005201897166 ], [ -107.075567076976455, 34.976432454650137 ], [ -107.076532815962523, 34.978402030891658 ], [ -107.196450942885193, 35.219341652021456 ], [ -107.196451281910313, 35.21946565490331 ], [ -107.196608447171727, 35.276830681053326 ], [ -107.196608512940188, 35.276854658445224 ], [ -107.018412264803814, 35.277029997239779 ], [ -106.99094760558512, 35.277066657455336 ], [ -106.990940147394056, 35.277066666177696 ] ] ] } },
{ "type": "Feature", "properties": { "NAME": "CORRALES", "ID": 351 }, "geometry": { "type": "MultiPolygon", "coordinates": [ [ [ [ -106.657312048845142, 35.218144561409481 ], [ -106.6619649233904, 35.218173882497361 ], [ -106.658295968246776, 35.231279549875119 ], [ -106.657516035540397, 35.231294683662732 ], [ -106.655490487920829, 35.231333964489309 ], [ -106.654866835460666, 35.231498507146071 ], [ -106.654454174470871, 35.231607379698112 ], [ -106.653814829796445, 35.231742771099704 ], [ -106.654245478449596, 35.230202342655403 ], [ -106.654247427468135, 35.228397486259119 ], [ -106.654757327059329, 35.228395785095771 ], [ -106.654756894904608, 35.228098395960409 ], [ -106.65475599336618, 35.227477972923879 ], [ -106.654248435650459, 35.227477791262743 ], [ -106.654259310595435, 35.22334685986057 ], [ -106.654262563015237, 35.222111426070541 ], [ -106.654262645253894, 35.222080162293658 ], [ -106.657312048845142, 35.218144561409481 ] ] ], [ [ [ -106.652086852756781, 35.183745525301823 ], [ -106.652046817330358, 35.187460043106469 ], [ -106.652088048071164, 35.187714889768031 ], [ -106.652046289386419, 35.187686135498716 ], [ -106.652020950191826, 35.189811684496512 ], [ -106.652097950007146, 35.190141684180034 ], [ -106.652539967488835, 35.190997741898826 ], [ -106.653079269678429, 35.192428079253574 ], [ -106.652909949767803, 35.193652684770676 ], [ -106.652759950518188, 35.194670684669639 ], [ -106.652649832347066, 35.194874766643785 ], [ -106.652505012099027, 35.195143161507453 ], [ -106.652425949978991, 35.195289685142463 ], [ -106.652342765071722, 35.195390986503405 ], [ -106.651951409538185, 35.195867567012904 ], [ -106.651851949719926, 35.195988685155179 ], [ -106.651574950386589, 35.196179685543576 ], [ -106.650457949658133, 35.196353685743695 ], [ -106.6502660494114, 35.196442639375036 ], [ -106.65014032232834, 35.196516437256498 ], [ -106.649973949827157, 35.196601685901243 ], [ -106.649151950076316, 35.197216685642076 ], [ -106.648961949866802, 35.198260686203056 ], [ -106.648932949717832, 35.199208685756751 ], [ -106.648827949644115, 35.199494686083227 ], [ -106.648129949955319, 35.200251686416607 ], [ -106.647651949821551, 35.200676686121099 ], [ -106.645515949230429, 35.20156168619507 ], [ -106.645747995916395, 35.201913947679493 ], [ -106.646292205012571, 35.202485356990209 ], [ -106.647175708933489, 35.203114631422977 ], [ -106.650575136717251, 35.205692856646856 ], [ -106.650907938576253, 35.206000706947421 ], [ -106.651018285576612, 35.206112498157573 ], [ -106.651255910278152, 35.206353402036449 ], [ -106.651343087466941, 35.206490424278165 ], [ -106.651449950816243, 35.206635687012309 ], [ -106.651567508559054, 35.206843157397209 ], [ -106.652061885250362, 35.207986270292949 ], [ -106.652433309749412, 35.20896867793504 ], [ -106.652641791399788, 35.209520098473817 ], [ -106.652753791110754, 35.209756485170708 ], [ -106.652893758248808, 35.209977001779109 ], [ -106.653101240324972, 35.210231693116448 ], [ -106.653276106585679, 35.21040388973875 ], [ -106.653553967044047, 35.210626191663863 ], [ -106.653751421865707, 35.210752714114967 ], [ -106.654064102402018, 35.210916853543807 ], [ -106.654343151731481, 35.211029243131733 ], [ -106.654634497909328, 35.21111815187183 ], [ -106.654894941947134, 35.211174912622923 ], [ -106.655135596412393, 35.211211406271154 ], [ -106.655626856425215, 35.211237431006332 ], [ -106.655710219966636, 35.211241847269633 ], [ -106.656098876681341, 35.21123499508527 ], [ -106.656539622979778, 35.211227223080066 ], [ -106.657164439222356, 35.211220743453907 ], [ -106.657923142671621, 35.211235612592802 ], [ -106.657993626361701, 35.211228279912575 ], [ -106.657986654264107, 35.211283668615202 ], [ -106.65769495292696, 35.21322668798156 ], [ -106.65809186876308, 35.213377836503312 ], [ -106.658574888792046, 35.213561800151773 ], [ -106.659028186702187, 35.213733821819673 ], [ -106.659273410977164, 35.213827413834714 ], [ -106.659502444951642, 35.213914351638252 ], [ -106.659851487762026, 35.214047277824015 ], [ -106.660002579066216, 35.214105116086891 ], [ -106.660362548128887, 35.214242171117455 ], [ -106.660784280602769, 35.214402991871033 ], [ -106.660895927796957, 35.214447855984261 ], [ -106.660848516487349, 35.217336815500403 ], [ -106.660843410857382, 35.217647877871116 ], [ -106.660844149092128, 35.217706532544732 ], [ -106.66084445312282, 35.217730681817493 ], [ -106.660848174156769, 35.217838701485014 ], [ -106.660718204264526, 35.217839570656672 ], [ -106.660688959949738, 35.217839304783496 ], [ -106.658798342920051, 35.217811779806496 ], [ -106.658716392476975, 35.217810586256618 ], [ -106.657574447286748, 35.217793946433886 ], [ -106.65721486293161, 35.217788703984382 ], [ -106.654017062751279, 35.221910409348162 ], [ -106.650176314521445, 35.226910507691279 ], [ -106.644416955038565, 35.234564365393972 ], [ -106.643670305641663, 35.235556493976759 ], [ -106.640112759758594, 35.240283279170995 ], [ -106.638837131116304, 35.241977414469631 ], [ -106.635006880412732, 35.247373663495964 ], [ -106.634248085397616, 35.24954126819533 ], [ -106.633104951508827, 35.252806567275748 ], [ -106.632920349640784, 35.253232298935409 ], [ -106.632882699011972, 35.253328311205628 ], [ -106.632532004107262, 35.254311317315796 ], [ -106.632433069125142, 35.254529081753105 ], [ -106.631410373482339, 35.256780063929384 ], [ -106.631401693135373, 35.256799168225598 ], [ -106.631268530943757, 35.257092252023419 ], [ -106.628789842518245, 35.262552047504641 ], [ -106.627293580840004, 35.265847478204606 ], [ -106.615487301428502, 35.265931416804776 ], [ -106.608042797771688, 35.265953675025273 ], [ -106.607456963290801, 35.266096932292939 ], [ -106.607817182480673, 35.267552314826062 ], [ -106.60756390526717, 35.268554600461236 ], [ -106.607359641821759, 35.269318591575193 ], [ -106.605368822099578, 35.272568772334836 ], [ -106.603981094275511, 35.274837945808208 ], [ -106.60001302018037, 35.281141564344267 ], [ -106.599998216935447, 35.28116507850892 ], [ -106.597004011570334, 35.28083738745233 ], [ -106.596973943333481, 35.27840060590183 ], [ -106.596971943816541, 35.278240052213526 ], [ -106.596971943791814, 35.271657012147251 ], [ -106.596921079425414, 35.271496183747722 ], [ -106.594771943638463, 35.264755698702928 ], [ -106.594785162447778, 35.264686964048195 ], [ -106.595068264596222, 35.263214848341853 ], [ -106.595271768512205, 35.26215660392986 ], [ -106.594847177343709, 35.260858188968236 ], [ -106.591601941785186, 35.250943696482317 ], [ -106.587695391598501, 35.241672022603211 ], [ -106.586173511580057, 35.238059426999421 ], [ -106.586197683270996, 35.238026602686332 ], [ -106.586683383376155, 35.237367024377058 ], [ -106.591952703709055, 35.230210512121239 ], [ -106.591987084643591, 35.230163812656777 ], [ -106.592284253825554, 35.229760468003448 ], [ -106.594341788189212, 35.228919527818164 ], [ -106.596064581625768, 35.227064824089602 ], [ -106.596097737852659, 35.227029128050241 ], [ -106.601113232861408, 35.221628982442731 ], [ -106.602232369506055, 35.220422203871827 ], [ -106.60454008259974, 35.217933621638473 ], [ -106.604977246466092, 35.217461976114457 ], [ -106.604993112749057, 35.217441859131171 ], [ -106.604994113404757, 35.21744059058161 ], [ -106.605582725231443, 35.217019070119974 ], [ -106.605680978401551, 35.216951255871784 ], [ -106.60571064348845, 35.216937537208423 ], [ -106.606732649532148, 35.216464899356794 ], [ -106.612371942854523, 35.213856690306692 ], [ -106.612405942508161, 35.213830690290756 ], [ -106.618378534366855, 35.211361662400222 ], [ -106.618896035431177, 35.211136171000213 ], [ -106.621805944411804, 35.208430689054076 ], [ -106.625810945470676, 35.207436688532297 ], [ -106.630577946717295, 35.206061687805452 ], [ -106.637797806021581, 35.203137522688387 ], [ -106.639605948176452, 35.201830686834413 ], [ -106.642405948297892, 35.197130686127146 ], [ -106.643309729595018, 35.193408740434101 ], [ -106.645095948335907, 35.191861684748282 ], [ -106.647376546091962, 35.18785449700993 ], [ -106.648314353119787, 35.187036138307391 ], [ -106.652086852756781, 35.183745525301823 ] ] ] ] } }
]
}
